source,supplierName,sourceUrl,externalId,name,brand,category,unit,currency,price,quantity,isRegulated,notes
"allfordent","ТОО AllForDent","https://a4d.kz/content/kanalorasshiriteli-ruchnye-kmiz","7273","Каналорасширители ручные КМИЗ","","Стоматологические материалы","piece","KZT","","","false","Публичная карточка каталога AllForDent; цена и наличие требуют подтверждения поставщиком."
"allfordent","ТОО AllForDent","https://a4d.kz/content/kanalorasshiriteli-kmiz","7272","Каналорасширители КМИЗ","","Стоматологические материалы","piece","KZT","","","false","Публичная карточка каталога AllForDent; цена и наличие требуют подтверждения поставщиком."
"allfordent","ТОО AllForDent","https://a4d.kz/content/kanalonapolniteli-kmiz","7271","Каналонаполнители КМИЗ","","Стоматологические материалы","piece","KZT","","","false","Публичная карточка каталога AllForDent; цена и наличие требуют подтверждения поставщиком."
"allfordent","ТОО AllForDent","https://a4d.kz/content/igly-kornevye-kmiz-no1-no2-no3-assorti","7270","Иглы корневые КМИЗ №1, №2, №3, ассорти","","Стоматологические материалы","piece","KZT","","","false","Публичная карточка каталога AllForDent; цена и наличие требуют подтверждения поставщиком."
"allfordent","ТОО AllForDent","https://a4d.kz/content/burav-napilnik-kornevoy-ruchnoy-tip-k-i-h","7278","Бурав (напильник) корневой ручной Тип К и H","","Стоматологические материалы","piece","KZT","","","false","Публичная карточка каталога AllForDent; цена и наличие требуют подтверждения поставщиком."
"allfordent","ТОО AllForDent","https://a4d.kz/content/palitra-1","5128","Палитра 1","","Стоматологические материалы","piece","KZT","","","false","Публичная карточка каталога AllForDent; цена и наличие требуют подтверждения поставщиком."
"allfordent","ТОО AllForDent","https://a4d.kz/content/palitra-12","5127","Палитра 12","","Стоматологические материалы","piece","KZT","","","false","Публичная карточка каталога AllForDent; цена и наличие требуют подтверждения поставщиком."
"allfordent","ТОО AllForDent","https://a4d.kz/content/adgeziv-7-go-pokoleniya","7080","Адгезив 7-го поколения","","Стоматологические материалы","piece","KZT","","","false","Публичная карточка каталога AllForDent; цена и наличие требуют подтверждения поставщиком."
"allfordent","ТОО AllForDent","https://a4d.kz/content/pylesosy-vzroslyy","5065","Пылесосы взрослый","","Стоматологические материалы","piece","KZT","","","false","Публичная карточка каталога AllForDent; цена и наличие требуют подтверждения поставщиком."
"allfordent","ТОО AllForDent","https://a4d.kz/content/pylesosy-detskiy","5066","Пылесосы детский","","Стоматологические материалы","piece","KZT","","","false","Публичная карточка каталога AllForDent; цена и наличие требуют подтверждения поставщиком."
"allfordent","ТОО AllForDent","https://a4d.kz/content/pistolet-aktivator-dlya-kapsul-0","5040","Пистолет активатор для капсул","","Стоматологические материалы","piece","KZT","","","false","Публичная карточка каталога AllForDent; цена и наличие требуют подтверждения поставщиком."
"allfordent","ТОО AllForDent","https://a4d.kz/content/3d-retraktor","1378","3D ретрактор","","Стоматологические материалы","piece","KZT","","","false","Публичная карточка каталога AllForDent; цена и наличие требуют подтверждения поставщиком."
"allfordent","ТОО AllForDent","https://a4d.kz/content/ottyagivayushiy-retraktor","1379","Оттягиваюший ретрактор","","Стоматологические материалы","piece","KZT","","","false","Публичная карточка каталога AllForDent; цена и наличие требуют подтверждения поставщиком."
"allfordent","ТОО AllForDent","https://a4d.kz/content/retraktor-ottyagivayushchiy-vzroslyy","1383","Ретрактор оттягивающий взрослый","","Стоматологические материалы","piece","KZT","","","false","Публичная карточка каталога AllForDent; цена и наличие требуют подтверждения поставщиком."
"allfordent","ТОО AllForDent","https://a4d.kz/content/retraktor-dvuhstoronniy","1382","Ретрактор двухсторонний","","Стоматологические материалы","piece","KZT","","","false","Публичная карточка каталога AllForDent; цена и наличие требуют подтверждения поставщиком."
"allfordent","ТОО AllForDent","https://a4d.kz/content/shchechnyy-retraktor-malyy","1374","Щечный ретрактор малый","","Стоматологические материалы","piece","KZT","","","false","Публичная карточка каталога AllForDent; цена и наличие требуют подтверждения поставщиком."
"allfordent","ТОО AllForDent","https://a4d.kz/content/shchechnyy-retraktor-podrostkovyy-0","1373","Щечный ретрактор подростковый","","Стоматологические материалы","piece","KZT","","","false","Публичная карточка каталога AllForDent; цена и наличие требуют подтверждения поставщиком."
"allfordent","ТОО AllForDent","https://a4d.kz/content/shchechnyy-retraktor-vzroslyy-0","1372","Щечный ретрактор взрослый","","Стоматологические материалы","piece","KZT","","","false","Публичная карточка каталога AllForDent; цена и наличие требуют подтверждения поставщиком."
"allfordent","ТОО AllForDent","https://a4d.kz/content/retraktor-dlya-gub-i-yazyka-s-zerkalom","1381","Ретрактор для губ и языка с зеркалом","","Стоматологические материалы","piece","KZT","","","false","Публичная карточка каталога AllForDent; цена и наличие требуют подтверждения поставщиком."
"allfordent","ТОО AllForDent","https://a4d.kz/content/retraktor-ts","1385","Ретрактор TS","","Стоматологические материалы","piece","KZT","","","false","Публичная карточка каталога AllForDent; цена и наличие требуют подтверждения поставщиком."
"allfordent","ТОО AllForDent","https://a4d.kz/content/retraktor-ottyagivayushchiy-vzroslyy-ili-detskiy-3","1384","Ретрактор оттягивающий взрослый или детский","","Стоматологические материалы","piece","KZT","","","false","Публичная карточка каталога AllForDent; цена и наличие требуют подтверждения поставщиком."
"allfordent","ТОО AllForDent","https://a4d.kz/content/avtoklaviruemyy-retraktor-suhoe-pole","1368","Автоклавируемый ретрактор сухое поле","","Стоматологические материалы","piece","KZT","","","false","Публичная карточка каталога AllForDent; цена и наличие требуют подтверждения поставщиком."
"allfordent","ТОО AllForDent","https://a4d.kz/content/avtoklaviruemyy-gubnoy-kolcevoy-retraktor-detskiy","1367","Автоклавируемый губной кольцевой ретрактор детский","","Стоматологические материалы","piece","KZT","","","false","Публичная карточка каталога AllForDent; цена и наличие требуют подтверждения поставщиком."
"allfordent","ТОО AllForDent","https://a4d.kz/content/avtoklaviruemyy-gubnoy-kolcevoy-retraktor-vzroslyy","1366","Автоклавируемый губной кольцевой ретрактор взрослый","","Стоматологические материалы","piece","KZT","","","false","Публичная карточка каталога AllForDent; цена и наличие требуют подтверждения поставщиком."
"allfordent","ТОО AllForDent","https://a4d.kz/content/gubnoy-kolcevoy-retraktor-vzroslyy-detskiy","1377","Губной кольцевой ретрактор взрослый, детский","","Стоматологические материалы","piece","KZT","","","false","Публичная карточка каталога AllForDent; цена и наличие требуют подтверждения поставщиком."
"allfordent","ТОО AllForDent","https://a4d.kz/content/gubnoy-retraktor","1376","Губной ретрактор","","Стоматологические материалы","piece","KZT","","","false","Публичная карточка каталога AllForDent; цена и наличие требуют подтверждения поставщиком."
"allfordent","ТОО AllForDent","https://a4d.kz/content/retraktor-1","7046","Ретрактор","","Стоматологические материалы","piece","KZT","","","false","Публичная карточка каталога AllForDent; цена и наличие требуют подтверждения поставщиком."
"allfordent","ТОО AllForDent","https://a4d.kz/content/retraktor-dlya-gub-i-yazyka-vzroslyy-podrostkovyy-ili-detskiy","1388","Ретрактор для губ и языка взрослый, подростковый или детский","","Стоматологические материалы","piece","KZT","","","false","Публичная карточка каталога AllForDent; цена и наличие требуют подтверждения поставщиком."
"allfordent","ТОО AllForDent","https://a4d.kz/content/retraktor-ottyagivayushchiy-vzroslyy-ili-detskiy-2","1387","Ретрактор оттягивающий взрослый или детский","","Стоматологические материалы","piece","KZT","","","false","Публичная карточка каталога AllForDent; цена и наличие требуют подтверждения поставщиком."
"allfordent","ТОО AllForDent","https://a4d.kz/content/stul-doktora-25-02","1769","Стул доктора 25-02","","Стоматологические материалы","piece","KZT","","","false","Публичная карточка каталога AllForDent; цена и наличие требуют подтверждения поставщиком."
"allfordent","ТОО AllForDent","https://a4d.kz/content/stul-doktora-25-01","1768","Стул доктора 25-01","","Стоматологические материалы","piece","KZT","","","false","Публичная карточка каталога AllForDent; цена и наличие требуют подтверждения поставщиком."
"allfordent","ТОО AllForDent","https://a4d.kz/content/nakleyka-s-indikatorom","7068","Наклейка с индикатором","","Стоматологические материалы","piece","KZT","","","false","Публичная карточка каталога AllForDent; цена и наличие требуют подтверждения поставщиком."
"allfordent","ТОО AllForDent","https://a4d.kz/content/dispenser-dlya-valikov-2","1005","Диспенсер для валиков","","Стоматологические материалы","piece","KZT","","","false","Публичная карточка каталога AllForDent; цена и наличие требуют подтверждения поставщиком."
"allfordent","ТОО AllForDent","https://a4d.kz/content/konteyner-dlya-borov-0","7049","Контейнер для боров","","Стоматологические материалы","piece","KZT","","","false","Публичная карточка каталога AllForDent; цена и наличие требуют подтверждения поставщиком."
"allfordent","ТОО AllForDent","https://a4d.kz/content/konteyner-dlya-melkih-instrumentov","7051","Контейнер для мелких инструментов","","Стоматологические материалы","piece","KZT","","","false","Публичная карточка каталога AllForDent; цена и наличие требуют подтверждения поставщиком."
"allfordent","ТОО AllForDent","https://a4d.kz/content/instrument-dlya-polirovki-kompozitnyh-plomb","7098","Инструмент для полировки композитных пломб","","Стоматологические материалы","piece","KZT","","","false","Публичная карточка каталога AllForDent; цена и наличие требуют подтверждения поставщиком."
"allfordent","ТОО AllForDent","https://a4d.kz/content/konteyner-dlya-borov-1","7047","Контейнер для боров","","Стоматологические материалы","piece","KZT","","","false","Публичная карточка каталога AllForDent; цена и наличие требуют подтверждения поставщиком."
"allfordent","ТОО AllForDent","https://a4d.kz/content/boks-64-dlya-borov","1341","Бокс 64 для боров","","Стоматологические материалы","piece","KZT","","","false","Публичная карточка каталога AllForDent; цена и наличие требуют подтверждения поставщиком."
"allfordent","ТОО AllForDent","https://a4d.kz/content/boks-1-dlya-borov-faylov-metallicheskiy-70-yacheek","5082","Бокс 1 для боров файлов металлический 70 ячеек","","Стоматологические материалы","piece","KZT","","","false","Публичная карточка каталога AllForDent; цена и наличие требуют подтверждения поставщиком."
"allfordent","ТОО AllForDent","https://a4d.kz/content/butyl-steklyannaya-s-pipetkoy","1412","Бутыль стеклянная с пипеткой","","Стоматологические материалы","piece","KZT","","","false","Публичная карточка каталога AllForDent; цена и наличие требуют подтверждения поставщиком."
"allfordent","ТОО AllForDent","https://a4d.kz/content/konteyner-24-dlya-hraneniyasterilizacii-borov-metallicheskiy","1335","Контейнер 24 для хранения,стерилизации боров металлический","","Стоматологические материалы","piece","KZT","","","false","Публичная карточка каталога AllForDent; цена и наличие требуют подтверждения поставщиком."
"allfordent","ТОО AllForDent","https://a4d.kz/content/podstavka-dlya-emkosti-5-yacheek","1410","Подставка для емкости 5 ячеек","","Стоматологические материалы","piece","KZT","","","false","Публичная карточка каталога AllForDent; цена и наличие требуют подтверждения поставщиком."
"allfordent","ТОО AllForDent","https://a4d.kz/content/prophy-paste-ring","1494","Prophy paste ring","","Стоматологические материалы","piece","KZT","","","false","Публичная карточка каталога AllForDent; цена и наличие требуют подтверждения поставщиком."
"allfordent","ТОО AllForDent","https://a4d.kz/content/emkost-s-kranom-dlya-stomatologicheskih-rastvorov","1408","Емкость с краном для стоматологических растворов","","Стоматологические материалы","piece","KZT","","","false","Публичная карточка каталога AllForDent; цена и наличие требуют подтверждения поставщиком."
"allfordent","ТОО AllForDent","https://a4d.kz/content/boks-18-i-boks-30-dlya-borov","1345","Бокс 18 и бокс 30 для боров","","Стоматологические материалы","piece","KZT","","","false","Публичная карточка каталога AllForDent; цена и наличие требуют подтверждения поставщиком."
"allfordent","ТОО AllForDent","https://a4d.kz/content/boks-24-dlya-borov","1344","Бокс 24 для боров","","Стоматологические материалы","piece","KZT","","","false","Публичная карточка каталога AllForDent; цена и наличие требуют подтверждения поставщиком."
"allfordent","ТОО AllForDent","https://a4d.kz/content/boks-168-dlya-borov-shchetok-polir","1340","Бокс 168 для боров, щеток, полир","","Стоматологические материалы","piece","KZT","","","false","Публичная карточка каталога AllForDent; цена и наличие требуют подтверждения поставщиком."
"allfordent","ТОО AllForDent","https://a4d.kz/content/boks-60-dlya-borov","1342","Бокс 60 для боров","","Стоматологические материалы","piece","KZT","","","false","Публичная карточка каталога AllForDent; цена и наличие требуют подтверждения поставщиком."
"allfordent","ТОО AllForDent","https://a4d.kz/content/konteyner-72-dlya-hraneniya-i-sterilizacii-borov-metalicheskiy","1331","Контейнер 72 для хранения и стерилизации боров металический","","Стоматологические материалы","piece","KZT","","","false","Публичная карточка каталога AllForDent; цена и наличие требуют подтверждения поставщиком."
"allfordent","ТОО AllForDent","https://a4d.kz/content/latelux-5-g","1481","LATELUX 5 г","","Стоматологические материалы","piece","KZT","","","false","Публичная карточка каталога AllForDent; цена и наличие требуют подтверждения поставщиком."
"allfordent","ТОО AllForDent","https://a4d.kz/content/konteyner-16-konteyner-30-dlya-hraneniya-i-sterilizacii-borov-metalicheskiy","1333","Контейнер 16 Контейнер 30 для хранения и стерилизации боров металический","","Стоматологические материалы","piece","KZT","","","false","Публичная карточка каталога AllForDent; цена и наличие требуют подтверждения поставщиком."
"allfordent","ТОО AllForDent","https://a4d.kz/content/konteyner-14-magnitnyy-dlya-borov-i-shtiftov","1338","Контейнер 14 магнитный для боров и штифтов","","Стоматологические материалы","piece","KZT","","","false","Публичная карточка каталога AllForDent; цена и наличие требуют подтверждения поставщиком."
"allfordent","ТОО AllForDent","https://a4d.kz/content/konteyner-8-magnitnyy-dlya-borov-i-shtiftov","1337","Контейнер 8 магнитный для боров и штифтов","","Стоматологические материалы","piece","KZT","","","false","Публичная карточка каталога AllForDent; цена и наличие требуют подтверждения поставщиком."
"allfordent","ТОО AllForDent","https://a4d.kz/content/bulk-flo-fotopolimernyy-usile-nnyy-napolnitelem-kompozit-dlya-restavraciy","1459","Bulk-Flo фотополимерный, усиле нный наполнителем композит для реставраций","","Стоматологические материалы","piece","KZT","","","false","Публичная карточка каталога AllForDent; цена и наличие требуют подтверждения поставщиком."
"allfordent","ТОО AllForDent","https://a4d.kz/content/kasseta-dlya-sterilizacii-instrumentov-metal-6-instr","1417","Кассета для стерилизации инструментов метал-6 инстр","","Стоматологические материалы","piece","KZT","","","false","Публичная карточка каталога AllForDent; цена и наличие требуют подтверждения поставщиком."
"allfordent","ТОО AllForDent","https://a4d.kz/content/any-com-flow-kit-zhidkotekuchiy-nano-gibridnyy-usilennyy-napolnitelem-kompozit","1456","Any-Com Flow Kit жидкотекучий , нано гибридный усиленный наполнителем композит","","Стоматологические материалы","piece","KZT","","","false","Публичная карточка каталога AllForDent; цена и наличие требуют подтверждения поставщиком."
"allfordent","ТОО AllForDent","https://a4d.kz/content/matricy-konturnye-metalicheskie-poni-1343bolshie-12sht","3005","Матрицы контурные металические ПОНИ 1.343большие 12шт","","Стоматологические материалы","piece","KZT","","","false","Публичная карточка каталога AllForDent; цена и наличие требуют подтверждения поставщиком."
"allfordent","ТОО AllForDent","https://a4d.kz/content/instrument-dlya-chistki","5106","Инструмент для чистки","","Стоматологические материалы","piece","KZT","","","false","Публичная карточка каталога AllForDent; цена и наличие требуют подтверждения поставщиком."
"allfordent","ТОО AllForDent","https://a4d.kz/content/dispenser-dlya-materialov-no3","7105","Диспенсер для материалов №3","","Стоматологические материалы","piece","KZT","","","false","Публичная карточка каталога AllForDent; цена и наличие требуют подтверждения поставщиком."
"allfordent","ТОО AllForDent","https://a4d.kz/content/5113","5113","5113","","Стоматологические материалы","piece","KZT","","","false","Публичная карточка каталога AllForDent; цена и наличие требуют подтверждения поставщиком."
"allfordent","ТОО AllForDent","https://a4d.kz/content/dispenser-dlya-materialov-no1","7103","Диспенсер для материалов №1","","Стоматологические материалы","piece","KZT","","","false","Публичная карточка каталога AllForDent; цена и наличие требуют подтверждения поставщиком."
"allfordent","ТОО AllForDent","https://a4d.kz/content/lampa-nagrevatel-kompozitnyh-materialov","1591","Лампа нагреватель композитных материалов","","Стоматологические материалы","piece","KZT","","","false","Публичная карточка каталога AllForDent; цена и наличие требуют подтверждения поставщиком."
"allfordent","ТОО AllForDent","https://a4d.kz/content/nasadki-dlya-protravki-zhidkotekuchih-i-prokladochnyh","1504","Насадки для протравки жидкотекучих и прокладочных","","Стоматологические материалы","piece","KZT","","","false","Публичная карточка каталога AllForDent; цена и наличие требуют подтверждения поставщиком."
"allfordent","ТОО AllForDent","https://a4d.kz/content/gel-travilnyy-37","1490","Гель травильный 37%","","Стоматологические материалы","piece","KZT","","","false","Публичная карточка каталога AllForDent; цена и наличие требуют подтверждения поставщиком."
"allfordent","ТОО AllForDent","https://a4d.kz/content/zerkalo-s-ruchkoy","1973","Зеркало с ручкой","","Стоматологические материалы","piece","KZT","","","false","Публичная карточка каталога AllForDent; цена и наличие требуют подтверждения поставщиком."
"allfordent","ТОО AllForDent","https://a4d.kz/content/lotok","7010","Лоток","","Стоматологические материалы","piece","KZT","","","false","Публичная карточка каталога AllForDent; цена и наличие требуют подтверждения поставщиком."
"allfordent","ТОО AllForDent","https://a4d.kz/content/lotok-dlya-instrumentov-avtoklaviruemyy","1440","Лоток для инструментов автоклавируемый","","Стоматологические материалы","piece","KZT","","","false","Публичная карточка каталога AllForDent; цена и наличие требуют подтверждения поставщиком."
"allfordent","ТОО AllForDent","https://a4d.kz/content/sterilizacionnye-pakety-v-200-sht-57-x-130mm","1398","Стерилизационные пакеты в уп 200 шт 57 x 130мм","","Стоматологические материалы","piece","KZT","","","false","Публичная карточка каталога AllForDent; цена и наличие требуют подтверждения поставщиком."
"allfordent","ТОО AllForDent","https://a4d.kz/content/barrier-film","5122","Barrier Film","","Стоматологические материалы","piece","KZT","","","false","Публичная карточка каталога AllForDent; цена и наличие требуют подтверждения поставщиком."
"allfordent","ТОО AllForDent","https://a4d.kz/content/barrier-film-dispenser","5123","Barrier Film Dispenser","","Стоматологические материалы","piece","KZT","","","false","Публичная карточка каталога AllForDent; цена и наличие требуют подтверждения поставщиком."
"allfordent","ТОО AllForDent","https://a4d.kz/content/kasseta-dlya-sterilizacii-na-8-instrumentov-plastik","1442","Кассета для стерилизации на 8 инструментов пластик","","Стоматологические материалы","piece","KZT","","","false","Публичная карточка каталога AllForDent; цена и наличие требуют подтверждения поставщиком."
"allfordent","ТОО AllForDent","https://a4d.kz/content/upakovochnaya-mashina-dlya-zapechatyvaniya-instrumentov-0","1623","Упаковочная машина для запечатывания инструментов","","Стоматологические материалы","piece","KZT","","","false","Публичная карточка каталога AllForDent; цена и наличие требуют подтверждения поставщиком."
"allfordent","ТОО AllForDent","https://a4d.kz/content/matricy-konturnye-lavsanovye-sekcionnye-1923-shirokie","1173","Матрицы контурные лавсановые (секционные) 1.923-широкие","","Стоматологические материалы","piece","KZT","","","false","Публичная карточка каталога AllForDent; цена и наличие требуют подтверждения поставщиком."
"allfordent","ТОО AllForDent","https://a4d.kz/content/klampy-pakistan","1159","Клампы Пакистан","","Стоматологические материалы","piece","KZT","","","false","Публичная карточка каталога AllForDent; цена и наличие требуют подтверждения поставщиком."
"allfordent","ТОО AllForDent","https://a4d.kz/content/ruchka-1109-dlya-derzhatelya-1369","3001","Ручка 1.109 для держателя (1.369)","","Стоматологические материалы","piece","KZT","","","false","Публичная карточка каталога AllForDent; цена и наличие требуют подтверждения поставщиком."
"allfordent","ТОО AllForDent","https://a4d.kz/content/lateksnyy-shnur-dlya-fiksacii-kofferdama","5129","Латексный шнур для фиксации коффердама","","Стоматологические материалы","piece","KZT","","","false","Публичная карточка каталога AllForDent; цена и наличие требуют подтверждения поставщиком."
"allfordent","ТОО AllForDent","https://a4d.kz/content/podstavka-dlya-sterilizacii-klampov-391212-mest","1140","Подставка для стерилизации клампов 3.912(12 мест)","","Стоматологические материалы","piece","KZT","","","false","Публичная карточка каталога AllForDent; цена и наличие требуют подтверждения поставщиком."
"allfordent","ТОО AllForDent","https://a4d.kz/content/ramka-kofferdama","5111","Рамка коффердама","","Стоматологические материалы","piece","KZT","","","false","Публичная карточка каталога AllForDent; цена и наличие требуют подтверждения поставщиком."
"allfordent","ТОО AllForDent","https://a4d.kz/content/klampy-nabor-3017-no-1-no-7-no-8-no-8a-no-9-no-14-no-201-no-202-no-212-rossiya","1143","Клампы набор 3.017 № 1, № 7, № 8, № 8А, № 9, № 14, № 201, № 202, № 212 Россия","","Стоматологические материалы","piece","KZT","","","false","Публичная карточка каталога AllForDent; цена и наличие требуют подтверждения поставщиком."
"allfordent","ТОО AllForDent","https://a4d.kz/content/fotopolimernaya-lampa-coxo-db686-swift","6373","Фотополимерная лампа COXO DB686 Swift","","Стоматологические материалы","piece","KZT","","","false","Публичная карточка каталога AllForDent; цена и наличие требуют подтверждения поставщиком."
"allfordent","ТОО AllForDent","https://a4d.kz/content/skaysy-strazy-dlya-zubov-assorti-prozrachnye-0","1407","Скайсы стразы для зубов ассорти, прозрачные","","Стоматологические материалы","piece","KZT","","","false","Публичная карточка каталога AllForDent; цена и наличие требуют подтверждения поставщиком."
"allfordent","ТОО AllForDent","https://a4d.kz/content/shtripsy-polistirolovye-microdont","2779","Штрипсы полистироловые Microdont","","Стоматологические материалы","piece","KZT","","","false","Публичная карточка каталога AllForDent; цена и наличие требуют подтверждения поставщиком."
"allfordent","ТОО AllForDent","https://a4d.kz/content/nabor-zerkalo-pincet-zond","1502","Набор зеркало пинцет зонд","","Стоматологические материалы","piece","KZT","","","false","Публичная карточка каталога AllForDent; цена и наличие требуют подтверждения поставщиком."
"allfordent","ТОО AllForDent","https://a4d.kz/content/protravochnyy-gel-ds-polir","5824","Протравочный гель ДС Полир","","Стоматологические материалы","piece","KZT","","","false","Публичная карточка каталога AllForDent; цена и наличие требуют подтверждения поставщиком."
"allfordent","ТОО AllForDent","https://a4d.kz/content/yacheyki-dlya-zameshivaniya-0","5107","Ячейки для замешивания","","Стоматологические материалы","piece","KZT","","","false","Публичная карточка каталога AllForDent; цена и наличие требуют подтверждения поставщиком."
"allfordent","ТОО AllForDent","https://a4d.kz/content/karandash-himicheskiy-l177-mm-d715-mm","3016","Карандаш химический, L=177 мм, d=7.15 мм","","Стоматологические материалы","piece","KZT","","","false","Публичная карточка каталога AllForDent; цена и наличие требуют подтверждения поставщиком."
"allfordent","ТОО AllForDent","https://a4d.kz/content/rezinki-polirovochnye-prophy-cups-2","1209","Резинки полировочные Prophy cups","","Стоматологические материалы","piece","KZT","","","false","Публичная карточка каталога AllForDent; цена и наличие требуют подтверждения поставщиком."
"allfordent","ТОО AllForDent","https://a4d.kz/content/konteyner-dlya-vatnyh-rolikov-0","1008","Контейнер для ватных роликов","","Стоматологические материалы","piece","KZT","","","false","Публичная карточка каталога AllForDent; цена и наличие требуют подтверждения поставщиком."
"allfordent","ТОО AllForDent","https://a4d.kz/content/lotok-dlya-avtoklavirovaniya-instrumentov","1439","Лоток для автоклавирования инструментов","","Стоматологические материалы","piece","KZT","","","false","Публичная карточка каталога AllForDent; цена и наличие требуют подтверждения поставщиком."
"allfordent","ТОО AllForDent","https://a4d.kz/content/kassety-dlya-instrumentov-3-instrumenta","1438","Кассеты для инструментов -3 инструмента","","Стоматологические материалы","piece","KZT","","","false","Публичная карточка каталога AllForDent; цена и наличие требуют подтверждения поставщиком."
"allfordent","ТОО AllForDent","https://a4d.kz/content/konteynery-dlya-sterilizacii","5105","Контейнеры для стерилизации","","Стоматологические материалы","piece","KZT","","","false","Публичная карточка каталога AllForDent; цена и наличие требуют подтверждения поставщиком."
"allfordent","ТОО AllForDent","https://a4d.kz/content/nakonechnik-turbinnyy-h-14-coxo-0","5061","Наконечник турбинный H-14 Coxo","","Стоматологические материалы","piece","KZT","","","false","Публичная карточка каталога AllForDent; цена и наличие требуют подтверждения поставщиком."
"allfordent","ТОО AllForDent","https://a4d.kz/content/derzhatel-butylki","2315","Держатель бутылки","","Стоматологические материалы","piece","KZT","","","false","Публичная карточка каталога AllForDent; цена и наличие требуют подтверждения поставщиком."
"allfordent","ТОО AllForDent","https://a4d.kz/content/vodyanaya-butylka","2314","Водяная бутылка","","Стоматологические материалы","piece","KZT","","","false","Публичная карточка каталога AllForDent; цена и наличие требуют подтверждения поставщиком."
"allfordent","ТОО AllForDent","https://a4d.kz/content/shlem-zashchitnyy-1-ekran","1050","Шлем защитный + 1 экран","","Стоматологические материалы","piece","KZT","","","false","Публичная карточка каталога AllForDent; цена и наличие требуют подтверждения поставщиком."
"allfordent","ТОО AllForDent","https://a4d.kz/content/shlem-zashchitnyy-premium-3-plotnyh-ekrana","1035","Шлем защитный Premium+ 3 плотных экрана","","Стоматологические материалы","piece","KZT","","","false","Публичная карточка каталога AllForDent; цена и наличие требуют подтверждения поставщиком."
"allfordent","ТОО AllForDent","https://a4d.kz/content/shlem-ochki-10-ekranov-siniybelyy-rozovyy","1037","Шлем -очки+ 10 экранов синий,белый, розовый","","Стоматологические материалы","piece","KZT","","","false","Публичная карточка каталога AllForDent; цена и наличие требуют подтверждения поставщиком."
"allfordent","ТОО AllForDent","https://a4d.kz/content/shlem-zashchitnyy-10-ekranov","1036","Шлем защитный + 10 экранов","","Стоматологические материалы","piece","KZT","","","false","Публичная карточка каталога AllForDent; цена и наличие требуют подтверждения поставщиком."
"allfordent","ТОО AllForDent","https://a4d.kz/content/zashchitnye-ochki-krasnye-0","1038","Защитные очки красные","","Стоматологические материалы","piece","KZT","","","false","Публичная карточка каталога AllForDent; цена и наличие требуют подтверждения поставщиком."
"allfordent","ТОО AllForDent","https://a4d.kz/content/svetodiodnaya-lampa-0","1601","Светодиодная лампа","","Стоматологические материалы","piece","KZT","","","false","Публичная карточка каталога AllForDent; цена и наличие требуют подтверждения поставщиком."
"allfordent","ТОО AllForDent","https://a4d.kz/content/dispenser-dlya-materialov-no2","7104","Диспенсер для материалов №2","","Стоматологические материалы","piece","KZT","","","false","Публичная карточка каталога AllForDent; цена и наличие требуют подтверждения поставщиком."
"allfordent","ТОО AllForDent","https://a4d.kz/content/dispenser-dlya-materialov-no5","5110","Диспенсер для материалов №5","","Стоматологические материалы","piece","KZT","","","false","Публичная карточка каталога AllForDent; цена и наличие требуют подтверждения поставщиком."
"allfordent","ТОО AllForDent","https://a4d.kz/content/dispenser-dlya-materialov-no4","7106","Диспенсер для материалов №4","","Стоматологические материалы","piece","KZT","","","false","Публичная карточка каталога AllForDent; цена и наличие требуют подтверждения поставщиком."
"allfordent","ТОО AllForDent","https://a4d.kz/content/any-com-4-gr-shpric","1452","Any-Com 4 гр. шприц","","Стоматологические материалы","piece","KZT","","","false","Публичная карточка каталога AllForDent; цена и наличие требуют подтверждения поставщиком."
"allfordent","ТОО AllForDent","https://a4d.kz/content/any-com-kit-universal","1451","Any-Com Kit Universal","","Стоматологические материалы","piece","KZT","","","false","Публичная карточка каталога AllForDent; цена и наличие требуют подтверждения поставщиком."
"allfordent","ТОО AllForDent","https://a4d.kz/content/any-etch-protravochnyy-gel","1458","Any-Etch протравочный гель","","Стоматологические материалы","piece","KZT","","","false","Публичная карточка каталога AllForDent; цена и наличие требуют подтверждения поставщиком."
"allfordent","ТОО AllForDent","https://a4d.kz/content/shchechnyy-retraktor-detskiy","1371","Щечный ретрактор (детский)","","Стоматологические материалы","piece","KZT","","","false","Публичная карточка каталога AllForDent; цена и наличие требуют подтверждения поставщиком."
"allfordent","ТОО AllForDent","https://a4d.kz/content/shchechnyy-retraktor-podrostkovyy","1370","Щечный ретрактор (подростковый)","","Стоматологические материалы","piece","KZT","","","false","Публичная карточка каталога AllForDent; цена и наличие требуют подтверждения поставщиком."
"allfordent","ТОО AllForDent","https://a4d.kz/content/shchechnyy-retraktor-vzroslyy","1369","Щечный ретрактор (взрослый)","","Стоматологические материалы","piece","KZT","","","false","Публичная карточка каталога AllForDent; цена и наличие требуют подтверждения поставщиком."
"allfordent","ТОО AllForDent","https://a4d.kz/content/avtoklaviruemyy-ottyagivayushchiy-retraktor-detskiy","1365","Автоклавируемый оттягивающий ретрактор (детский)","","Стоматологические материалы","piece","KZT","","","false","Публичная карточка каталога AllForDent; цена и наличие требуют подтверждения поставщиком."
"allfordent","ТОО AllForDent","https://a4d.kz/content/avtoklaviruemyy-ottyagivayushchiy-retraktor-vzroslyy","1364","Автоклавируемый оттягивающий ретрактор (взрослый)","","Стоматологические материалы","piece","KZT","","","false","Публичная карточка каталога AllForDent; цена и наличие требуют подтверждения поставщиком."
"allfordent","ТОО AllForDent","https://a4d.kz/content/avtoklaviruemyy-shchechnyy-retraktor-detskiy","1363","Автоклавируемый щечный ретрактор детский","","Стоматологические материалы","piece","KZT","","","false","Публичная карточка каталога AllForDent; цена и наличие требуют подтверждения поставщиком."
"allfordent","ТОО AllForDent","https://a4d.kz/content/avtoklaviruemyy-shchechnyy-retraktor-podrostkovyy","1362","Автоклавируемый щечный ретрактор подростковый","","Стоматологические материалы","piece","KZT","","","false","Публичная карточка каталога AllForDent; цена и наличие требуют подтверждения поставщиком."
"allfordent","ТОО AllForDent","https://a4d.kz/content/avtoklaviruemyy-shchechnyy-retraktor-vzroslyy","1361","Автоклавируемый щечный ретрактор взрослый","","Стоматологические материалы","piece","KZT","","","false","Публичная карточка каталога AllForDent; цена и наличие требуют подтверждения поставщиком."
"allfordent","ТОО AllForDent","https://a4d.kz/content/nosiki-dlya-pistoleta-kapsul","1437","Носики для пистолета капсул","","Стоматологические материалы","piece","KZT","","","false","Публичная карточка каталога AllForDent; цена и наличие требуют подтверждения поставщиком."
"allfordent","ТОО AllForDent","https://a4d.kz/content/pistolet-dlya-kapsul-original","1436","Пистолет для капсул (оригинал )","","Стоматологические материалы","piece","KZT","","","false","Публичная карточка каталога AllForDent; цена и наличие требуют подтверждения поставщиком."
"allfordent","ТОО AllForDent","https://a4d.kz/content/retraktor-ottyagivayushchiy-vzroslyy-ili-detskiy","1386","Ретрактор оттягивающий взрослый или детский","","Стоматологические материалы","piece","KZT","","","false","Публичная карточка каталога AllForDent; цена и наличие требуют подтверждения поставщиком."
"allfordent","ТОО AllForDent","https://a4d.kz/content/nabor-instrumentov-dlya-restavraciy-0","1978","Набор инструментов для реставраций","","Стоматологические материалы","piece","KZT","","","false","Публичная карточка каталога AllForDent; цена и наличие требуют подтверждения поставщиком."
"allfordent","ТОО AllForDent","https://a4d.kz/content/nabor-instrumentov-dlya-restavraciy","1980","Набор инструментов для реставраций","","Стоматологические материалы","piece","KZT","","","false","Публичная карточка каталога AllForDent; цена и наличие требуют подтверждения поставщиком."
"allfordent","ТОО AllForDent","https://a4d.kz/content/nabor-dlya-plombirovaniya-9-instrumentov","1985","Набор для пломбирования 9 инструментов","","Стоматологические материалы","piece","KZT","","","false","Публичная карточка каталога AllForDent; цена и наличие требуют подтверждения поставщиком."
"allfordent","ТОО AllForDent","https://a4d.kz/content/boks-4-sekcii","5131","Бокс 4 секции","","Стоматологические материалы","piece","KZT","","","false","Публичная карточка каталога AllForDent; цена и наличие требуют подтверждения поставщиком."
"allfordent","ТОО AllForDent","https://a4d.kz/content/boks-4-dlya-borov-12-yacheek","5085","Бокс 4 для боров 12 ячеек","","Стоматологические материалы","piece","KZT","","","false","Публичная карточка каталога AllForDent; цена и наличие требуют подтверждения поставщиком."
"allfordent","ТОО AllForDent","https://a4d.kz/content/tigli-30ml","1411","Тигли 30мл","","Стоматологические материалы","piece","KZT","","","false","Публичная карточка каталога AllForDent; цена и наличие требуют подтверждения поставщиком."
"allfordent","ТОО AllForDent","https://a4d.kz/content/boks-48-dlya-borov","1343","Бокс 48 для боров","","Стоматологические материалы","piece","KZT","","","false","Публичная карточка каталога AllForDent; цена и наличие требуют подтверждения поставщиком."
"allfordent","ТОО AllForDent","https://a4d.kz/content/disilan-plyus-sprey-30ml-dlya-applikacionnoy-anestezii","5825","Дисилан плюс спрей 30мл. для аппликационной анестезии","","Стоматологические материалы","piece","KZT","","","false","Публичная карточка каталога AllForDent; цена и наличие требуют подтверждения поставщиком."
"allfordent","ТОО AllForDent","https://a4d.kz/content/zazhimnoe-kolco-myagkiysredniy-zhetskiy","9360","Зажимное кольцо / мягкийсредний/ жетский","","Стоматологические материалы","piece","KZT","","","false","Публичная карточка каталога AllForDent; цена и наличие требуют подтверждения поставщиком."
"allfordent","ТОО AllForDent","https://a4d.kz/content/matricy-metall-v-rulone","1108","Матрицы металл. в рулоне","","Стоматологические материалы","piece","KZT","","","false","Публичная карточка каталога AllForDent; цена и наличие требуют подтверждения поставщиком."
"allfordent","ТОО AllForDent","https://a4d.kz/content/matricy-1320-konturnye-zamkovye-kolco","1090","Матрицы 1.320 контурные замковые + кольцо","","Стоматологические материалы","piece","KZT","","","false","Публичная карточка каталога AllForDent; цена и наличие требуют подтверждения поставщиком."
"allfordent","ТОО AllForDent","https://a4d.kz/content/shchetki-terapevticheskie-assorti-3","1235","Щетки терапевтические ассорти","","Стоматологические материалы","piece","KZT","","","false","Публичная карточка каталога AllForDent; цена и наличие требуют подтверждения поставщиком."
"allfordent","ТОО AllForDent","https://a4d.kz/content/shchetki-terapevticheskie-assorti-2","1234","Щетки терапевтические ассорти","","Стоматологические материалы","piece","KZT","","","false","Публичная карточка каталога AllForDent; цена и наличие требуют подтверждения поставщиком."
"allfordent","ТОО AllForDent","https://a4d.kz/content/silikonovye-kistochki-s-bolshoy-golovoy-dlya-restavracii","7150","Силиконовые кисточки с большой головой для реставрации","","Стоматологические материалы","piece","KZT","","","false","Публичная карточка каталога AllForDent; цена и наличие требуют подтверждения поставщиком."
"allfordent","ТОО AllForDent","https://a4d.kz/content/mikrobrashi-100-sht","7042","Микробраши 100 шт","","Стоматологические материалы","piece","KZT","","","false","Публичная карточка каталога AllForDent; цена и наличие требуют подтверждения поставщиком."
"allfordent","ТОО AllForDent","https://a4d.kz/content/steklo-dlya-zameshivaniya-bez-lunok-2090-1","3023","Стекло для замешивания без лунок 2.090-1","","Стоматологические материалы","piece","KZT","","","false","Публичная карточка каталога AllForDent; цена и наличие требуют подтверждения поставщиком."
"allfordent","ТОО AllForDent","https://a4d.kz/content/shchetka-kozya-0","1241","Щетка козья","","Стоматологические материалы","piece","KZT","","","false","Публичная карточка каталога AllForDent; цена и наличие требуют подтверждения поставщиком."
"allfordent","ТОО AllForDent","https://a4d.kz/content/shchetka-2","1240","Щетка","","Стоматологические материалы","piece","KZT","","","false","Публичная карточка каталога AllForDent; цена и наличие требуют подтверждения поставщиком."
"allfordent","ТОО AllForDent","https://a4d.kz/content/shchipcy-dlya-ustanovki-pruzhinnyh-derzhateley-kolec-1099-1-0","1134","Щипцы для установки пружинных держателей колец 1.099-1","","Стоматологические материалы","piece","KZT","","","false","Публичная карточка каталога AllForDent; цена и наличие требуют подтверждения поставщиком."
"allfordent","ТОО AllForDent","https://a4d.kz/content/prikusnye-bloki-vzroslyy-sredniy-detskiy-2","1052","Прикусные блоки Взрослый, средний детский","","Стоматологические материалы","piece","KZT","","","false","Публичная карточка каталога AllForDent; цена и наличие требуют подтверждения поставщиком."
"allfordent","ТОО AllForDent","https://a4d.kz/content/ekskavator-no1no2no3","1987","Экскаватор №1/№2/№3","","Стоматологические материалы","piece","KZT","","","false","Публичная карточка каталога AllForDent; цена и наличие требуют подтверждения поставщиком."
"allfordent","ТОО AllForDent","https://a4d.kz/content/lotok-stomatologicheskiy","7101","Лоток стоматологический","","Стоматологические материалы","piece","KZT","","","false","Публичная карточка каталога AllForDent; цена и наличие требуют подтверждения поставщиком."
"allfordent","ТОО AllForDent","https://a4d.kz/content/lotok-dlya-instrumentov","1988","Лоток для инструментов","","Стоматологические материалы","piece","KZT","","","false","Публичная карточка каталога AllForDent; цена и наличие требуют подтверждения поставщиком."
"allfordent","ТОО AllForDent","https://a4d.kz/content/zerkalo-dlya-osmtora","1391","Зеркало для осмтора","","Стоматологические материалы","piece","KZT","","","false","Публичная карточка каталога AllForDent; цена и наличие требуют подтверждения поставщиком."
"allfordent","ТОО AllForDent","https://a4d.kz/content/kolca-na-instrumenty-bolshie-malye","1585","Кольца на инструменты болшие, малые","","Стоматологические материалы","piece","KZT","","","false","Публичная карточка каталога AllForDent; цена и наличие требуют подтверждения поставщиком."
"allfordent","ТОО AllForDent","https://a4d.kz/content/shtopfer-gladilka-no1no2no3","1986","Штопфер-гладилка №1/№2/№3","","Стоматологические материалы","piece","KZT","","","false","Публичная карточка каталога AllForDent; цена и наличие требуют подтверждения поставщиком."
"allfordent","ТОО AllForDent","https://a4d.kz/content/pincet-izognutyy","1989","Пинцет изогнутый","","Стоматологические материалы","piece","KZT","","","false","Публичная карточка каталога AllForDent; цена и наличие требуют подтверждения поставщиком."
"allfordent","ТОО AllForDent","https://a4d.kz/content/shpatel-dlya-cementa","1982","Шпатель для цемента","","Стоматологические материалы","piece","KZT","","","false","Публичная карточка каталога AllForDent; цена и наличие требуют подтверждения поставщиком."
"allfordent","ТОО AllForDent","https://a4d.kz/content/gladilka-serpovidnaya","1981","Гладилка серповидная","","Стоматологические материалы","piece","KZT","","","false","Публичная карточка каталога AllForDent; цена и наличие требуют подтверждения поставщиком."
"allfordent","ТОО AllForDent","https://a4d.kz/content/konteyner-60","1334","Контейнер 60","","Стоматологические материалы","piece","KZT","","","false","Публичная карточка каталога AllForDent; цена и наличие требуют подтверждения поставщиком."
"allfordent","ТОО AllForDent","https://a4d.kz/content/derzhatel-dlya-valikov-0","1006","Держатель для валиков","","Стоматологические материалы","piece","KZT","","","false","Публичная карточка каталога AllForDent; цена и наличие требуют подтверждения поставщиком."
"allfordent","ТОО AllForDent","https://a4d.kz/content/valiki-vatnye","1001","Валики ватные","","Стоматологические материалы","piece","KZT","","","false","Публичная карточка каталога AllForDent; цена и наличие требуют подтверждения поставщиком."
"allfordent","ТОО AllForDent","https://a4d.kz/content/kistochki-applikacionnye-s-derzhatelem-0","1060","Кисточки аппликационные с держателем","","Стоматологические материалы","piece","KZT","","","false","Публичная карточка каталога AllForDent; цена и наличие требуют подтверждения поставщиком."
"allfordent","ТОО AllForDent","https://a4d.kz/content/any-com-flow-kit-rainbow","1457","Any-Com Flow Kit Rainbow","","Стоматологические материалы","piece","KZT","","","false","Публичная карточка каталога AllForDent; цена и наличие требуют подтверждения поставщиком."
"allfordent","ТОО AllForDent","https://a4d.kz/content/any-flu-gel","1462","Any-Flu Gel","","Стоматологические материалы","piece","KZT","","","false","Публичная карточка каталога AllForDent; цена и наличие требуют подтверждения поставщиком."
"allfordent","ТОО AllForDent","https://a4d.kz/content/shchetki-dlya-chistki-instrumentov-borovfrez","1445","Щетки для чистки инструментов, боров,фрез","","Стоматологические материалы","piece","KZT","","","false","Публичная карточка каталога AllForDent; цена и наличие требуют подтверждения поставщиком."
"allfordent","ТОО AllForDent","https://a4d.kz/content/shchetki-dlya-chistki-instrumentov","1441","Щетки для чистки инструментов,","","Стоматологические материалы","piece","KZT","","","false","Публичная карточка каталога AllForDent; цена и наличие требуют подтверждения поставщиком."
"allfordent","ТОО AllForDent","https://a4d.kz/content/shpric-karpulnyy","1503","Шприц карпульный","","Стоматологические материалы","piece","KZT","","","false","Публичная карточка каталога AllForDent; цена и наличие требуют подтверждения поставщиком."
"allfordent","ТОО AllForDent","https://a4d.kz/content/klampy-nabor-3014","1141","Клампы набор 3.014","","Стоматологические материалы","piece","KZT","","","false","Публичная карточка каталога AllForDent; цена и наличие требуют подтверждения поставщиком."
"allfordent","ТОО AllForDent","https://a4d.kz/content/ramka-dlya-kofferdama-s-fiksatorami-niti-93-mm-h-91-mm-detskaya-1401a","7159","Рамка для коффердама с фиксаторами нити, 93 мм х 91 мм детская 1.401A","","Стоматологические материалы","piece","KZT","","","false","Публичная карточка каталога AllForDent; цена и наличие требуют подтверждения поставщиком."
"allfordent","ТОО AllForDent","https://a4d.kz/content/ramka-dlya-kofferdama-s-fiksatorami-niti-110-mm-h-100-mm-srednyaya-3402b","1161","Рамка для коффердама с фиксаторами нити 110 мм х 100 мм средняя 3.402B","","Стоматологические материалы","piece","KZT","","","false","Публичная карточка каталога AllForDent; цена и наличие требуют подтверждения поставщиком."
"allfordent","ТОО AllForDent","https://a4d.kz/content/ramka-dlya-kofferdama-s-fiksatorami-niti-128-mm-h-125-mm-bolshaya-3403b","1162","Рамка для коффердама с фиксаторами нити 128 мм х 125 мм большая 3.403B","","Стоматологические материалы","piece","KZT","","","false","Публичная карточка каталога AllForDent; цена и наличие требуют подтверждения поставщиком."
"allfordent","ТОО AllForDent","https://a4d.kz/content/klampy-dlya-perednih-zubov-rossiya","1145","Клампы для передних зубов Россия","","Стоматологические материалы","piece","KZT","","","false","Публичная карточка каталога AllForDent; цена и наличие требуют подтверждения поставщиком."
"allfordent","ТОО AllForDent","https://a4d.kz/content/klampy-dlya-premolyarov-simetrichnye-rossiya","1146","Клампы для премоляров симетричные Россия","","Стоматологические материалы","piece","KZT","","","false","Публичная карточка каталога AllForDent; цена и наличие требуют подтверждения поставщиком."
"allfordent","ТОО AllForDent","https://a4d.kz/content/klampy-pravyy-levyy-rossiya","1150","Клампы Правый -Левый Россия","","Стоматологические материалы","piece","KZT","","","false","Публичная карточка каталога AllForDent; цена и наличие требуют подтверждения поставщиком."
"allfordent","ТОО AllForDent","https://a4d.kz/content/klampy-dlya-detskih-zubov-pravyy-levyy-rossiya","1154","Клампы для детских зубов Правый -Левый Россия","","Стоматологические материалы","piece","KZT","","","false","Публичная карточка каталога AllForDent; цена и наличие требуют подтверждения поставщиком."
"allfordent","ТОО AllForDent","https://a4d.kz/content/klampy-dlya-molyarov-simmetrichnye-rossiya","1151","Клампы для моляров симметричные Россия","","Стоматологические материалы","piece","KZT","","","false","Публичная карточка каталога AllForDent; цена и наличие требуют подтверждения поставщиком."
"allfordent","ТОО AllForDent","https://a4d.kz/content/klampy-brinkera-retraktory-desnevogo-kraya","1144","Клампы Бринкера ретракторы десневого края","","Стоматологические материалы","piece","KZT","","","false","Публичная карточка каталога AllForDent; цена и наличие требуют подтверждения поставщиком."
"allfordent","ТОО AllForDent","https://a4d.kz/content/shchipcy-ustanovochnye-3991","1158","Щипцы установочные 3.991","","Стоматологические материалы","piece","KZT","","","false","Публичная карточка каталога AllForDent; цена и наличие требуют подтверждения поставщиком."
"allfordent","ТОО AllForDent","https://a4d.kz/content/shchipcy-ustanovochnye-3993","1157","Щипцы установочные 3.993","","Стоматологические материалы","piece","KZT","","","false","Публичная карточка каталога AllForDent; цена и наличие требуют подтверждения поставщиком."
"allfordent","ТОО AllForDent","https://a4d.kz/content/shchipcy-proboynik","1156","Щипцы-пробойник","","Стоматологические материалы","piece","KZT","","","false","Публичная карточка каталога AllForDent; цена и наличие требуют подтверждения поставщиком."
"allfordent","ТОО AllForDent","https://a4d.kz/content/klampy-detskie-3016","1142","Клампы детские 3.016","","Стоматологические материалы","piece","KZT","","","false","Публичная карточка каталога AllForDent; цена и наличие требуют подтверждения поставщиком."
"allfordent","ТОО AllForDent","https://a4d.kz/content/dentto-dam-fotopolimernyy","1461","Dentto-Dam фотополимерный","","Стоматологические материалы","piece","KZT","","","false","Публичная карточка каталога AllForDent; цена и наличие требуют подтверждения поставщиком."
"allfordent","ТОО AllForDent","https://a4d.kz/content/platochki-kofferdam-mediumheavy","1165","Платочки коффердам Medium,Heavy","","Стоматологические материалы","piece","KZT","","","false","Публичная карточка каталога AllForDent; цена и наличие требуют подтверждения поставщиком."
"allfordent","ТОО AllForDent","https://a4d.kz/content/nabor-kofferdam-pakistan","1164","Набор Коффердам Пакистан","","Стоматологические материалы","piece","KZT","","","false","Публичная карточка каталога AllForDent; цена и наличие требуют подтверждения поставщиком."
"allfordent","ТОО AllForDent","https://a4d.kz/content/nabor-kofferdam-angliya","1163","Набор Коффердам Англия","","Стоматологические материалы","piece","KZT","","","false","Публичная карточка каталога AllForDent; цена и наличие требуют подтверждения поставщиком."
"allfordent","ТОО AllForDent","https://a4d.kz/content/nabor-restavracionnyy","7147","Набор реставрационный","","Стоматологические материалы","piece","KZT","","","false","Публичная карточка каталога AllForDent; цена и наличие требуют подтверждения поставщиком."
"allfordent","ТОО AllForDent","https://a4d.kz/content/boks-142-dlya-borovshchetok-diskovpolirmatric","1339","Бокс 142 для боров,щеток дисков,полир,матриц","","Стоматологические материалы","piece","KZT","","","false","Публичная карточка каталога AllForDent; цена и наличие требуют подтверждения поставщиком."
"allfordent","ТОО AllForDent","https://a4d.kz/content/konteyner-dlya-zamachivaniya-borov-faylov-melkih-instrumentariy","1332","Контейнер для замачивания боров, файлов ,мелких инструментарий","","Стоматологические материалы","piece","KZT","","","false","Публичная карточка каталога AllForDent; цена и наличие требуют подтверждения поставщиком."
"allfordent","ТОО AllForDent","https://a4d.kz/content/elektroliticheskiy-polirovshchik-ax-d2-dlya-polirovki-detaley-iz-hromirovannoy-i","2075","Электролитический полировщик AX-D2 для полировки деталей из хромированной и нержавеющей стали.","","Стоматологические материалы","piece","KZT","","","false","Публичная карточка каталога AllForDent; цена и наличие требуют подтверждения поставщиком."
"allfordent","ТОО AllForDent","https://a4d.kz/content/parostruynyy-apparat-ax-scb-dlya-ochistki-ottiskov-i-instrumentov-obezzhirivaniya-0","2088","Пароструйный аппарат AX-SCB для очистки оттисков и инструментов, обезжиривания","","Стоматологические материалы","piece","KZT","","","false","Публичная карточка каталога AllForDent; цена и наличие требуют подтверждения поставщиком."
"allfordent","ТОО AllForDent","https://a4d.kz/content/apparat-dlya-dublirovaniyaax-2006-rezhimy-vysokogo-i-nizkogo-nagreva-dlya-plavleniya-i","2070","Аппарат для дублированияAx-2006 режимы высокого и низкого нагрева для плавления и смешивания дублирующего геля","","Стоматологические материалы","piece","KZT","","","false","Публичная карточка каталога AllForDent; цена и наличие требуют подтверждения поставщиком."
"allfordent","ТОО AllForDent","https://a4d.kz/content/apparat-dlya-separacii-gipsovyh-modeley-em-dc2","2064","Аппарат для сепарации гипсовых моделей EM-DC2","","Стоматологические материалы","piece","KZT","","","false","Публичная карточка каталога AllForDent; цена и наличие требуют подтверждения поставщиком."
"allfordent","ТОО AllForDent","https://a4d.kz/content/zubotehnicheskiy-pylesos-ax-super800-dlya-udaleniya-pyli","2085","Зуботехнический пылесос AX-SUPER800 для удаления пыли","","Стоматологические материалы","piece","KZT","","","false","Публичная карточка каталога AllForDent; цена и наличие требуют подтверждения поставщиком."
"allfordent","ТОО AllForDent","https://a4d.kz/content/apparat-svarochnyy-argon-ax-awm1","2067","Аппарат сварочный Аргон AX-AWM1","","Стоматологические материалы","piece","KZT","","","false","Публичная карточка каталога AllForDent; цена и наличие требуют подтверждения поставщиком."
"allfordent","ТОО AllForDent","https://a4d.kz/content/shlifmotor-ax-j4-s-polirovalnym-boksom-prednaznachen-dlya-shlifovki-i-polirovki","2069","Шлифмотор AX-J4 с полировальным боксом Предназначен для шлифовки и полировки.","","Стоматологические материалы","piece","KZT","","","false","Публичная карточка каталога AllForDent; цена и наличие требуют подтверждения поставщиком."
"allfordent","ТОО AllForDent","https://a4d.kz/content/vakuumnyy-pyleulovitel-ax-mx800","2086","Вакуумный пылеуловитель AX-MX800","","Стоматологические материалы","piece","KZT","","","false","Публичная карточка каталога AllForDent; цена и наличие требуют подтверждения поставщиком."
"allfordent","ТОО AllForDent","https://a4d.kz/content/ax-4-10a-mufelnaya-pech","2061","AX-4-10A Муфельная печь","","Стоматологические материалы","piece","KZT","","","false","Публичная карточка каталога AllForDent; цена и наличие требуют подтверждения поставщиком."
"allfordent","ТОО AllForDent","https://a4d.kz/content/ax-zl3-indukcionnyy-liteynyy-apparat","2066","AX-ZL3 индукционный литейный аппарат","","Стоматологические материалы","piece","KZT","","","false","Публичная карточка каталога AllForDent; цена и наличие требуют подтверждения поставщиком."
"allfordent","ТОО AllForDent","https://a4d.kz/content/apparat-dlya-izgotovleniya-neylonovyh-protezov","2078","Аппарат для изготовления нейлоновых протезов","","Стоматологические материалы","piece","KZT","","","false","Публичная карточка каталога AllForDent; цена и наличие требуют подтверждения поставщиком."
"allfordent","ТОО AllForDent","https://a4d.kz/content/sushilka","6370","Сушилка","","Стоматологические материалы","piece","KZT","","","false","Публичная карточка каталога AllForDent; цена и наличие требуют подтверждения поставщиком."
"allfordent","ТОО AllForDent","https://a4d.kz/content/elektricheskiy-motor-s-nakonechnikom-15","5411","Электрический мотор с наконечником 1:5","","Стоматологические материалы","piece","KZT","","","false","Публичная карточка каталога AllForDent; цена и наличие требуют подтверждения поставщиком."
"allfordent","ТОО AllForDent","https://a4d.kz/content/rentgen-apparatc27a","7110","Рентген аппаратC27A","","Стоматологические материалы","piece","KZT","","","false","Публичная карточка каталога AllForDent; цена и наличие требуют подтверждения поставщиком."
"allfordent","ТОО AllForDent","https://a4d.kz/content/apparat-dlya-smazki-nakonechnikov","1618","Аппарат для смазки наконечников","","Стоматологические материалы","piece","KZT","","","false","Публичная карточка каталога AllForDent; цена и наличие требуют подтверждения поставщиком."
"allfordent","ТОО AllForDent","https://a4d.kz/content/apparat-dlya-smazki-nakonechnikov-s-reduktorom","1617","Аппарат для смазки наконечников с редуктором","","Стоматологические материалы","piece","KZT","","","false","Публичная карточка каталога AllForDent; цена и наличие требуют подтверждения поставщиком."
"allfordent","ТОО AllForDent","https://a4d.kz/content/elektromotor-c-puma","1570","Электромотор C-Puma","","Стоматологические материалы","piece","KZT","","","false","Публичная карточка каталога AllForDent; цена и наличие требуют подтверждения поставщиком."
"allfordent","ТОО AllForDent","https://a4d.kz/content/elektromotor-c-puma-vstraivaemyy-v-ustanovku-bez-nakonechnika","1569","Электромотор C-Puma встраиваемый в установку без наконечника","","Стоматологические материалы","piece","KZT","","","false","Публичная карточка каталога AllForDent; цена и наличие требуют подтверждения поставщиком."
"allfordent","ТОО AllForDent","https://a4d.kz/content/skaler-vstraivaemyy-v-ustanovku-bez-sveta","1641","Скалер встраиваемый в установку без света","","Стоматологические материалы","piece","KZT","","","false","Публичная карточка каталога AllForDent; цена и наличие требуют подтверждения поставщиком."
"allfordent","ТОО AllForDent","https://a4d.kz/content/k08b-ultrazvukovoy-skaler","1635","K08B ультразвуковой скалер.","","Стоматологические материалы","piece","KZT","","","false","Публичная карточка каталога AllForDent; цена и наличие требуют подтверждения поставщиком."
"allfordent","ТОО AllForDent","https://a4d.kz/content/k08a-ultrazvukovoy-skaler","1634","K08A ультразвуковой скалер","","Стоматологические материалы","piece","KZT","","","false","Публичная карточка каталога AllForDent; цена и наличие требуют подтверждения поставщиком."
"allfordent","ТОО AllForDent","https://a4d.kz/content/nasadka-g33gd33","1643","Насадка G33/GD33","","Стоматологические материалы","piece","KZT","","","false","Публичная карточка каталога AllForDent; цена и наличие требуют подтверждения поставщиком."
"allfordent","ТОО AllForDent","https://a4d.kz/content/nasadka-g32gd32","1660","Насадка G32/GD32","","Стоматологические материалы","piece","KZT","","","false","Публичная карточка каталога AllForDent; цена и наличие требуют подтверждения поставщиком."
"allfordent","ТОО AllForDent","https://a4d.kz/content/nasadka-g31gd31","1659","Насадка G31/GD31","","Стоматологические материалы","piece","KZT","","","false","Публичная карточка каталога AllForDent; цена и наличие требуют подтверждения поставщиком."
"allfordent","ТОО AllForDent","https://a4d.kz/content/nasadka-sbr","1759","Насадка SBR","","Стоматологические материалы","piece","KZT","","","false","Публичная карточка каталога AllForDent; цена и наличие требуют подтверждения поставщиком."
"allfordent","ТОО AllForDent","https://a4d.kz/content/nasadka-sbl","1758","Насадка SBL","","Стоматологические материалы","piece","KZT","","","false","Публичная карточка каталога AllForDent; цена и наличие требуют подтверждения поставщиком."
"allfordent","ТОО AllForDent","https://a4d.kz/content/nasadka-sb3","1757","Насадка SB3","","Стоматологические материалы","piece","KZT","","","false","Публичная карточка каталога AllForDent; цена и наличие требуют подтверждения поставщиком."
"allfordent","ТОО AllForDent","https://a4d.kz/content/nasadka-sb2","1756","Насадка SB2","","Стоматологические материалы","piece","KZT","","","false","Публичная карточка каталога AllForDent; цена и наличие требуют подтверждения поставщиком."
"allfordent","ТОО AllForDent","https://a4d.kz/content/nasadka-sb1","1755","Насадка SB1","","Стоматологические материалы","piece","KZT","","","false","Публичная карточка каталога AllForDent; цена и наличие требуют подтверждения поставщиком."
"allfordent","ТОО AllForDent","https://a4d.kz/content/nasadka-e10ed10","1712","Насадка E10/ED10","","Стоматологические материалы","piece","KZT","","","false","Публичная карточка каталога AllForDent; цена и наличие требуют подтверждения поставщиком."
"allfordent","ТОО AllForDent","https://a4d.kz/content/nasadka-e10ded10d","1713","Насадка E10D/ED10D","","Стоматологические материалы","piece","KZT","","","false","Публичная карточка каталога AllForDent; цена и наличие требуют подтверждения поставщиком."
"allfordent","ТОО AllForDent","https://a4d.kz/content/nasadka-e8ed8","1710","Насадка E8/ED8","","Стоматологические материалы","piece","KZT","","","false","Публичная карточка каталога AllForDent; цена и наличие требуют подтверждения поставщиком."
"allfordent","ТОО AllForDent","https://a4d.kz/content/nasadka-p51r","7072","Насадка P51R","","Стоматологические материалы","piece","KZT","","","false","Публичная карточка каталога AllForDent; цена и наличие требуют подтверждения поставщиком."
"allfordent","ТОО AllForDent","https://a4d.kz/content/nasadka-p51l","7071","Насадка P51L","","Стоматологические материалы","piece","KZT","","","false","Публичная карточка каталога AllForDent; цена и наличие требуют подтверждения поставщиком."
"allfordent","ТОО AllForDent","https://a4d.kz/content/nasadka-e12ded12d","1716","Насадка E12D/ED12D","","Стоматологические материалы","piece","KZT","","","false","Публичная карточка каталога AllForDent; цена и наличие требуют подтверждения поставщиком."
"allfordent","ТОО AllForDent","https://a4d.kz/content/nasadka-p56pd56","1694","Насадка P56/PD56","","Стоматологические материалы","piece","KZT","","","false","Публичная карточка каталога AllForDent; цена и наличие требуют подтверждения поставщиком."
"allfordent","ТОО AllForDent","https://a4d.kz/content/nasadka-p53rpd53r","1693","Насадка P53R/PD53R","","Стоматологические материалы","piece","KZT","","","false","Публичная карточка каталога AllForDent; цена и наличие требуют подтверждения поставщиком."
"allfordent","ТОО AllForDent","https://a4d.kz/content/nasadka-p53lpd53l","1692","Насадка P53L/PD53L","","Стоматологические материалы","piece","KZT","","","false","Публичная карточка каталога AllForDent; цена и наличие требуют подтверждения поставщиком."
"allfordent","ТОО AllForDent","https://a4d.kz/content/nasadka-p52pd52","1691","Насадка P52/PD52","","Стоматологические материалы","piece","KZT","","","false","Публичная карточка каталога AllForDent; цена и наличие требуют подтверждения поставщиком."
"allfordent","ТОО AllForDent","https://a4d.kz/content/nasadka-p21lpd21l","1685","Насадка P21L/PD21L","","Стоматологические материалы","piece","KZT","","","false","Публичная карточка каталога AllForDent; цена и наличие требуют подтверждения поставщиком."
"allfordent","ТОО AllForDent","https://a4d.kz/content/nasadka-p20rpd20r","1684","Насадка P20R/PD20R","","Стоматологические материалы","piece","KZT","","","false","Публичная карточка каталога AllForDent; цена и наличие требуют подтверждения поставщиком."
"allfordent","ТОО AllForDent","https://a4d.kz/content/nasadka-p20lpd20l","1683","Насадка P20L/PD20L","","Стоматологические материалы","piece","KZT","","","false","Публичная карточка каталога AllForDent; цена и наличие требуют подтверждения поставщиком."
"allfordent","ТОО AllForDent","https://a4d.kz/content/nasadka-p20pd20","1682","Насадка P20/PD20","","Стоматологические материалы","piece","KZT","","","false","Публичная карточка каталога AllForDent; цена и наличие требуют подтверждения поставщиком."
"allfordent","ТОО AllForDent","https://a4d.kz/content/nasadka-p18pd18","1681","Насадка P18/PD18","","Стоматологические материалы","piece","KZT","","","false","Публичная карточка каталога AllForDent; цена и наличие требуют подтверждения поставщиком."
"allfordent","ТОО AllForDent","https://a4d.kz/content/nasadka-p14rpd14r","1680","Насадка P14R/PD14R","","Стоматологические материалы","piece","KZT","","","false","Публичная карточка каталога AllForDent; цена и наличие требуют подтверждения поставщиком."
"allfordent","ТОО AllForDent","https://a4d.kz/content/nasadka-p14lpd14l","1679","Насадка P14L/PD14L","","Стоматологические материалы","piece","KZT","","","false","Публичная карточка каталога AllForDent; цена и наличие требуют подтверждения поставщиком."
"allfordent","ТОО AllForDent","https://a4d.kz/content/nasadka-p2rdpd2rd","1676","Насадка P2RD/PD2RD","","Стоматологические материалы","piece","KZT","","","false","Публичная карточка каталога AllForDent; цена и наличие требуют подтверждения поставщиком."
"allfordent","ТОО AllForDent","https://a4d.kz/content/nasadka-e9ed9","1711","Насадка E9/ED9","","Стоматологические материалы","piece","KZT","","","false","Публичная карточка каталога AllForDent; цена и наличие требуют подтверждения поставщиком."
"allfordent","ТОО AllForDent","https://a4d.kz/content/nasadka-p50rpd50r","1690","Насадка P50R/PD50R","","Стоматологические материалы","piece","KZT","","","false","Публичная карточка каталога AllForDent; цена и наличие требуют подтверждения поставщиком."
"allfordent","ТОО AllForDent","https://a4d.kz/content/nasadka-p50lpd50l","1689","Насадка P50L/PD50L","","Стоматологические материалы","piece","KZT","","","false","Публичная карточка каталога AllForDent; цена и наличие требуют подтверждения поставщиком."
"allfordent","ТОО AllForDent","https://a4d.kz/content/nasadka-p22rpd22r","1688","Насадка P22R/PD22R","","Стоматологические материалы","piece","KZT","","","false","Публичная карточка каталога AllForDent; цена и наличие требуют подтверждения поставщиком."
"allfordent","ТОО AllForDent","https://a4d.kz/content/nasadka-p2rpd2r","1675","Насадка P2R/PD2R","","Стоматологические материалы","piece","KZT","","","false","Публичная карточка каталога AllForDent; цена и наличие требуют подтверждения поставщиком."
"allfordent","ТОО AllForDent","https://a4d.kz/content/nasadka-p2ldpd2ld","1674","Насадка P2LD/PD2LD","","Стоматологические материалы","piece","KZT","","","false","Публичная карточка каталога AllForDent; цена и наличие требуют подтверждения поставщиком."
"allfordent","ТОО AllForDent","https://a4d.kz/content/nasadka-g9gd9","1652","Насадка G9/GD9","","Стоматологические материалы","piece","KZT","","","false","Публичная карточка каталога AllForDent; цена и наличие требуют подтверждения поставщиком."
"allfordent","ТОО AllForDent","https://a4d.kz/content/nasadka-g8gd8","1651","Насадка G8/GD8","","Стоматологические материалы","piece","KZT","","","false","Публичная карточка каталога AllForDent; цена и наличие требуют подтверждения поставщиком."
"allfordent","ТОО AllForDent","https://a4d.kz/content/nasadki-g7gd7","1650","Насадки G7/GD7","","Стоматологические материалы","piece","KZT","","","false","Публичная карточка каталога AllForDent; цена и наличие требуют подтверждения поставщиком."
"allfordent","ТОО AllForDent","https://a4d.kz/content/nasadka-p2lpd2l","1673","Насадка P2L/PD2L","","Стоматологические материалы","piece","KZT","","","false","Публичная карточка каталога AllForDent; цена и наличие требуют подтверждения поставщиком."
"allfordent","ТОО AllForDent","https://a4d.kz/content/nasadka-g30gd30","1658","Насадка G30/GD30","","Стоматологические материалы","piece","KZT","","","false","Публичная карточка каталога AllForDent; цена и наличие требуют подтверждения поставщиком."
"allfordent","ТОО AllForDent","https://a4d.kz/content/nasadka-g28gd28","1657","Насадка G28/GD28","","Стоматологические материалы","piece","KZT","","","false","Публичная карточка каталога AllForDent; цена и наличие требуют подтверждения поставщиком."
"allfordent","ТОО AllForDent","https://a4d.kz/content/nasadka-g21gd21","1656","Насадка G21/GD21","","Стоматологические материалы","piece","KZT","","","false","Публичная карточка каталога AllForDent; цена и наличие требуют подтверждения поставщиком."
"allfordent","ТОО AllForDent","https://a4d.kz/content/nasadka-g20gd20","1655","Насадка G20/GD20","","Стоматологические материалы","piece","KZT","","","false","Публичная карточка каталога AllForDent; цена и наличие требуют подтверждения поставщиком."
"allfordent","ТОО AllForDent","https://a4d.kz/content/nasadka-g12gd12","1654","Насадка G12/GD12","","Стоматологические материалы","piece","KZT","","","false","Публичная карточка каталога AllForDent; цена и наличие требуют подтверждения поставщиком."
"allfordent","ТОО AllForDent","https://a4d.kz/content/yacheyki-dlya-zameshivaniya","1419","Ячейки для замешивания","","Стоматологические материалы","piece","KZT","","","false","Публичная карточка каталога AllForDent; цена и наличие требуют подтверждения поставщиком."
"allfordent","ТОО AllForDent","https://a4d.kz/content/block-out-resin-lc-resin-universalnyy-fotopolimernyy-material","1479","THE-Block Out Resin (LC RESIN) универсальный фотополимерный материал","","Стоматологические материалы","piece","KZT","","","false","Публичная карточка каталога AllForDent; цена и наличие требуют подтверждения поставщиком."
"allfordent","ТОО AllForDent","https://a4d.kz/content/lozhki-dlya-ftor-gelya-bolshie-srednie-malye","1418","Ложки для фтор геля большие, средние, малые","","Стоматологические материалы","piece","KZT","","","false","Публичная карточка каталога AllForDent; цена и наличие требуют подтверждения поставщиком."
"allfordent","ТОО AllForDent","https://a4d.kz/content/ruchka-skalera-so-svetom","6381","Ручка скалера -со светом","","Стоматологические материалы","piece","KZT","","","false","Публичная карточка каталога AllForDent; цена и наличие требуют подтверждения поставщиком."
"allfordent","ТОО AllForDent","https://a4d.kz/content/w-gel-nabor-dlya-klinicheskogo-foto-otbelivaniya-zubov-na-10-pacientov","1625","W-GEL – набор для клинического фото отбеливания зубов. (на 10 пациентов)","","Стоматологические материалы","piece","KZT","","","false","Публичная карточка каталога AllForDent; цена и наличие требуют подтверждения поставщиком."
"allfordent","ТОО AllForDent","https://a4d.kz/content/c-bright-1-zoom-sistema-dlya-professionalnogo-otbelivaniya","1624","C-bright 1-Zoom система для профессионального отбеливания","","Стоматологические материалы","piece","KZT","","","false","Публичная карточка каталога AllForDent; цена и наличие требуют подтверждения поставщиком."
"allfordent","ТОО AllForDent","https://a4d.kz/content/eyr-flo-poroshok-3-vkusa-klubnika-mentol-lemon","1630","Эйр фло порошок 3 вкуса клубника, ментол, лемон","","Стоматологические материалы","piece","KZT","","","false","Публичная карточка каталога AllForDent; цена и наличие требуют подтверждения поставщиком."
"allfordent","ТОО AllForDent","https://a4d.kz/content/eyr-flo-nakonechnik-air-jet-1s-peskostruynyy-apparat","1627","Эйр фло наконечник Air Jet 1S пескоструйный аппарат","","Стоматологические материалы","piece","KZT","","","false","Публичная карточка каталога AllForDent; цена и наличие требуют подтверждения поставщиком."
"allfordent","ТОО AllForDent","https://a4d.kz/content/eyr-flo-nakonechnik-coxo","6380","Эйр фло наконечник Coxo","","Стоматологические материалы","piece","KZT","","","false","Публичная карточка каталога AllForDent; цена и наличие требуют подтверждения поставщиком."
"allfordent","ТОО AllForDent","https://a4d.kz/content/nakonechnik-na-skaler","1640","Наконечник на скалер","","Стоматологические материалы","piece","KZT","","","false","Публичная карточка каталога AllForDent; цена и наличие требуют подтверждения поставщиком."
"allfordent","ТОО AllForDent","https://a4d.kz/content/klyuch-k-nasadkam-ems-sironansk-amdent","1642","Ключ к насадкам EMS , SIRONA,NSK, AMDENT","","Стоматологические материалы","piece","KZT","","","false","Публичная карточка каталога AllForDent; цена и наличие требуют подтверждения поставщиком."
"allfordent","ТОО AllForDent","https://a4d.kz/content/nasadki-na-amdent","1761","Насадки на Amdent","","Стоматологические материалы","piece","KZT","","","false","Публичная карточка каталога AllForDent; цена и наличие требуют подтверждения поставщиком."
"allfordent","ТОО AllForDent","https://a4d.kz/content/nasadki-na-kavo","1760","Насадки на KaVo","","Стоматологические материалы","piece","KZT","","","false","Публичная карточка каталога AllForDent; цена и наличие требуют подтверждения поставщиком."
"allfordent","ТОО AllForDent","https://a4d.kz/content/nasadka-p90pd90-titanovaya-nasadka-dlya-ochistki-sheyki-implantov","1696","Насадка P90/PD90 Титановая насадка для очистки шейки имплантов","","Стоматологические материалы","piece","KZT","","","false","Публичная карточка каталога AllForDent; цена и наличие требуют подтверждения поставщиком."
"allfordent","ТОО AllForDent","https://a4d.kz/content/nasadka-p59pd59-titanovaya-nasadka-dlya-ultrazvukovogo-vozdeystviya-na-tkani-parodonta-0","1695","Насадка P59/PD59 титановая насадка для ультразвукового воздействия на ткани пародонта.","","Стоматологические материалы","piece","KZT","","","false","Публичная карточка каталога AllForDent; цена и наличие требуют подтверждения поставщиком."
"allfordent","ТОО AllForDent","https://a4d.kz/content/nasadka-p22lpd22l-parodontologicheskaya-nasadka","1687","Насадка P22L/PD22L Пародонтологическая насадка","","Стоматологические материалы","piece","KZT","","","false","Публичная карточка каталога AllForDent; цена и наличие требуют подтверждения поставщиком."
"allfordent","ТОО AllForDent","https://a4d.kz/content/nasadka-p21rpd21r-parodontologicheska-nasadka","1686","Насадка P21R/PD21R Пародонтологическа насадка","","Стоматологические материалы","piece","KZT","","","false","Публичная карточка каталога AllForDent; цена и наличие требуют подтверждения поставщиком."
"allfordent","ТОО AllForDent","https://a4d.kz/content/nasadka-p12pd12-dlya-obrabotki-srednego-i-glubokogo-desnevogo-karmana","1672","Насадка P12/PD12 для обработки среднего и глубокого десневого кармана","","Стоматологические материалы","piece","KZT","","","false","Публичная карточка каталога AllForDent; цена и наличие требуют подтверждения поставщиком."
"allfordent","ТОО AllForDent","https://a4d.kz/content/nasadka-dlya-p11pd11-obrabotki-srednego-i-glubokogo-desnevogo-karmana","1671","Насадка для P11/PD11 обработки среднего и глубокого десневого кармана","","Стоматологические материалы","piece","KZT","","","false","Публичная карточка каталога AllForDent; цена и наличие требуют подтверждения поставщиком."
"allfordent","ТОО AllForDent","https://a4d.kz/content/nasadka-dlya-p10pd10-obrabotki-srednego-i-glubokogo-desnevogo-karmana","1670","Насадка для P10/PD10 обработки среднего и глубокого десневого кармана","","Стоматологические материалы","piece","KZT","","","false","Публичная карточка каталога AllForDent; цена и наличие требуют подтверждения поставщиком."
"allfordent","ТОО AllForDent","https://a4d.kz/content/nasadka-p8pd8-dlya-dlya-udaleniya-poddesnevogo-naleta-ili-kamnya","1669","Насадка P8/PD8 для для удаления поддесневого налета или камня","","Стоматологические материалы","piece","KZT","","","false","Публичная карточка каталога AllForDent; цена и наличие требуют подтверждения поставщиком."
"allfordent","ТОО AllForDent","https://a4d.kz/content/nasadka-p7pd7-dlya-udaleniya-poddesnevogo-naleta-ili-kamnya","1668","Насадка P7/PD7 для удаления поддесневого налета или камня","","Стоматологические материалы","piece","KZT","","","false","Публичная карточка каталога AllForDent; цена и наличие требуют подтверждения поставщиком."
"allfordent","ТОО AllForDent","https://a4d.kz/content/nasadka-dlya-p6pd6-udaleniya-poddesnevogo-naleta-ili-kamnya","1667","Насадка для P6/PD6 удаления поддесневого налета или камня","","Стоматологические материалы","piece","KZT","","","false","Публичная карточка каталога AllForDent; цена и наличие требуют подтверждения поставщиком."
"allfordent","ТОО AllForDent","https://a4d.kz/content/nasadka-dlya-p5pd5-udaleniya-poddesnevogo-naleta-ili-kamnya","1666","Насадка для P5/PD5 удаления поддесневого налета или камня","","Стоматологические материалы","piece","KZT","","","false","Публичная карточка каталога AllForDent; цена и наличие требуют подтверждения поставщиком."
"allfordent","ТОО AllForDent","https://a4d.kz/content/nasadka-p4dpd4d-almaznaya-dlya-zubnogo-kanala-dlya-udaleniya-kalcificirovannyh-fragmentov","1665","Насадка P4D/PD4D алмазная для зубного канала, для удаления кальцифицированных фрагментов","","Стоматологические материалы","piece","KZT","","","false","Публичная карточка каталога AllForDent; цена и наличие требуют подтверждения поставщиком."
"allfordent","ТОО AllForDent","https://a4d.kz/content/nasadka-almaznaya-p3dpd3d-dlya-ochistki-dlya-formirovaniya-kraev-koronki-i-dlya-rasshir","1664","Насадка алмазная P3D/PD3D для очистки, для формирования краев коронки, и для расшир. фуркации зубов","","Стоматологические материалы","piece","KZT","","","false","Публичная карточка каталога AllForDent; цена и наличие требуют подтверждения поставщиком."
"allfordent","ТОО AllForDent","https://a4d.kz/content/nasadka-p4pd4-dlya-ochistki-i-promyvaniya-neglubokih-desnevyh-karmanov","1663","Насадка P4/PD4 для очистки и промывания неглубоких десневых карманов","","Стоматологические материалы","piece","KZT","","","false","Публичная карточка каталога AllForDent; цена и наличие требуют подтверждения поставщиком."
"allfordent","ТОО AllForDent","https://a4d.kz/content/nasadka-p3pd3-dlya-snyatiya-zubnogo-kamnya-v-glubokih-karmanah","1662","Насадка P3/PD3 для снятия зубного камня в глубоких карманах.","","Стоматологические материалы","piece","KZT","","","false","Публичная карточка каталога AllForDent; цена и наличие требуют подтверждения поставщиком."
"allfordent","ТОО AllForDent","https://a4d.kz/content/nasadka-dlya-p1pd1-raboty-v-neglubokih-karmanahdlya-raboty-s-proksimalnymi-poverhnostyami","1661","Насадка для P1/PD1 работы в неглубоких карманахдля работы с проксимальными поверхностями","","Стоматологические материалы","piece","KZT","","","false","Публичная карточка каталога AllForDent; цена и наличие требуют подтверждения поставщиком."
"allfordent","ТОО AllForDent","https://a4d.kz/content/nasadka-g10gd10-dlya-udaleniya-naddesnevogo-kamnya-prisheechnyh-zubnyh-otlozheniy-i","1653","Насадка G10/GD10 для удаления наддесневого камня, пришеечных зубных отложений, и отложений с шейки зуба","","Стоматологические материалы","piece","KZT","","","false","Публичная карточка каталога AllForDent; цена и наличие требуют подтверждения поставщиком."
"allfordent","ТОО AllForDent","https://a4d.kz/content/nasadka-g6gd6-dlya-udaleniya-bolshogo-kolichestva-zubnyh-otlozheniyploskim-koncom-n","1649","Насадка G6/GD6 для удаления большого количества зубных отложений.плоским концом Н","","Стоматологические материалы","piece","KZT","","","false","Публичная карточка каталога AllForDent; цена и наличие требуют подтверждения поставщиком."
"allfordent","ТОО AllForDent","https://a4d.kz/content/nasadka-dlya-g5gd5-pigmentirovannogo-naleta-i-zubnogo-kamnya","1648","Насадка для G5/GD5 пигментированного налета и зубного камня","","Стоматологические материалы","piece","KZT","","","false","Публичная карточка каталога AllForDent; цена и наличие требуют подтверждения поставщиком."
"allfordent","ТОО AllForDent","https://a4d.kz/content/nasadka-g4gd4-dlya-obrabotki-mezhzubnyh-promezhutkov-i-dlya-udaleniya-naddesnevogo-naleta","1647","Насадка G4//GD4 для обработки межзубных промежутков и для удаления наддесневого налета или камня","","Стоматологические материалы","piece","KZT","","","false","Публичная карточка каталога AllForDent; цена и наличие требуют подтверждения поставщиком."
"allfordent","ТОО AllForDent","https://a4d.kz/content/nasadka-g3gd3-dlya-udaleniya-naddesnevogo-naleta-vo-vseh-vklyuchaya-mezhzubnye-promezhutki-i","1646","Насадка G3/GD3 для удаления наддесневого налета во всех включая межзубные промежутки и десневые бороздки","","Стоматологические материалы","piece","KZT","","","false","Публичная карточка каталога AllForDent; цена и наличие требуют подтверждения поставщиком."
"allfordent","ТОО AllForDent","https://a4d.kz/content/nasadka-dlya-g2gd2-snyatiya-bolee-znachitelnyhotlozheniy-zubnogo-kamnya-i-adgezivnogo-naleta","1645","Насадка для G2/GD2 снятия более значительныхотложений зубного камня и адгезивного налета. Плоский конец","","Стоматологические материалы","piece","KZT","","","false","Публичная карточка каталога AllForDent; цена и наличие требуют подтверждения поставщиком."
"allfordent","ТОО AllForDent","https://a4d.kz/content/nasadka-g1gd1-dlya-snyatiya-neznachitelnyh-otlozheniy-zubnogo-kamnya","1644","Насадка G1/GD1 для снятия незначительных отложений зубного камня","","Стоматологические материалы","piece","KZT","","","false","Публичная карточка каталога AllForDent; цена и наличие требуют подтверждения поставщиком."
"allfordent","ТОО AllForDent","https://a4d.kz/content/s16-01-model","9912","С16 -01 модель","","Стоматологические материалы","piece","KZT","","","false","Публичная карточка каталога AllForDent; цена и наличие требуют подтверждения поставщиком."
"allfordent","ТОО AllForDent","https://a4d.kz/content/s16-model","9911","С16 модель","","Стоматологические материалы","piece","KZT","","","false","Публичная карточка каталога AllForDent; цена и наличие требуют подтверждения поставщиком."
"allfordent","ТОО AllForDent","https://a4d.kz/content/hst-c2-model-s-patologiyami-bez-zuba","1923","HST-C2 Модель с патологиями, без зуба","","Стоматологические материалы","piece","KZT","","","false","Публичная карточка каталога AllForDent; цена и наличие требуют подтверждения поставщиком."
"allfordent","ТОО AllForDent","https://a4d.kz/content/boks-dlya-molochnyh-zubov-1","5149","Бокс для молочных зубов 1","","Стоматологические материалы","piece","KZT","","","false","Публичная карточка каталога AllForDent; цена и наличие требуют подтверждения поставщиком."
"allfordent","ТОО AllForDent","https://a4d.kz/content/zubnaya-feya","1507","Зубная фея","","Стоматологические материалы","piece","KZT","","","false","Публичная карточка каталога AllForDent; цена и наличие требуют подтверждения поставщиком."
"allfordent","ТОО AllForDent","https://a4d.kz/content/hst-a15-model-trenirovochnaya-so-semnymi-zubami","1906","HST-A15 Модель тренировочная со съемными зубами","","Стоматологические материалы","piece","KZT","","","false","Публичная карточка каталога AllForDent; цена и наличие требуют подтверждения поставщиком."
"allfordent","ТОО AllForDent","https://a4d.kz/content/hst-a2-model-trenirovochnaya-zhestkaya","5321","HST-A2 Модель тренировочная жесткая","","Стоматологические материалы","piece","KZT","","","false","Публичная карточка каталога AllForDent; цена и наличие требуют подтверждения поставщиком."
"allfordent","ТОО AllForDent","https://a4d.kz/content/endoboks-dlya-guttaperchi","5503","Эндобокс для гуттаперчи","","Стоматологические материалы","piece","KZT","","","false","Публичная карточка каталога AllForDent; цена и наличие требуют подтверждения поставщиком."
"allfordent","ТОО AllForDent","https://a4d.kz/content/endoboks-dlya-faylov-borov-guttaperchi","5505","Эндобокс для файлов, боров, гуттаперчи","","Стоматологические материалы","piece","KZT","","","false","Публичная карточка каталога AllForDent; цена и наличие требуют подтверждения поставщиком."
"allfordent","ТОО AllForDent","https://a4d.kz/content/endoboks-dlya-faylov-i-guttaperchi-0","5501","Эндобокс для файлов и гуттаперчи","","Стоматологические материалы","piece","KZT","","","false","Публичная карточка каталога AllForDent; цена и наличие требуют подтверждения поставщиком."
"allfordent","ТОО AllForDent","https://a4d.kz/content/endoboks-dlya-faylov-i-guttaperchi","5506","Эндобокс для файлов и гуттаперчи","","Стоматологические материалы","piece","KZT","","","false","Публичная карточка каталога AllForDent; цена и наличие требуют подтверждения поставщиком."
"allfordent","ТОО AllForDent","https://a4d.kz/content/boks-3-dlya-faylov-gutaperchi-metallicheskiy-70-yacheek","5084","Бокс 3 для файлов гутаперчи металлический 70 ячеек","","Стоматологические материалы","piece","KZT","","","false","Публичная карточка каталога AllForDent; цена и наличие требуют подтверждения поставщиком."
"allfordent","ТОО AllForDent","https://a4d.kz/content/boks-2-dlya-borov-faylov-metallicheskiy-70-yacheek","5083","Бокс 2 для боров файлов металлический 70 ячеек","","Стоматологические материалы","piece","KZT","","","false","Публичная карточка каталога AllForDent; цена и наличие требуют подтверждения поставщиком."
"allfordent","ТОО AllForDent","https://a4d.kz/content/endoboks-dlya-gutaperchi","1305","Эндобокс для гутаперчи","","Стоматологические материалы","piece","KZT","","","false","Публичная карточка каталога AllForDent; цена и наличие требуют подтверждения поставщиком."
"allfordent","ТОО AllForDent","https://a4d.kz/content/endoboks-dlya-faylovshtiftov-borov","1304","Эндобокс для файлов,штифтов, боров","","Стоматологические материалы","piece","KZT","","","false","Публичная карточка каталога AllForDent; цена и наличие требуют подтверждения поставщиком."
"allfordent","ТОО AllForDent","https://a4d.kz/content/endoboks-1","1303","Эндобокс","","Стоматологические материалы","piece","KZT","","","false","Публичная карточка каталога AllForDent; цена и наличие требуют подтверждения поставщиком."
"allfordent","ТОО AllForDent","https://a4d.kz/content/endoboks-2h-sekcionnyy-dlya-faylovshtiftov-gutaperchiborov","1302","Эндобокс 2х-секционный для файлов,штифтов, гутаперчи,боров","","Стоматологические материалы","piece","KZT","","","false","Публичная карточка каталога AllForDent; цена и наличие требуют подтверждения поставщиком."
"allfordent","ТОО AllForDent","https://a4d.kz/content/endoboks-2h-sekcionnyy-dlya-faylovshtiftov-borov","1301","Эндобокс 2х-секционный для файлов,штифтов, боров","","Стоматологические материалы","piece","KZT","","","false","Публичная карточка каталога AllForDent; цена и наличие требуют подтверждения поставщиком."
"allfordent","ТОО AllForDent","https://a4d.kz/content/podstavka-dlya-faylov-dlya-hranenniya-i-dezinfekcii-16-sekciy","1310","Подставка для файлов для храненния и дезинфекции 16 секций","","Стоматологические материалы","piece","KZT","","","false","Публичная карточка каталога AllForDent; цена и наличие требуют подтверждения поставщиком."
"allfordent","ТОО AllForDent","https://a4d.kz/content/engine-file-plastic","5078","Engine file plastic","","Стоматологические материалы","piece","KZT","","","false","Публичная карточка каталога AllForDent; цена и наличие требуют подтверждения поставщиком."
"allfordent","ТОО AllForDent","https://a4d.kz/content/endoboks-dlya-faylov-borov-guttaperchi-cleanstand","5504","Эндобокс для файлов, боров, гуттаперчи+ cleanstand","","Стоматологические материалы","piece","KZT","","","false","Публичная карточка каталога AllForDent; цена и наличие требуют подтверждения поставщиком."
"allfordent","ТОО AllForDent","https://a4d.kz/content/konteyner-dlya-borovfaylov","1320","Контейнер для боров/файлов","","Стоматологические материалы","piece","KZT","","","false","Публичная карточка каталога AllForDent; цена и наличие требуют подтверждения поставщиком."
"allfordent","ТОО AllForDent","https://a4d.kz/content/konteyner-dlya-hraneniya-gutaperchi","1319","Контейнер для хранения гутаперчи","","Стоматологические материалы","piece","KZT","","","false","Публичная карточка каталога AllForDent; цена и наличие требуют подтверждения поставщиком."
"allfordent","ТОО AllForDent","https://a4d.kz/content/lotki-s-razdeleniem-odnorazovye","6359","Лотки с разделением одноразовые","","Стоматологические материалы","piece","KZT","","","false","Публичная карточка каталога AllForDent; цена и наличие требуют подтверждения поставщиком."
"allfordent","ТОО AllForDent","https://a4d.kz/content/konteyner-endodonticheskiy","7036","Контейнер эндодонтический","","Стоматологические материалы","piece","KZT","","","false","Публичная карточка каталога AllForDent; цена и наличие требуют подтверждения поставщиком."
"allfordent","ТОО AllForDent","https://a4d.kz/content/endoboks-dlya-faylov-so-schetchikom","7050","Эндобокс для файлов со счетчиком","","Стоматологические материалы","piece","KZT","","","false","Публичная карточка каталога AllForDent; цена и наличие требуют подтверждения поставщиком."
"allfordent","ТОО AllForDent","https://a4d.kz/content/boks-dlya-profaylov-so-schetchikom","5101","Бокс для профайлов со счетчиком","","Стоматологические материалы","piece","KZT","","","false","Публичная карточка каталога AllForDent; цена и наличие требуют подтверждения поставщиком."
"allfordent","ТОО AllForDent","https://a4d.kz/content/hst-a7-01-model-trenirovochnaya","5322","HST-A7-01 Модель тренировочная","","Стоматологические материалы","piece","KZT","","","false","Публичная карточка каталога AllForDent; цена и наличие требуют подтверждения поставщиком."
"allfordent","ТОО AllForDent","https://a4d.kz/content/hst-c7-model-karies","5323","HST-C7 Модель кариес","","Стоматологические материалы","piece","KZT","","","false","Публичная карточка каталога AllForDent; цена и наличие требуют подтверждения поставщиком."
"allfordent","ТОО AllForDent","https://a4d.kz/content/hst-a4-model-trenirovochnaya-myagkaya","1903","HST-A4 Модель тренировочная мягкая","","Стоматологические материалы","piece","KZT","","","false","Публичная карточка каталога AllForDent; цена и наличие требуют подтверждения поставщиком."
"allfordent","ТОО AllForDent","https://a4d.kz/content/hst-a3-model-trenirovochnaya-detskaya-zhestkaya","1902","HST-A3 Модель тренировочная детская жесткая","","Стоматологические материалы","piece","KZT","","","false","Публичная карточка каталога AllForDent; цена и наличие требуют подтверждения поставщиком."
"allfordent","ТОО AllForDent","https://a4d.kz/content/hst-a1-model-trenirovochnaya-zhestkaya","1901","HST-A1 Модель тренировочная жесткая","","Стоматологические материалы","piece","KZT","","","false","Публичная карточка каталога AllForDent; цена и наличие требуют подтверждения поставщиком."
"allfordent","ТОО AllForDent","https://a4d.kz/content/hst-a7-model-trenirovochnaya","1905","HST-A7 Модель тренировочная","","Стоматологические материалы","piece","KZT","","","false","Публичная карточка каталога AllForDent; цена и наличие требуют подтверждения поставщиком."
"allfordent","ТОО AllForDent","https://a4d.kz/content/hst-a5-model-trenirovochnaya","1904","HST-A5 Модель тренировочная","","Стоматологические материалы","piece","KZT","","","false","Публичная карточка каталога AllForDent; цена и наличие требуют подтверждения поставщиком."
"allfordent","ТОО AllForDent","https://a4d.kz/content/endolineyka-plastikovaya","1307","Эндолинейка Пластиковая","","Стоматологические материалы","piece","KZT","","","false","Публичная карточка каталога AllForDent; цена и наличие требуют подтверждения поставщиком."
"allfordent","ТОО AllForDent","https://a4d.kz/content/endolineyka-alyuminievaya","5500","Эндолинейка Алюминиевая","","Стоматологические материалы","piece","KZT","","","false","Публичная карточка каталога AllForDent; цена и наличие требуют подтверждения поставщиком."
"allfordent","ТОО AllForDent","https://a4d.kz/content/screw-post-reamer-spr-1-6-32mm","5080","Screw post reamer (SPR) 1-6 32mm","","Стоматологические материалы","piece","KZT","","","false","Публичная карточка каталога AllForDent; цена и наличие требуют подтверждения поставщиком."
"allfordent","ТОО AllForDent","https://a4d.kz/content/endodonticheskie-applikatorydlya-dozirovaniya-past-kremov-i-drugih-preparatov","1505","Эндодонтические аппликаторыдля дозирования паст, кремов и других препаратов.","","Стоматологические материалы","piece","KZT","","","false","Публичная карточка каталога AllForDent; цена и наличие требуют подтверждения поставщиком."
"allfordent","ТОО AllForDent","https://a4d.kz/content/c-gutta-guapercha-dlya-obturacionnoy-sistemy-0","6327","C-gutta гуаперча для обтурационной системы","","Стоматологические материалы","piece","KZT","","","false","Публичная карточка каталога AllForDent; цена и наличие требуют подтверждения поставщиком."
"allfordent","ТОО AllForDent","https://a4d.kz/content/guttaperchevye-shtifty-reciproc","1074","Гуттаперчевые штифты RECIPROC","","Стоматологические материалы","piece","KZT","","","false","Публичная карточка каталога AllForDent; цена и наличие требуют подтверждения поставщиком."
"allfordent","ТОО AllForDent","https://a4d.kz/content/gutaperchevye-shtifty-f-f1f2f3f4f5-assorti-f1-f5","1070","Гутаперчевые штифты F F1,F2,F3,F4,F5 ассорти F1-F5","","Стоматологические материалы","piece","KZT","","","false","Публичная карточка каталога AllForDent; цена и наличие требуют подтверждения поставщиком."
"allfordent","ТОО AllForDent","https://a4d.kz/content/soco-s-one-s-one-plus-212531mm-mashinnye-fayly-s-recipkrokom","1285","SOCO S-One, S-One plus 21/25/31мм машинные файлы с реципкроком","","Стоматологические материалы","piece","KZT","","","false","Публичная карточка каталога AllForDent; цена и наличие требуют подтверждения поставщиком."
"allfordent","ТОО AllForDent","https://a4d.kz/content/motor-so-shlangom-dlya-endomotora-s-apekslokatorom-c-smart-1-pro","6361","Мотор со шлангом для эндомотора с апекслокатором C-SMART-1 PRO","","Стоматологические материалы","piece","KZT","","","false","Публичная карточка каталога AllForDent; цена и наличие требуют подтверждения поставщиком."
"allfordent","ТОО AllForDent","https://a4d.kz/content/rotornye-fayly-nic","7039","Роторные файлы NIC A","","Стоматологические материалы","piece","KZT","","","false","Публичная карточка каталога AllForDent; цена и наличие требуют подтверждения поставщиком."
"allfordent","ТОО AllForDent","https://a4d.kz/content/klin-stend-dlya-ochistki-i-vremennogo-hraneniya-ispolzovannyh-faylov","1295","Клин-стенд для очистки и временного хранения использованных файлов","","Стоматологические материалы","piece","KZT","","","false","Публичная карточка каталога AllForDent; цена и наличие требуют подтверждения поставщиком."
"allfordent","ТОО AllForDent","https://a4d.kz/content/endo-chasy-derzhatel-i-chistka-faylov-na-ruke","1306","Эндо часы держатель и чистка файлов на руке","","Стоматологические материалы","piece","KZT","","","false","Публичная карточка каталога AllForDent; цена и наличие требуют подтверждения поставщиком."
"allfordent","ТОО AllForDent","https://a4d.kz/content/nakonechnik-na-endomotor","1581","Наконечник на эндомотор","","Стоматологические материалы","piece","KZT","","","false","Публичная карточка каталога AllForDent; цена и наличие требуют подтверждения поставщиком."
"allfordent","ТОО AllForDent","https://a4d.kz/content/nakonechnik-na-endomotor-c-smart-i-pro-nsk-endo-mate","1582","Наконечник на эндомотор C-SMART- I pro , NSK endo-mate","","Стоматологические материалы","piece","KZT","","","false","Публичная карточка каталога AllForDent; цена и наличие требуют подтверждения поставщиком."
"allfordent","ТОО AllForDent","https://a4d.kz/content/ultra-smart-ai-endo-ultrasonic-activator-endoaktivator","6367","Ultra Smart AI Endo Ultrasonic Activator - эндоактиватор","","Стоматологические материалы","piece","KZT","","","false","Публичная карточка каталога AllForDent; цена и наличие требуют подтверждения поставщиком."
"allfordent","ТОО AllForDent","https://a4d.kz/content/motor-so-shlangom-dlya-endomotora-s-apekslokatorom-c-smart-1","6362а","Мотор со шлангом для эндомотора с апекслокатором C-SMART-1 +","","Стоматологические материалы","piece","KZT","","","false","Публичная карточка каталога AllForDent; цена и наличие требуют подтверждения поставщиком."
"allfordent","ТОО AllForDent","https://a4d.kz/content/any-seal","1468","Any-Seal","","Стоматологические материалы","piece","KZT","","","false","Публичная карточка каталога AllForDent; цена и наличие требуют подтверждения поставщиком."
"allfordent","ТОО AllForDent","https://a4d.kz/content/any-paste","1465","Any-Paste","","Стоматологические материалы","piece","KZT","","","false","Публичная карточка каталога AllForDent; цена и наличие требуют подтверждения поставщиком."
"allfordent","ТОО AllForDent","https://a4d.kz/content/endoprep-gel-edta","1464","Endo@Prep GEL EDTA","","Стоматологические материалы","piece","KZT","","","false","Публичная карточка каталога AllForDent; цена и наличие требуют подтверждения поставщиком."
"allfordent","ТОО AllForDent","https://a4d.kz/content/hst-c6-model-s-patologiyami","5325","HST-C6 Модель с патологиями","","Стоматологические материалы","piece","KZT","","","false","Публичная карточка каталога AllForDent; цена и наличие требуют подтверждения поставщиком."
"allfordent","ТОО AllForDent","https://a4d.kz/content/hst-c11-model-s-patologiyami","1925","HST-C11 Модель с патологиями","","Стоматологические материалы","piece","KZT","","","false","Публичная карточка каталога AllForDent; цена и наличие требуют подтверждения поставщиком."
"allfordent","ТОО AllForDent","https://a4d.kz/content/hst-c4-model-s-patologiyami-implantom","1926","HST-C4 Модель с патологиями, имплантом","","Стоматологические материалы","piece","KZT","","","false","Публичная карточка каталога AllForDent; цена и наличие требуют подтверждения поставщиком."
"allfordent","ТОО AllForDent","https://a4d.kz/content/lotki-s-razdeleniem","6358","Лотки с разделением","","Стоматологические материалы","piece","KZT","","","false","Публичная карточка каталога AllForDent; цена и наличие требуют подтверждения поставщиком."
"allfordent","ТОО AllForDent","https://a4d.kz/content/ochki-zashchitnye-2","1049","Очки защитные","","Стоматологические материалы","piece","KZT","","","false","Публичная карточка каталога AllForDent; цена и наличие требуют подтверждения поставщиком."
"allfordent","ТОО AllForDent","https://a4d.kz/content/pincet","5034","пинцет","","Стоматологические материалы","piece","KZT","","","false","Публичная карточка каталога AllForDent; цена и наличие требуют подтверждения поставщиком."
"allfordent","ТОО AllForDent","https://a4d.kz/content/zazhim-pakistan","1974","Зажим Пакистан","","Стоматологические материалы","piece","KZT","","","false","Публичная карточка каталога AllForDent; цена и наличие требуют подтверждения поставщиком."
"allfordent","ТОО AllForDent","https://a4d.kz/content/ruchka-skalpelya-2","9430","Ручка скальпеля 2","","Стоматологические материалы","piece","KZT","","","false","Публичная карточка каталога AllForDent; цена и наличие требуют подтверждения поставщиком."
"allfordent","ТОО AllForDent","https://a4d.kz/content/ruchka-skalpelya-3","9431","Ручка скальпеля 3","","Стоматологические материалы","piece","KZT","","","false","Публичная карточка каталога AllForDent; цена и наличие требуют подтверждения поставщиком."
"allfordent","ТОО AllForDent","https://a4d.kz/content/pistolet-inekcionnyy","7054","Пистолет иньекционный","","Стоматологические материалы","piece","KZT","","","false","Публичная карточка каталога AllForDent; цена и наличие требуют подтверждения поставщиком."
"allfordent","ТОО AllForDent","https://a4d.kz/content/shchipcy-hirurgicheskie","5242","Щипцы хирургические","","Стоматологические материалы","piece","KZT","","","false","Публичная карточка каталога AllForDent; цена и наличие требуют подтверждения поставщиком."
"allfordent","ТОО AllForDent","https://a4d.kz/content/nabor-elevatorov-angliya-1","1963","Набор элеваторов Англия","","Стоматологические материалы","piece","KZT","","","false","Публичная карточка каталога AllForDent; цена и наличие требуют подтверждения поставщиком."
"allfordent","ТОО AllForDent","https://a4d.kz/content/universalnye-shchipcy-no3-angliya","5029","Универсальные щипцы №3 (Англия)","","Стоматологические материалы","piece","KZT","","","false","Публичная карточка каталога AllForDent; цена и наличие требуют подтверждения поставщиком."
"allfordent","ТОО AllForDent","https://a4d.kz/content/universalnye-shchipcy-no2-angliya","5028","Универсальные щипцы №2 (Англия)","","Стоматологические материалы","piece","KZT","","","false","Публичная карточка каталога AllForDent; цена и наличие требуют подтверждения поставщиком."
"allfordent","ТОО AllForDent","https://a4d.kz/content/universalnye-shchipcy-no1-angliya","5027","Универсальные щипцы №1 (Англия)","","Стоматологические материалы","piece","KZT","","","false","Публичная карточка каталога AllForDent; цена и наличие требуют подтверждения поставщиком."
"allfordent","ТОО AllForDent","https://a4d.kz/content/nabor-pakistan","1972","Набор Пакистан","","Стоматологические материалы","piece","KZT","","","false","Публичная карточка каталога AllForDent; цена и наличие требуют подтверждения поставщиком."
"allfordent","ТОО AllForDent","https://a4d.kz/content/avtoklaviruemye-nasadki-dlya-zashchity-ot-ostryh-kraya-na-vsasyvayushchih-trubkah","1435","Автоклавируемые насадки для защиты от острых края на всасывающих трубках","","Стоматологические материалы","piece","KZT","","","false","Публичная карточка каталога AllForDent; цена и наличие требуют подтверждения поставщиком."
"allfordent","ТОО AllForDent","https://a4d.kz/content/evakuatory-slyunootsosydlya-beskontaktnogo-udaleniya-zhidkostey","1034","Эвакуаторы слюноотсосыдля бесконтактного удаления жидкостей","","Стоматологические материалы","piece","KZT","","","false","Публичная карточка каталога AllForDent; цена и наличие требуют подтверждения поставщиком."
"allfordent","ТОО AllForDent","https://a4d.kz/content/perehodniki-dlya-slyunootsosov-i-pylesosov","1031","Переходники для слюноотсосов и пылесосов","","Стоматологические материалы","piece","KZT","","","false","Публичная карточка каталога AllForDent; цена и наличие требуют подтверждения поставщиком."
"allfordent","ТОО AllForDent","https://a4d.kz/content/nakonechnik-uglovoy-s3-4-ponizhayushchiy-peredacha-41","1539","Наконечник угловой С3-4 понижающий Передача: 4:1","","Стоматологические материалы","piece","KZT","","","false","Публичная карточка каталога AllForDent; цена и наличие требуют подтверждения поставщиком."
"allfordent","ТОО AllForDent","https://a4d.kz/content/lampa-na-ustanovku-galogen-la-h1-23-04","1775","Лампа на установку галоген LA-H1 23-04","","Стоматологические материалы","piece","KZT","","","false","Публичная карточка каталога AllForDent; цена и наличие требуют подтверждения поставщиком."
"allfordent","ТОО AllForDent","https://a4d.kz/content/lampa-dlya-otbelivaniyaz-zubov","7140","Лампа для отбеливанияз зубов","","Стоматологические материалы","piece","KZT","","","false","Публичная карточка каталога AllForDent; цена и наличие требуют подтверждения поставщиком."
"allfordent","ТОО AllForDent","https://a4d.kz/content/podstavka-dlya-nasadok","1764","Подставка для насадок","","Стоматологические материалы","piece","KZT","","","false","Публичная карточка каталога AllForDent; цена и наличие требуют подтверждения поставщиком."
"allfordent","ТОО AllForDent","https://a4d.kz/content/flosy-50-m","1426","Флосы 50 м","","Стоматологические материалы","piece","KZT","","","false","Публичная карточка каталога AllForDent; цена и наличие требуют подтверждения поставщиком."
"allfordent","ТОО AllForDent","https://a4d.kz/content/eyr-flo-nakonechnik-coxo-new","5073","Эйр фло наконечник COXO New","","Стоматологические материалы","piece","KZT","","","false","Публичная карточка каталога AllForDent; цена и наличие требуют подтверждения поставщиком."
"allfordent","ТОО AllForDent","https://a4d.kz/content/nasadki-poddesnevye","1762","Насадки поддесневые","","Стоматологические материалы","piece","KZT","","","false","Публичная карточка каталога AllForDent; цена и наличие требуют подтверждения поставщиком."
"allfordent","ТОО AllForDent","https://a4d.kz/content/nasadka-e62-k-skaleru-endochaks-faylom-pri-rabote-v-kornevyh-kanalah","1754","Насадка E62 к скалеру Эндочакс файлом при работе в корневых каналах","","Стоматологические материалы","piece","KZT","","","false","Публичная карточка каталога AllForDent; цена и наличие требуют подтверждения поставщиком."
"allfordent","ТОО AllForDent","https://a4d.kz/content/nasadka-e60-k-skaleru-endochaks-faylom-pri-rabote-v-kornevyh-kanalah","1753","Насадка E60 к скалеру Эндочакс файлом при работе в корневых каналах","","Стоматологические материалы","piece","KZT","","","false","Публичная карточка каталога AllForDent; цена и наличие требуют подтверждения поставщиком."
"allfordent","ТОО AllForDent","https://a4d.kz/content/nasadka-e15ded15d-dlya-udaleniya-kalcifirovannyh-fragmentov-v-kanale-zuba","1720","Насадка E15D/ED15D для удаления кальцифированных фрагментов в канале зуба","","Стоматологические материалы","piece","KZT","","","false","Публичная карточка каталога AllForDent; цена и наличие требуют подтверждения поставщиком."
"allfordent","ТОО AllForDent","https://a4d.kz/content/nasadka-e15ed15dlya-udaleniya-slomannyh-faylov-vnutri-kanala","1719","Насадка E15/ED15для удаления сломанных файлов внутри канала","","Стоматологические материалы","piece","KZT","","","false","Публичная карточка каталога AllForDent; цена и наличие требуют подтверждения поставщиком."
"allfordent","ТОО AllForDent","https://a4d.kz/content/nasadka-e14ded14d-dlya-udaleniya-kalcifirovannyh-fragmentov-v-kanale-zuba","1718","Насадка E14D/ED14D для удаления кальцифированных фрагментов в канале зуба","","Стоматологические материалы","piece","KZT","","","false","Публичная карточка каталога AllForDent; цена и наличие требуют подтверждения поставщиком."
"allfordent","ТОО AllForDent","https://a4d.kz/content/nasadka-e14ed14-dlya-udaleniya-slomannyh-faylov-vnutri-kanala","1717","Насадка E14/ED14 для удаления сломанных файлов внутри канала","","Стоматологические материалы","piece","KZT","","","false","Публичная карточка каталога AllForDent; цена и наличие требуют подтверждения поставщиком."
"allfordent","ТОО AllForDent","https://a4d.kz/content/nasadka-e11d-ili-s-almaz-kroshkoy-dlya-effektivnoy-polirov-verhushki-kornya-zuba","1715","Насадка E11D или (с алмаз. крошкой) для эффективной полиров верхушки корня зуба ретроградной подгото вке зубных каналов","","Стоматологические материалы","piece","KZT","","","false","Публичная карточка каталога AllForDent; цена и наличие требуют подтверждения поставщиком."
"allfordent","ТОО AllForDent","https://a4d.kz/content/nasadka-e11ili-s-almaz-kroshkoy-dlya-effektivnoy-polirov-verhushki-kornya-zuba-retrogradnoy","1714","Насадка E11или (с алмаз. крошкой) для эффективной полиров верхушки корня зуба ретроградной подгото вке зубных каналов","","Стоматологические материалы","piece","KZT","","","false","Публичная карточка каталога AllForDent; цена и наличие требуют подтверждения поставщиком."
"allfordent","ТОО AllForDent","https://a4d.kz/content/nasadka-e7ed7-imeet-formu-tonkoy-ochen-ostroy-iglydlya-udaleniya-inorodnyh-tel-iz-kornevogo","1709","Насадка E7/ED7 имеет форму тонкой очень острой иглы;для удаления инородных тел из корневого канала","","Стоматологические материалы","piece","KZT","","","false","Публичная карточка каталога AllForDent; цена и наличие требуют подтверждения поставщиком."
"allfordent","ТОО AllForDent","https://a4d.kz/content/nasadka-e6","1708","Насадка E6","","Стоматологические материалы","piece","KZT","","","false","Публичная карточка каталога AllForDent; цена и наличие требуют подтверждения поставщиком."
"allfordent","ТОО AllForDent","https://a4d.kz/content/nasadka-e5d-s-almaz-kroshkoy-dlya-udaleniya-prepyatstviy-pri-plombirovanii-kornevogo-kanala","1707","Насадка E5D (с алмаз. крошкой) для удаления препятствий при пломбировании корневого канала","","Стоматологические материалы","piece","KZT","","","false","Публичная карточка каталога AllForDent; цена и наличие требуют подтверждения поставщиком."
"allfordent","ТОО AllForDent","https://a4d.kz/content/nasadka-e5-s-almaz-kroshkoy-dlya-udaleniya-prepyatstviy-pri-plombirovanii-kornevogo-kanala","1706","Насадка E5 (с алмаз. крошкой) для удаления препятствий при пломбировании корневого канала","","Стоматологические материалы","piece","KZT","","","false","Публичная карточка каталога AllForDent; цена и наличие требуют подтверждения поставщиком."
"allfordent","ТОО AllForDent","https://a4d.kz/content/nasadka-e4d-s-almaz-kroshkoy-dlya-udaleniya-kalcificirovannyh-fragmentov-i-plombiro-vochnogo","1705","Насадка E4D (с алмаз. крошкой) для удаления кальцифицированных фрагментов и пломбиро вочного материала","","Стоматологические материалы","piece","KZT","","","false","Публичная карточка каталога AllForDent; цена и наличие требуют подтверждения поставщиком."
"allfordent","ТОО AllForDent","https://a4d.kz/content/nasadka-e4-s-almaz-kroshkoy-dlya-udaleniya-kalcificirovannyh-fragmentov-i-plombiro-vochnogo","1704","Насадка E4 (с алмаз. крошкой) для удаления кальцифицированных фрагментов и пломбиро вочного материала","","Стоматологические материалы","piece","KZT","","","false","Публичная карточка каталога AllForDent; цена и наличие требуют подтверждения поставщиком."
"allfordent","ТОО AllForDent","https://a4d.kz/content/nasadka-e3d-s-almaz-kroshkoy-dlya-rastaplivaniya-guttaperchi","1703","Насадка E3D (с алмаз. крошкой) для растапливания гуттаперчи","","Стоматологические материалы","piece","KZT","","","false","Публичная карточка каталога AllForDent; цена и наличие требуют подтверждения поставщиком."
"allfordent","ТОО AllForDent","https://a4d.kz/content/nasadka-e3-s-almaz-kroshkoy-dlya-rastaplivaniya-guttaperchi","1702","Насадка E3 (с алмаз. крошкой) для растапливания гуттаперчи","","Стоматологические материалы","piece","KZT","","","false","Публичная карточка каталога AllForDent; цена и наличие требуют подтверждения поставщиком."
"allfordent","ТОО AllForDent","https://a4d.kz/content/nasadka-e2ed2-endochak-95deg","1698","Насадка E2/ED2 Эндочак 95°","","Стоматологические материалы","piece","KZT","","","false","Публичная карточка каталога AllForDent; цена и наличие требуют подтверждения поставщиком."
"allfordent","ТОО AllForDent","https://a4d.kz/content/nasadka-e1ed1-endochak-120deg","1697","Насадка E1/ED1 Эндочак 120°","","Стоматологические материалы","piece","KZT","","","false","Публичная карточка каталога AllForDent; цена и наличие требуют подтверждения поставщиком."
"allfordent","ТОО AllForDent","https://a4d.kz/content/klyuch-k-nasadkam-u-file-0","7828","Ключ к насадкам U-file","","Стоматологические материалы","piece","KZT","","","false","Публичная карточка каталога AllForDent; цена и наличие требуют подтверждения поставщиком."
"allfordent","ТОО AllForDent","https://a4d.kz/content/klyuch-k-nasadkam-u-file","1700","Ключ к насадкам U-file","","Стоматологические материалы","piece","KZT","","","false","Публичная карточка каталога AllForDent; цена и наличие требуют подтверждения поставщиком."
"allfordent","ТОО AllForDent","https://a4d.kz/content/u-fayly-u-files-dlya-obrabotkirasshireniya-kanalov-udaleniya-omertvevshih-tkaney","1699","У-файлы (U-Files) - для обработки,расширения каналов, удаления омертвевших тканей","","Стоматологические материалы","piece","KZT","","","false","Публичная карточка каталога AllForDent; цена и наличие требуют подтверждения поставщиком."
"allfordent","ТОО AllForDent","https://a4d.kz/content/nabor-endo","1701","Набор эндо","","Стоматологические материалы","piece","KZT","","","false","Публичная карточка каталога AllForDent; цена и наличие требуют подтверждения поставщиком."
"allfordent","ТОО AllForDent","https://a4d.kz/content/vrn-q6-air-master-dva-apparata-v-odnom-ultrazvukovoy-skaler-eyr-flo","1636","VRN-Q6 AIR-MASTER Два аппарата в одном Ультразвуковой скалер +эйр фло.","","Стоматологические материалы","piece","KZT","","","false","Публичная карточка каталога AllForDent; цена и наличие требуют подтверждения поставщиком."
"allfordent","ТОО AllForDent","https://a4d.kz/content/08-ultrazvukovoy-skaler","1632","A-08 ультразвуковой скалер.","","Стоматологические материалы","piece","KZT","","","false","Публичная карточка каталога AllForDent; цена и наличие требуют подтверждения поставщиком."
"allfordent","ТОО AllForDent","https://a4d.kz/content/ds7-ultrazvukovoy-skaler-avtonomnaya-podacha-svetom","1638","Ds7+ ультразвуковой скалер автономная подача светом","","Стоматологические материалы","piece","KZT","","","false","Публичная карточка каталога AllForDent; цена и наличие требуют подтверждения поставщиком."
"allfordent","ТОО AllForDent","https://a4d.kz/content/k08d","1633","K08D","","Стоматологические материалы","piece","KZT","","","false","Публичная карточка каталога AllForDent; цена и наличие требуют подтверждения поставщиком."
"allfordent","ТОО AllForDent","https://a4d.kz/content/voldent-1","1637","Voldent 1","","Стоматологические материалы","piece","KZT","","","false","Публичная карточка каталога AllForDent; цена и наличие требуют подтверждения поставщиком."
"allfordent","ТОО AllForDent","https://a4d.kz/content/boks-dlya-shtiftov","3017","Бокс для штифтов","","Стоматологические материалы","piece","KZT","","","false","Публичная карточка каталога AllForDent; цена и наличие требуют подтверждения поставщиком."
"allfordent","ТОО AllForDent","https://a4d.kz/content/elastichnye-applikatory","1289","Эластичные аппликаторы","","Стоматологические материалы","piece","KZT","","","false","Публичная карточка каталога AllForDent; цена и наличие требуют подтверждения поставщиком."
"allfordent","ТОО AllForDent","https://a4d.kz/content/endo-bor-0","1450","Эндо-бор","","Стоматологические материалы","piece","KZT","","","false","Публичная карточка каталога AllForDent; цена и наличие требуют подтверждения поставщиком."
"allfordent","ТОО AllForDent","https://a4d.kz/content/gutta-percha-bar","7116","Gutta Percha Bar","","Стоматологические материалы","piece","KZT","","","false","Публичная карточка каталога AllForDent; цена и наличие требуют подтверждения поставщиком."
"allfordent","ТОО AllForDent","https://a4d.kz/content/gutta-percha-obturation-pen","6357","Gutta Percha obturation pen","","Стоматологические материалы","piece","KZT","","","false","Публичная карточка каталога AllForDent; цена и наличие требуют подтверждения поставщиком."
"allfordent","ТОО AllForDent","https://a4d.kz/content/endoaspirator","1290","Эндоаспиратор","","Стоматологические материалы","piece","KZT","","","false","Публичная карточка каталога AllForDent; цена и наличие требуют подтверждения поставщиком."
"allfordent","ТОО AllForDent","https://a4d.kz/content/ultra-whale-endoaktivator","6428","Ultra whale эндоактиватор","","Стоматологические материалы","piece","KZT","","","false","Публичная карточка каталога AllForDent; цена и наличие требуют подтверждения поставщиком."
"allfordent","ТОО AllForDent","https://a4d.kz/content/nasadki-na-endoaktivator-0","6369","Насадки на эндоактиватор","","Стоматологические материалы","piece","KZT","","","false","Публичная карточка каталога AllForDent; цена и наличие требуют подтверждения поставщиком."
"allfordent","ТОО AllForDent","https://a4d.kz/content/ultra-smart-endo-ultrasonic-activator-endoaktivator","1561","Ultra Smart Endo Ultrasonic Activator эндоактиватор","","Стоматологические материалы","piece","KZT","","","false","Публичная карточка каталога AllForDent; цена и наличие требуют подтверждения поставщиком."
"allfordent","ТОО AllForDent","https://a4d.kz/content/tfilepath-file","1271","T+FILE(Path file)","","Стоматологические материалы","piece","KZT","","","false","Публичная карточка каталога AllForDent; цена и наличие требуют подтверждения поставщиком."
"allfordent","ТОО AllForDent","https://a4d.kz/content/x-file-perelechivanie-kornevyh-kanalov","1277","X-file перелечивание корневых каналов","","Стоматологические материалы","piece","KZT","","","false","Публичная карточка каталога AllForDent; цена и наличие требуют подтверждения поставщиком."
"allfordent","ТОО AllForDent","https://a4d.kz/content/v-blue-reciproc","1275","V BLUE (Reciproc)","","Стоматологические материалы","piece","KZT","","","false","Публичная карточка каталога AllForDent; цена и наличие требуют подтверждения поставщиком."
"allfordent","ТОО AllForDent","https://a4d.kz/content/w-file-wave-one","1274","W-FILE (WAVE ONE)","","Стоматологические материалы","piece","KZT","","","false","Публичная карточка каталога AllForDent; цена и наличие требуют подтверждения поставщиком."
"allfordent","ТОО AllForDent","https://a4d.kz/content/u-file","1279","U-file","","Стоматологические материалы","piece","KZT","","","false","Публичная карточка каталога AllForDent; цена и наличие требуют подтверждения поставщиком."
"allfordent","ТОО AllForDent","https://a4d.kz/content/kryuchki-na-apekslokator","1579","Крючки на апекслокатор","","Стоматологические материалы","piece","KZT","","","false","Публичная карточка каталога AllForDent; цена и наличие требуют подтверждения поставщиком."
"allfordent","ТОО AllForDent","https://a4d.kz/content/coxo-c-root-i-vi-apekslokator-s-vstroennym-pulptesterom","7173","COXO C Root I (VI) апекслокатор с встроенным пульптестером","","Стоматологические материалы","piece","KZT","","","false","Публичная карточка каталога AllForDent; цена и наличие требуют подтверждения поставщиком."
"allfordent","ТОО AllForDent","https://a4d.kz/content/c-smart-mini-ap-besprovodnoy-endodonticheskiy-apparat-s-apekslokatorom","1554","C-Smart mini AP Беспроводной эндодонтический аппарат с апекслокатором","","Стоматологические материалы","piece","KZT","","","false","Публичная карточка каталога AllForDent; цена и наличие требуют подтверждения поставщиком."
"allfordent","ТОО AllForDent","https://a4d.kz/content/endomotor-c-smart-i-pilot-apekslokatorom","6362","Эндомотор C-smart -I Pilot апекслокатором","","Стоматологические материалы","piece","KZT","","","false","Публичная карточка каталога AllForDent; цена и наличие требуют подтверждения поставщиком."
"allfordent","ТОО AllForDent","https://a4d.kz/content/endo-debrider-h-type-endo-openers-k-type","5079","Endo Debrider (H type) Endo Openers (K type)","","Стоматологические материалы","piece","KZT","","","false","Публичная карточка каталога AllForDent; цена и наличие требуют подтверждения поставщиком."
"allfordent","ТОО AllForDent","https://a4d.kz/content/ruchnoy-plager-dlya-vertikalnoy-kondensacii-0","6326","Ручной плагер для вертикальной конденсации","","Стоматологические материалы","piece","KZT","","","false","Публичная карточка каталога AllForDent; цена и наличие требуют подтверждения поставщиком."
"allfordent","ТОО AllForDent","https://a4d.kz/content/ruchnoy-plager-dlya-vertikalnoy-kondensacii","1572","Ручной плагер для вертикальной конденсации","","Стоматологические материалы","piece","KZT","","","false","Публичная карточка каталога AllForDent; цена и наличие требуют подтверждения поставщиком."
"allfordent","ТОО AllForDent","https://a4d.kz/content/c-gutta-guapercha-dlya-obturacionnoy-sistemy","1576","C-gutta гуаперча для обтурационной системы","","Стоматологические материалы","piece","KZT","","","false","Публичная карточка каталога AllForDent; цена и наличие требуют подтверждения поставщиком."
"allfordent","ТОО AllForDent","https://a4d.kz/content/heat-plunger-nasadki-dlya-obturacionnoy-sistemy","1575","Heat plunger насадки для обтурационной системы","","Стоматологические материалы","piece","KZT","","","false","Публичная карточка каталога AllForDent; цена и наличие требуют подтверждения поставщиком."
"allfordent","ТОО AllForDent","https://a4d.kz/content/gun-needle-igly-dlya-obturacionnoy-sistemy","1573","Gun needle иглы для обтурационной системы","","Стоматологические материалы","piece","KZT","","","false","Публичная карточка каталога AllForDent; цена и наличие требуют подтверждения поставщиком."
"allfordent","ТОО AllForDent","https://a4d.kz/content/easy-fill-obturacionnaya-sistema","6430","Easy Fill обтурационная система","","Стоматологические материалы","piece","KZT","","","false","Публичная карточка каталога AllForDent; цена и наличие требуют подтверждения поставщиком."
"allfordent","ТОО AllForDent","https://a4d.kz/content/easy-pack-obturacionnaya-sistema","6429","Easy Pack обтурационная система","","Стоматологические материалы","piece","KZT","","","false","Публичная карточка каталога AllForDent; цена и наличие требуют подтверждения поставщиком."
"allfordent","ТОО AllForDent","https://a4d.kz/content/obturacionnaya-sistema","1564","Обтурационная система","","Стоматологические материалы","piece","KZT","","","false","Публичная карточка каталога AllForDent; цена и наличие требуют подтверждения поставщиком."
"allfordent","ТОО AllForDent","https://a4d.kz/content/stul-vracha-scd06","7007","Стул врача SCD06","","Стоматологические материалы","piece","KZT","","","false","Публичная карточка каталога AllForDent; цена и наличие требуют подтверждения поставщиком."
"allfordent","ТОО AllForDent","https://a4d.kz/content/stul-vracha-scd05","7006","Стул врача SCD05","","Стоматологические материалы","piece","KZT","","","false","Публичная карточка каталога AllForDent; цена и наличие требуют подтверждения поставщиком."
"allfordent","ТОО AllForDent","https://a4d.kz/content/mikroskop-optika-leica-c-clear-2-fotopapparat-canon-monitor","1599","Микроскоп оптика Leica C-CLEAR 2+ фотопаппарат Canon, монитор","","Стоматологические материалы","piece","KZT","","","false","Публичная карточка каталога AllForDent; цена и наличие требуют подтверждения поставщиком."
"allfordent","ТОО AllForDent","https://a4d.kz/content/mikroskop-optika-leica-s-clear-1","1600","Микроскоп оптика Leica С-CLEAR 1","","Стоматологические материалы","piece","KZT","","","false","Публичная карточка каталога AllForDent; цена и наличие требуют подтверждения поставщиком."
"allfordent","ТОО AllForDent","https://a4d.kz/content/pluggers-plager-niti","5077","Pluggers Плагер Niti","","Стоматологические материалы","piece","KZT","","","false","Публичная карточка каталога AllForDent; цена и наличие требуют подтверждения поставщиком."
"allfordent","ТОО AllForDent","https://a4d.kz/content/pluggers-plager-stalnye","1263","Pluggers Плагер стальные","","Стоматологические материалы","piece","KZT","","","false","Публичная карточка каталога AllForDent; цена и наличие требуют подтверждения поставщиком."
"allfordent","ТОО AllForDent","https://a4d.kz/content/rimery-niti-0","5076","Римеры Niti","","Стоматологические материалы","piece","KZT","","","false","Публичная карточка каталога AllForDent; цена и наличие требуют подтверждения поставщиком."
"allfordent","ТОО AllForDent","https://a4d.kz/content/reamers-rimery","1264","Reamers Римеры","","Стоматологические материалы","piece","KZT","","","false","Публичная карточка каталога AllForDent; цена и наличие требуют подтверждения поставщиком."
"allfordent","ТОО AllForDent","https://a4d.kz/content/spredery-niti","5075","Спредеры Niti","","Стоматологические материалы","piece","KZT","","","false","Публичная карточка каталога AllForDent; цена и наличие требуют подтверждения поставщиком."
"allfordent","ТОО AllForDent","https://a4d.kz/content/spreaders-spredery","1262","Spreaders Спредеры","","Стоматологические материалы","piece","KZT","","","false","Публичная карточка каталога AllForDent; цена и наличие требуют подтверждения поставщиком."
"allfordent","ТОО AllForDent","https://a4d.kz/content/endo-sponges-diski-porolonovye","1294","Endo sponges Диски поролоновые","","Стоматологические материалы","piece","KZT","","","false","Публичная карточка каталога AllForDent; цена и наличие требуют подтверждения поставщиком."
"allfordent","ТОО AllForDent","https://a4d.kz/content/klin-stend","1293","Клин-стенд","","Стоматологические материалы","piece","KZT","","","false","Публичная карточка каталога AllForDent; цена и наличие требуют подтверждения поставщиком."
"allfordent","ТОО AllForDent","https://a4d.kz/content/shpric-dlya-promyvaniya-kornevogo-kanala-bez-igly","1287","Шприц для промывания корневого канала без иглы","","Стоматологические материалы","piece","KZT","","","false","Публичная карточка каталога AllForDent; цена и наличие требуют подтверждения поставщиком."
"allfordent","ТОО AllForDent","https://a4d.kz/content/endoigly-dlya-promyvaniyakanalas-odnim-ili-dvumya-otverstiyami","1286","Эндоиглы для промыванияканалас одним или двумя отверстиями","","Стоматологические материалы","piece","KZT","","","false","Публичная карточка каталога AllForDent; цена и наличие требуют подтверждения поставщиком."
"allfordent","ТОО AllForDent","https://a4d.kz/content/c-files","1265","C-Files","","Стоматологические материалы","piece","KZT","","","false","Публичная карточка каталога AllForDent; цена и наличие требуют подтверждения поставщиком."
"allfordent","ТОО AllForDent","https://a4d.kz/content/niti-k-fayl","1269","Niti K-файл","","Стоматологические материалы","piece","KZT","","","false","Публичная карточка каталога AllForDent; цена и наличие требуют подтверждения поставщиком."
"allfordent","ТОО AllForDent","https://a4d.kz/content/pezo-rimers","1268","Пьезо римерс","","Стоматологические материалы","piece","KZT","","","false","Публичная карточка каталога AllForDent; цена и наличие требуют подтверждения поставщиком."
"allfordent","ТОО AllForDent","https://a4d.kz/content/geyts-drili","1267","Гейтс дрили","","Стоматологические материалы","piece","KZT","","","false","Публичная карточка каталога AllForDent; цена и наличие требуют подтверждения поставщиком."
"allfordent","ТОО AllForDent","https://a4d.kz/content/kanalonapolnitel-paste-carriers","1266","Каналонаполнитель Paste carriers","","Стоматологические материалы","piece","KZT","","","false","Публичная карточка каталога AllForDent; цена и наличие требуют подтверждения поставщиком."
"allfordent","ТОО AllForDent","https://a4d.kz/content/konteyner-72","1311","Контейнер 72","","Стоматологические материалы","piece","KZT","","","false","Публичная карточка каталога AllForDent; цена и наличие требуют подтверждения поставщиком."
"allfordent","ТОО AllForDent","https://a4d.kz/content/endo-sponges-premium-diski-malye","1297","Endo sponges Premium Диски малые","","Стоматологические материалы","piece","KZT","","","false","Публичная карточка каталога AllForDent; цена и наличие требуют подтверждения поставщиком."
"allfordent","ТОО AllForDent","https://a4d.kz/content/klin-stend-malyy","1296","Клин-стенд малый","","Стоматологические материалы","piece","KZT","","","false","Публичная карточка каталога AllForDent; цена и наличие требуют подтверждения поставщиком."
"allfordent","ТОО AllForDent","https://a4d.kz/content/endo-sponges-premium-diski","1292","Endo sponges Premium Диски","","Стоматологические материалы","piece","KZT","","","false","Публичная карточка каталога AllForDent; цена и наличие требуют подтверждения поставщиком."
"allfordent","ТОО AllForDent","https://a4d.kz/content/klin-stend-premium-avtoklaviruemye","1291","Клин-стенд Premium автоклавируемые","","Стоматологические материалы","piece","KZT","","","false","Публичная карточка каталога AllForDent; цена и наличие требуют подтверждения поставщиком."
"allfordent","ТОО AllForDent","https://a4d.kz/content/h-fayl-niti","1261","H-файл Niti","","Стоматологические материалы","piece","KZT","","","false","Публичная карточка каталога AllForDent; цена и наличие требуют подтверждения поставщиком."
"allfordent","ТОО AllForDent","https://a4d.kz/content/k-fayl-niti","1260","K-файл Niti","","Стоматологические материалы","piece","KZT","","","false","Публичная карточка каталога AllForDent; цена и наличие требуют подтверждения поставщиком."
"allfordent","ТОО AllForDent","https://a4d.kz/content/lepestki-dlya-faylov","1270","Лепестки для файлов","","Стоматологические материалы","piece","KZT","","","false","Публичная карточка каталога AllForDent; цена и наличие требуют подтверждения поставщиком."
"allfordent","ТОО AllForDent","https://a4d.kz/content/h-fayl-stalnye","1259","H-файл стальные","","Стоматологические материалы","piece","KZT","","","false","Публичная карточка каталога AllForDent; цена и наличие требуют подтверждения поставщиком."
"allfordent","ТОО AllForDent","https://a4d.kz/content/k-fayl-stalnye","1258","К-файл стальные","","Стоматологические материалы","piece","KZT","","","false","Публичная карточка каталога AllForDent; цена и наличие требуют подтверждения поставщиком."
"allfordent","ТОО AllForDent","https://a4d.kz/content/pulpoekstraktor","1257","Пульпоэкстрактор","","Стоматологические материалы","piece","KZT","","","false","Публичная карточка каталога AllForDent; цена и наличие требуют подтверждения поставщиком."
"allfordent","ТОО AllForDent","https://a4d.kz/content/super-path-fayly-sani","1253","Super Path файлы SANI","","Стоматологические материалы","piece","KZT","","","false","Публичная карточка каталога AllForDent; цена и наличие требуют подтверждения поставщиком."
"allfordent","ТОО AllForDent","https://a4d.kz/content/g3-file-dlya-podgotovki-kanalov-sani","1252","G3 FILE для подготовки каналов SANI","","Стоматологические материалы","piece","KZT","","","false","Публичная карточка каталога AllForDent; цена и наличие требуют подтверждения поставщиком."
"allfordent","ТОО AllForDent","https://a4d.kz/content/rimery-niti","3024","Римеры Niti","","Стоматологические материалы","piece","KZT","","","false","Публичная карточка каталога AllForDent; цена и наличие требуют подтверждения поставщиком."
"allfordent","ТОО AllForDent","https://a4d.kz/content/sistema-dlya-izvlecheniya-slomannyh-instrmentov","6368","Система для извлечения сломанных инстрментов","","Стоматологические материалы","piece","KZT","","","false","Публичная карточка каталога AllForDent; цена и наличие требуют подтверждения поставщиком."
"allfordent","ТОО AllForDent","https://a4d.kz/content/konteyner-dlya-faylov","7048","Контейнер для файлов","","Стоматологические материалы","piece","KZT","","","false","Публичная карточка каталога AllForDent; цена и наличие требуют подтверждения поставщиком."
"allfordent","ТОО AllForDent","https://a4d.kz/content/endoboks-0","5502","Эндобокс","","Стоматологические материалы","piece","KZT","","","false","Публичная карточка каталога AllForDent; цена и наличие требуют подтверждения поставщиком."
"allfordent","ТОО AllForDent","https://a4d.kz/content/endoboks","1316","Эндобокс","","Стоматологические материалы","piece","KZT","","","false","Публичная карточка каталога AllForDent; цена и наличие требуют подтверждения поставщиком."
"allfordent","ТОО AllForDent","https://a4d.kz/content/endolineyka","1308","Эндолинейка","","Стоматологические материалы","piece","KZT","","","false","Публичная карточка каталога AllForDent; цена и наличие требуют подтверждения поставщиком."
"allfordent","ТОО AllForDent","https://a4d.kz/content/endonapersnik-s-lineykoy-1","1314","Эндонаперсник с линейкой","","Стоматологические материалы","piece","KZT","","","false","Публичная карточка каталога AllForDent; цена и наличие требуют подтверждения поставщиком."
"allfordent","ТОО AllForDent","https://a4d.kz/content/endonapersnik-s-lineykoy-0","1313","Эндонаперсник с линейкой","","Стоматологические материалы","piece","KZT","","","false","Публичная карточка каталога AllForDent; цена и наличие требуют подтверждения поставщиком."
"allfordent","ТОО AllForDent","https://a4d.kz/content/endonapersnik-s-lineykoy","1312","Эндонаперсник с линейкой","","Стоматологические материалы","piece","KZT","","","false","Публичная карточка каталога AllForDent; цена и наличие требуют подтверждения поставщиком."
"allfordent","ТОО AllForDent","https://a4d.kz/content/endoblok-s-endolineykoy","1300","Эндоблок с эндолинейкой","","Стоматологические материалы","piece","KZT","","","false","Публичная карточка каталога AllForDent; цена и наличие требуют подтверждения поставщиком."
"allfordent","ТОО AllForDent","https://a4d.kz/content/endoblok-s-endolineykoy-premium","1299","Эндоблок с эндолинейкой Premium","","Стоматологические материалы","piece","KZT","","","false","Публичная карточка каталога AllForDent; цена и наличие требуют подтверждения поставщиком."
"allfordent","ТОО AllForDent","https://a4d.kz/content/fayl-derzhatel","7043","Файл-держатель","","Стоматологические материалы","piece","KZT","","","false","Публичная карточка каталога AllForDent; цена и наличие требуют подтверждения поставщиком."
"allfordent","ТОО AllForDent","https://a4d.kz/content/h-fayly-niti","3029","H-файлы Niti","","Стоматологические материалы","piece","KZT","","","false","Публичная карточка каталога AllForDent; цена и наличие требуют подтверждения поставщиком."
"allfordent","ТОО AllForDent","https://a4d.kz/content/k-fayly-niti-sani","1251","К-файлы Niti SANI","","Стоматологические материалы","piece","KZT","","","false","Публичная карточка каталога AllForDent; цена и наличие требуют подтверждения поставщиком."
"allfordent","ТОО AllForDent","https://a4d.kz/content/hst-b8-01-ortodonticheskaya-model","8919","HST-B8-01 Ортодонтическая модель","","Стоматологические материалы","piece","KZT","","","false","Публичная карточка каталога AllForDent; цена и наличие требуют подтверждения поставщиком."
"allfordent","ТОО AllForDent","https://a4d.kz/content/hst-b8-ortodonticheskaya-model","8918","HST-B8 Ортодонтическая модель","","Стоматологические материалы","piece","KZT","","","false","Публичная карточка каталога AllForDent; цена и наличие требуют подтверждения поставщиком."
"allfordent","ТОО AllForDent","https://a4d.kz/content/hst-b7-03-ortodonticheskaya-model-keramicheskie-brekety","8917","HST-B7-03 Ортодонтическая модель керамические брекеты","","Стоматологические материалы","piece","KZT","","","false","Публичная карточка каталога AllForDent; цена и наличие требуют подтверждения поставщиком."
"allfordent","ТОО AllForDent","https://a4d.kz/content/hst-b7-02-ortodonticheskaya-model-metallicheskie-brekety","8916","HST-B7-02 Ортодонтическая модель металлические брекеты","","Стоматологические материалы","piece","KZT","","","false","Публичная карточка каталога AllForDent; цена и наличие требуют подтверждения поставщиком."
"allfordent","ТОО AllForDent","https://a4d.kz/content/hst-b7-01-ortodonticheskaya-model-metallicheskie-brekety","8915","HST-B7-01 Ортодонтическая модель металлические брекеты","","Стоматологические материалы","piece","KZT","","","false","Публичная карточка каталога AllForDent; цена и наличие требуют подтверждения поставщиком."
"allfordent","ТОО AllForDent","https://a4d.kz/content/hst-b7-ortodonticheskaya-model","8914а","HST-B7 Ортодонтическая модель","","Стоматологические материалы","piece","KZT","","","false","Публичная карточка каталога AllForDent; цена и наличие требуют подтверждения поставщиком."
"allfordent","ТОО AllForDent","https://a4d.kz/content/hst-b6-03-ortodonticheskaya-model-brekety-keramicheskie","8914","HST-B6-03 Ортодонтическая модель брекеты керамические","","Стоматологические материалы","piece","KZT","","","false","Публичная карточка каталога AllForDent; цена и наличие требуют подтверждения поставщиком."
"allfordent","ТОО AllForDent","https://a4d.kz/content/hst-b6-02-ortodonticheskaya-model-metallicheskie-breketykeramicheskie","8913","HST-B6-02 Ортодонтическая модель металлические брекеты/керамические","","Стоматологические материалы","piece","KZT","","","false","Публичная карточка каталога AllForDent; цена и наличие требуют подтверждения поставщиком."
"allfordent","ТОО AllForDent","https://a4d.kz/content/hst-b6-01-ortodonticheskaya-model-metallicheskie-brekety","8912","HST-B6-01 Ортодонтическая модель металлические брекеты","","Стоматологические материалы","piece","KZT","","","false","Публичная карточка каталога AllForDent; цена и наличие требуют подтверждения поставщиком."
"allfordent","ТОО AllForDent","https://a4d.kz/content/hst-b6-ortodonticheskaya-model","8911","HST-B6 Ортодонтическая модель","","Стоматологические материалы","piece","KZT","","","false","Публичная карточка каталога AllForDent; цена и наличие требуют подтверждения поставщиком."
"allfordent","ТОО AllForDent","https://a4d.kz/content/hst-b5-03-ortodonticheskaya-model-brekety-keramicheskie","8910","HST-B5-03 Ортодонтическая модель брекеты керамические","","Стоматологические материалы","piece","KZT","","","false","Публичная карточка каталога AllForDent; цена и наличие требуют подтверждения поставщиком."
"allfordent","ТОО AllForDent","https://a4d.kz/content/hst-b5-02-ortodonticheskaya-model-brekety-metalkeramicheskie","8909","HST-B5-02 Ортодонтическая модель брекеты метал./керамические","","Стоматологические материалы","piece","KZT","","","false","Публичная карточка каталога AllForDent; цена и наличие требуют подтверждения поставщиком."
"allfordent","ТОО AllForDent","https://a4d.kz/content/hst-b5-01-ortodonticheskaya-model-metallicheskie-brekety","8908","HST-B5-01 Ортодонтическая модель металлические брекеты","","Стоматологические материалы","piece","KZT","","","false","Публичная карточка каталога AllForDent; цена и наличие требуют подтверждения поставщиком."
"allfordent","ТОО AllForDent","https://a4d.kz/content/hst-b5-ortodonticheskaya-model","1917","HST-B5 Ортодонтическая модель","","Стоматологические материалы","piece","KZT","","","false","Публичная карточка каталога AllForDent; цена и наличие требуют подтверждения поставщиком."
"allfordent","ТОО AllForDent","https://a4d.kz/content/hst-b4-03-ortodonticheskaya-model-brekety-keramicheskie","8907","HST-B4-03 Ортодонтическая модель брекеты керамические","","Стоматологические материалы","piece","KZT","","","false","Публичная карточка каталога AllForDent; цена и наличие требуют подтверждения поставщиком."
"allfordent","ТОО AllForDent","https://a4d.kz/content/hst-b4-02-ortodonticheskaya-model-brekety-metalkeramicheskie","8906","HST-B4-02 Ортодонтическая модель брекеты метал./керамические","","Стоматологические материалы","piece","KZT","","","false","Публичная карточка каталога AllForDent; цена и наличие требуют подтверждения поставщиком."
"allfordent","ТОО AllForDent","https://a4d.kz/content/hst-b4-01-ortodonticheskaya-model-brekety-metalicheskie","8905","HST-B4-01 Ортодонтическая модель брекеты металические","","Стоматологические материалы","piece","KZT","","","false","Публичная карточка каталога AllForDent; цена и наличие требуют подтверждения поставщиком."
"allfordent","ТОО AllForDent","https://a4d.kz/content/hst-b4-ortodonticheskaya-model","1916","HST-B4 Ортодонтическая модель","","Стоматологические материалы","piece","KZT","","","false","Публичная карточка каталога AllForDent; цена и наличие требуют подтверждения поставщиком."
"allfordent","ТОО AllForDent","https://a4d.kz/content/hst-b3-03-ortodonticheskaya-model-brekety-keramicheskie","8904","HST-B3-03 Ортодонтическая модель брекеты керамические","","Стоматологические материалы","piece","KZT","","","false","Публичная карточка каталога AllForDent; цена и наличие требуют подтверждения поставщиком."
"allfordent","ТОО AllForDent","https://a4d.kz/content/hst-b3-02-ortodonticheskaya-model-brekety-metalkeramicheskie","8903","HST-B3-02 Ортодонтическая модель брекеты метал./керамические","","Стоматологические материалы","piece","KZT","","","false","Публичная карточка каталога AllForDent; цена и наличие требуют подтверждения поставщиком."
"allfordent","ТОО AllForDent","https://a4d.kz/content/hst-b3-01-ortodonticheskaya-model-metalicheskie-brekety","8902","HST-B3-01 Ортодонтическая модель металические брекеты","","Стоматологические материалы","piece","KZT","","","false","Публичная карточка каталога AllForDent; цена и наличие требуют подтверждения поставщиком."
"allfordent","ТОО AllForDent","https://a4d.kz/content/hst-b3-ortodonticheskaya-model","8901","HST-B3 Ортодонтическая модель","","Стоматологические материалы","piece","KZT","","","false","Публичная карточка каталога AllForDent; цена и наличие требуют подтверждения поставщиком."
"allfordent","ТОО AllForDent","https://a4d.kz/content/hst-b2-03-ortodonticheskaya-model-brekety-keramicheskie","1915","HST-B2-03 Ортодонтическая модель брекеты керамические","","Стоматологические материалы","piece","KZT","","","false","Публичная карточка каталога AllForDent; цена и наличие требуют подтверждения поставщиком."
"allfordent","ТОО AllForDent","https://a4d.kz/content/hst-b2-02-ortodonticheskaya-model-brekety-metalkeramicheskie","1914","HST-B2-02 Ортодонтическая модель брекеты метал./керамические","","Стоматологические материалы","piece","KZT","","","false","Публичная карточка каталога AllForDent; цена и наличие требуют подтверждения поставщиком."
"allfordent","ТОО AllForDent","https://a4d.kz/content/hst-b2-01-ortodonticheskaya-model-brekety-metalicheskie","1913","HST-B2-01 Ортодонтическая модель брекеты металические","","Стоматологические материалы","piece","KZT","","","false","Публичная карточка каталога AllForDent; цена и наличие требуют подтверждения поставщиком."
"allfordent","ТОО AllForDent","https://a4d.kz/content/hst-b2-ortodonticheskaya-model","1912","HST-B2 Ортодонтическая модель","","Стоматологические материалы","piece","KZT","","","false","Публичная карточка каталога AllForDent; цена и наличие требуют подтверждения поставщиком."
"allfordent","ТОО AllForDent","https://a4d.kz/content/hst-b1-03-ortodonticheskaya-model-brekety-keramicheskie","1911","HST-B1-03 Ортодонтическая модель брекеты керамические","","Стоматологические материалы","piece","KZT","","","false","Публичная карточка каталога AllForDent; цена и наличие требуют подтверждения поставщиком."
"allfordent","ТОО AllForDent","https://a4d.kz/content/hst-b8-02-ortodonticheskaya-model-metallicheskie-brekety","8920","HST-B8-02 Ортодонтическая модель металлические брекеты","","Стоматологические материалы","piece","KZT","","","false","Публичная карточка каталога AllForDent; цена и наличие требуют подтверждения поставщиком."
"allfordent","ТОО AllForDent","https://a4d.kz/content/hst-b1-01-ortodonticheskaya-model-brekety-metalicheskie","1909","HST-B1-01 Ортодонтическая модель брекеты металические","","Стоматологические материалы","piece","KZT","","","false","Публичная карточка каталога AllForDent; цена и наличие требуют подтверждения поставщиком."
"allfordent","ТОО AllForDent","https://a4d.kz/content/hst-b1-ortodonticheskaya-model","1908","HST-B1 Ортодонтическая модель","","Стоматологические материалы","piece","KZT","","","false","Публичная карточка каталога AllForDent; цена и наличие требуют подтверждения поставщиком."
"allfordent","ТОО AllForDent","https://a4d.kz/content/hirurg","7358","Хирург","","Стоматологические материалы","piece","KZT","","","false","Публичная карточка каталога AllForDent; цена и наличие требуют подтверждения поставщиком."
"allfordent","ТОО AllForDent","https://a4d.kz/content/zubnye-shchetki-detskie","5158","Зубные щетки детские","","Стоматологические материалы","piece","KZT","","","false","Публичная карточка каталога AllForDent; цена и наличие требуют подтверждения поставщиком."
"allfordent","ТОО AllForDent","https://a4d.kz/content/hst-c1-model-s-patologiyami-implantom","1921","HST-C1 Модель с патологиями, имплантом","","Стоматологические материалы","piece","KZT","","","false","Публичная карточка каталога AllForDent; цена и наличие требуют подтверждения поставщиком."
"allfordent","ТОО AllForDent","https://a4d.kz/content/hst-c12-model-s-kariesom","1930","HST-C12 Модель с кариесом","","Стоматологические материалы","piece","KZT","","","false","Публичная карточка каталога AllForDent; цена и наличие требуют подтверждения поставщиком."
"allfordent","ТОО AllForDent","https://a4d.kz/content/hst-c13-model-s-patologiyami-nerv","1928","HST-C13 Модель с патологиями, нерв","","Стоматологические материалы","piece","KZT","","","false","Публичная карточка каталога AllForDent; цена и наличие требуют подтверждения поставщиком."
"allfordent","ТОО AllForDent","https://a4d.kz/content/shchipcy-ortodonticheskie","9005","Щипцы ортодонтические","","Стоматологические материалы","piece","KZT","","","false","Публичная карточка каталога AllForDent; цена и наличие требуют подтверждения поставщиком."
"allfordent","ТОО AllForDent","https://a4d.kz/content/instrument-dlya-pripasovki-kolec-band-pusher","1864","Инструмент для припасовки колец (Band pusher)","","Стоматологические материалы","piece","KZT","","","false","Публичная карточка каталога AllForDent; цена и наличие требуют подтверждения поставщиком."
"allfordent","ТОО AllForDent","https://a4d.kz/content/pozicioner-dlya-ustanovki-breketov-s-reguliruemoy-rabochey-chastyu-razmery-slm","2767","Позиционер для установки брекетов с регулируемой рабочей частью Размеры S/L/M","","Стоматологические материалы","piece","KZT","","","false","Публичная карточка каталога AllForDent; цена и наличие требуют подтверждения поставщиком."
"allfordent","ТОО AllForDent","https://a4d.kz/content/hst-b8-03-ortodonticheskaya-model-metallicheskie-brekety","8921","HST-B8-03 Ортодонтическая модель металлические брекеты","","Стоматологические материалы","piece","KZT","","","false","Публичная карточка каталога AllForDent; цена и наличие требуют подтверждения поставщиком."
"allfordent","ТОО AllForDent","https://a4d.kz/content/shchipcy-adamsa-dlya-formirovaniya-izgibov-na-duge","9004","Щипцы Адамса для формирования изгибов на дуге","","Стоматологические материалы","piece","KZT","","","false","Публичная карточка каталога AllForDent; цена и наличие требуют подтверждения поставщиком."
"allfordent","ТОО AllForDent","https://a4d.kz/content/shchipcy-s-ploskim-nosikom-dlya-raboty-s-provolokoy","7064","Щипцы с плоским носиком для работы с проволокой","","Стоматологические материалы","piece","KZT","","","false","Публичная карточка каталога AllForDent; цена и наличие требуют подтверждения поставщиком."
"allfordent","ТОО AllForDent","https://a4d.kz/content/nabor-instrumentov","7064а","Набор инструментов","","Стоматологические материалы","piece","KZT","","","false","Публичная карточка каталога AllForDent; цена и наличие требуют подтверждения поставщиком."
"allfordent","ТОО AllForDent","https://a4d.kz/content/mezhdugovaya-sistema-quad-helix","2768","Междуговая система QUAD HELIX","","Стоматологические материалы","piece","KZT","","","false","Публичная карточка каталога AllForDent; цена и наличие требуют подтверждения поставщиком."
"allfordent","ТОО AllForDent","https://a4d.kz/content/treynery-alignment","1850","Трейнеры ALIGNMENT","","Стоматологические материалы","piece","KZT","","","false","Публичная карточка каталога AllForDent; цена и наличие требуют подтверждения поставщиком."
"allfordent","ТОО AllForDent","https://a4d.kz/content/treyner","7053","Трейнер","","Стоматологические материалы","piece","KZT","","","false","Публичная карточка каталога AllForDent; цена и наличие требуют подтверждения поставщиком."
"allfordent","ТОО AllForDent","https://a4d.kz/content/treyner-finishnyy-t4f-retencionnyy","1847","Трейнер финишный T4F ретенционный","","Стоматологические материалы","piece","KZT","","","false","Публичная карточка каталога AllForDent; цена и наличие требуют подтверждения поставщиком."
"allfordent","ТОО AllForDent","https://a4d.kz/content/treynertmd-sustavnaya-shina-dlya-diagnostiktiki-i-lecheniya-disfunkcii-vnchs","1848","ТрейнерTMD суставная шина для диагностиктики и лечения дисфункции ВНЧС","","Стоматологические материалы","piece","KZT","","","false","Публичная карточка каталога AllForDent; цена и наличие требуют подтверждения поставщиком."
"allfordent","ТОО AllForDent","https://a4d.kz/content/ershiki-07081012-mm-0","1897","Ершики 0,7/0.8/1.0/1.2 мм","","Стоматологические материалы","piece","KZT","","","false","Публичная карточка каталога AllForDent; цена и наличие требуют подтверждения поставщиком."
"allfordent","ТОО AllForDent","https://a4d.kz/content/ershiki-07081012-mm","7862","Ершики 0,7/0.8/1.0/1.2 мм","","Стоматологические материалы","piece","KZT","","","false","Публичная карточка каталога AllForDent; цена и наличие требуют подтверждения поставщиком."
"allfordent","ТОО AllForDent","https://a4d.kz/content/licevaya-maska-1","1890","Лицевая маска","","Стоматологические материалы","piece","KZT","","","false","Публичная карточка каталога AllForDent; цена и наличие требуют подтверждения поставщиком."
"allfordent","ТОО AllForDent","https://a4d.kz/content/face-bow-universal-asimmetrichnye-licevye-dugi","1900","Face Bow - Universal Асимметричные лицевые дуги","","Стоматологические материалы","piece","KZT","","","false","Публичная карточка каталога AllForDent; цена и наличие требуют подтверждения поставщиком."
"allfordent","ТОО AllForDent","https://a4d.kz/content/zerkalo","8930","зеркало","","Стоматологические материалы","piece","KZT","","","false","Публичная карточка каталога AllForDent; цена и наличие требуют подтверждения поставщиком."
"allfordent","ТОО AllForDent","https://a4d.kz/content/niti-roll-1214161820","1898","Niti roll 12/14/16/18/20","","Стоматологические материалы","piece","KZT","","","false","Публичная карточка каталога AllForDent; цена и наличие требуют подтверждения поставщиком."
"allfordent","ТОО AllForDent","https://a4d.kz/content/torsion-pad","5109","Torsion Pad","","Стоматологические материалы","piece","KZT","","","false","Публичная карточка каталога AllForDent; цена и наличие требуют подтверждения поставщиком."
"allfordent","ТОО AllForDent","https://a4d.kz/content/vinty-ortodonticheskie-8mm-9mm-11mm-13mm14-mm-0","1877","Винты ортодонтические 8mm, 9mm, 11mm, 13mm,14 mm","","Стоматологические материалы","piece","KZT","","","false","Публичная карточка каталога AllForDent; цена и наличие требуют подтверждения поставщиком."
"allfordent","ТОО AllForDent","https://a4d.kz/content/zamki-ortodonticheskie-na-6-ye-zuby-3g-0","5047","Замки ортодонтические на 6-ые зубы - 3G","","Стоматологические материалы","piece","KZT","","","false","Публичная карточка каталога AllForDent; цена и наличие требуют подтверждения поставщиком."
"allfordent","ТОО AllForDent","https://a4d.kz/content/zamki-ortodonticheskie-na-6-ye-zuby-combnation-buccal-tubes-0","5049","Замки ортодонтические на 6-ые зубы - Combnation buccal tubes","","Стоматологические материалы","piece","KZT","","","false","Публичная карточка каталога AllForDent; цена и наличие требуют подтверждения поставщиком."
"allfordent","ТОО AllForDent","https://a4d.kz/content/zamki-ortodonticheskie-na-6-ye-zuby-1g-0","5045","Замки ортодонтические на 6-ые зубы - 1G","","Стоматологические материалы","piece","KZT","","","false","Публичная карточка каталога AllForDent; цена и наличие требуют подтверждения поставщиком."
"allfordent","ТОО AllForDent","https://a4d.kz/content/samoligiruyushchie-zamki","5042","Самолигирующие замки","","Стоматологические материалы","piece","KZT","","","false","Публичная карточка каталога AllForDent; цена и наличие требуют подтверждения поставщиком."
"allfordent","ТОО AllForDent","https://a4d.kz/content/zamki-ortodonticheskie-na-6-ye-zuby-5g-0","5054","Замки ортодонтические на 6-ые зубы - 5G","","Стоматологические материалы","piece","KZT","","","false","Публичная карточка каталога AllForDent; цена и наличие требуют подтверждения поставщиком."
"allfordent","ТОО AllForDent","https://a4d.kz/content/zamki-ortodonticheskie-na-6-ye-zuby-sgl-0","5053","Замки ортодонтические на 6-ые зубы - Sgl","","Стоматологические материалы","piece","KZT","","","false","Публичная карточка каталога AllForDent; цена и наличие требуют подтверждения поставщиком."
"allfordent","ТОО AllForDent","https://a4d.kz/content/ss-ligatura-010012","1899","SS лигатура 010/012","","Стоматологические материалы","piece","KZT","","","false","Публичная карточка каталога AllForDent; цена и наличие требуют подтверждения поставщиком."
"allfordent","ТОО AllForDent","https://a4d.kz/content/kolca","1826","Кольца","","Стоматологические материалы","piece","KZT","","","false","Публичная карточка каталога AllForDent; цена и наличие требуют подтверждения поставщиком."
"allfordent","ТОО AllForDent","https://a4d.kz/content/lingvalnye-reteynery","1828","Лингвальные ретейнеры","","Стоматологические материалы","piece","KZT","","","false","Публичная карточка каталога AllForDent; цена и наличие требуют подтверждения поставщиком."
"allfordent","ТОО AllForDent","https://a4d.kz/content/zamki-ortodonticheskie-na-6-ye-zuby-monoblock-0","1823","Замки ортодонтические на 6-ые зубы Monoblock","","Стоматологические материалы","piece","KZT","","","false","Публичная карточка каталога AllForDent; цена и наличие требуют подтверждения поставщиком."
"allfordent","ТОО AllForDent","https://a4d.kz/content/pistolet-ortodonticheskiy-dlya-ustanovki-ligatur-lastikov-na-breket","1840","Пистолет ортодонтический для установки лигатур ластиков на брекет","","Стоматологические материалы","piece","KZT","","","false","Публичная карточка каталога AllForDent; цена и наличие требуют подтверждения поставщиком."
"allfordent","ТОО AllForDent","https://a4d.kz/content/elastichnaya-ligatura-assorti","1839","Эластичная лигатура ассорти","","Стоматологические материалы","piece","KZT","","","false","Публичная карточка каталога AllForDent; цена и наличие требуют подтверждения поставщиком."
"allfordent","ТОО AllForDent","https://a4d.kz/content/dugi-lingvalnye-ul-14x2516x16-16x2216x25-17x22-17x2518x18-18x22-18x25-19x25-21x2520x20","1817","Дуги лингвальные (U,L) 14x25,16x16, 16x22,16x25, 17x22, 17x25,18x18, 18x22, 18x25, 19x25, 21x25,20x20","","Стоматологические материалы","piece","KZT","","","false","Публичная карточка каталога AllForDent; цена и наличие требуют подтверждения поставщиком."
"allfordent","ТОО AllForDent","https://a4d.kz/content/dugi-reverse-ul-16h16-16h22-17h22-17h25-18h22-18h25-19h25-21h25","1811","Дуги Reverse (U,L) 16х16, 16х22, 17х22, 17х25, 18х22, 18х25, 19х25, 21х25","","Стоматологические материалы","piece","KZT","","","false","Публичная карточка каталога AllForDent; цена и наличие требуют подтверждения поставщиком."
"allfordent","ТОО AllForDent","https://a4d.kz/content/d-ulugi-reverse-012014016018020","1810","Д (U,L)уги Reverse 0,12;0,14;0,16;0,18;0,20","","Стоматологические материалы","piece","KZT","","","false","Публичная карточка каталога AllForDent; цена и наличие требуют подтверждения поставщиком."
"allfordent","ТОО AllForDent","https://a4d.kz/content/dugi-ssul-oblichovochnye-14x25-16x16-16x2216x25-17x22-17x2518x18-18x22-18x25-19x25","1809","Дуги SS(U,L) обличовочные 14x25, 16x16, 16x22,16x25, 17x22, 17x25,18x18, 18x22, 18x25, 19x25, 21x25,20x20","","Стоматологические материалы","piece","KZT","","","false","Публичная карточка каталога AllForDent; цена и наличие требуют подтверждения поставщиком."
"allfordent","ТОО AllForDent","https://a4d.kz/content/dugi-ss-ul-oblicovochnye-012014016018020","1808","Дуги SS (U,L) облицовочные 0,12;0,14;0,16;0,18;0,20","","Стоматологические материалы","piece","KZT","","","false","Публичная карточка каталога AllForDent; цена и наличие требуют подтверждения поставщиком."
"allfordent","ТОО AllForDent","https://a4d.kz/content/brekety-metallicheskie-ricketts","1794","Брекеты металлические Ricketts","","Стоматологические материалы","piece","KZT","","","false","Публичная карточка каталога AllForDent; цена и наличие требуют подтверждения поставщиком."
"allfordent","ТОО AllForDent","https://a4d.kz/content/brekety-metallicheskie-v-forme-gemini","1800","Брекеты металлические в форме Gemini","","Стоматологические материалы","piece","KZT","","","false","Публичная карточка каталога AllForDent; цена и наличие требуют подтверждения поставщиком."
"allfordent","ТОО AllForDent","https://a4d.kz/content/brekety-sapfirovye-paz-022-rooth-mbt-0","9432","Брекеты сапфировые паз 0.22 Rooth, MBT","","Стоматологические материалы","piece","KZT","","","false","Публичная карточка каталога AllForDent; цена и наличие требуют подтверждения поставщиком."
"allfordent","ТОО AllForDent","https://a4d.kz/content/brekety-samoligiruyushchie-1","5348","Брекеты самолигирующие","","Стоматологические материалы","piece","KZT","","","false","Публичная карточка каталога AllForDent; цена и наличие требуют подтверждения поставщиком."
"allfordent","ТОО AllForDent","https://a4d.kz/content/brekety-keramicheskie-samolegiruyushchie-paz-022","1792","Брекеты керамические самолегирующие паз 0.22","","Стоматологические материалы","piece","KZT","","","false","Публичная карточка каталога AllForDent; цена и наличие требуют подтверждения поставщиком."
"allfordent","ТОО AllForDent","https://a4d.kz/content/dugi-lingvalnye-ul-012014016018020","1816","Дуги лингвальные (U,L) 0,12;0,14;0,16;0,18;0,20","","Стоматологические материалы","piece","KZT","","","false","Публичная карточка каталога AllForDent; цена и наличие требуют подтверждения поставщиком."
"allfordent","ТОО AllForDent","https://a4d.kz/content/brekety-samoligiruyushchie-active-1g","1790","Брекеты самолигирующие Active 1G","","Стоматологические материалы","piece","KZT","","","false","Публичная карточка каталога AllForDent; цена и наличие требуют подтверждения поставщиком."
"allfordent","ТОО AllForDent","https://a4d.kz/content/brekety-1st-molar-2nd-molar","1785","Брекеты 1st Molar /2nd Molar","","Стоматологические материалы","piece","KZT","","","false","Публичная карточка каталога AllForDent; цена и наличие требуют подтверждения поставщиком."
"allfordent","ТОО AllForDent","https://a4d.kz/content/brekety-samoligiruyushchie-passive-5g","1788","Брекеты самолигирующие Passive 5G","","Стоматологические материалы","piece","KZT","","","false","Публичная карточка каталога AllForDent; цена и наличие требуют подтверждения поставщиком."
"allfordent","ТОО AllForDent","https://a4d.kz/content/kusachki-v-assortimente","1865","Кусачки в ассортименте","","Стоматологические материалы","piece","KZT","","","false","Публичная карточка каталога AllForDent; цена и наличие требуют подтверждения поставщиком."
"allfordent","ТОО AllForDent","https://a4d.kz/content/brekety-metallicheskie-paz-022","1786","Брекеты металлические паз 0.22","","Стоматологические материалы","piece","KZT","","","false","Публичная карточка каталога AllForDent; цена и наличие требуют подтверждения поставщиком."
"allfordent","ТОО AllForDent","https://a4d.kz/content/instrument-dlya-dosazhivaniya-bandazhnyh-kolec","1856","Инструмент для досаживания бандажных колец","","Стоматологические материалы","piece","KZT","","","false","Публичная карточка каталога AllForDent; цена и наличие требуют подтверждения поставщиком."
"allfordent","ТОО AllForDent","https://a4d.kz/content/dugi-tma-ul-012014016018020","1814","Дуги TMA (U,L) 0,12;0,14;0,16;0,18;0,20","","Стоматологические материалы","piece","KZT","","","false","Публичная карточка каталога AllForDent; цена и наличие требуют подтверждения поставщиком."
"allfordent","ТОО AllForDent","https://a4d.kz/content/dugi-thermal-active-ul-14x2516x16-16x2216x25-17x22-17x2518x18-18x22-18x25-19x25-21x2520x20","1813","Дуги Thermal Active (U,L) 14x25,16x16, 16x22,16x25, 17x22, 17x25,18x18, 18x22, 18x25, 19x25, 21x25,20x20","","Стоматологические материалы","piece","KZT","","","false","Публичная карточка каталога AllForDent; цена и наличие требуют подтверждения поставщиком."
"allfordent","ТОО AllForDent","https://a4d.kz/content/dugi-thermal-active-ul-012014016018020","1812","Дуги Thermal Active (U,L) 0,12;0,14;0,16;0,18,020","","Стоматологические материалы","piece","KZT","","","false","Публичная карточка каталога AllForDent; цена и наличие требуют подтверждения поставщиком."
"allfordent","ТОО AllForDent","https://a4d.kz/content/brekety-metallicheskie-1g","1797","Брекеты металлические 1G","","Стоматологические материалы","piece","KZT","","","false","Публичная карточка каталога AllForDent; цена и наличие требуют подтверждения поставщиком."
"allfordent","ТОО AllForDent","https://a4d.kz/content/hst-b1-02-ortodonticheskaya-model-brekety-metalkeramicheskie","1910","HST-B1-02 Ортодонтическая модель брекеты метал./керамические","","Стоматологические материалы","piece","KZT","","","false","Публичная карточка каталога AllForDent; цена и наличие требуют подтверждения поставщиком."
"allfordent","ТОО AllForDent","https://a4d.kz/content/hst-b9-01-ortodonticheskaya-model-brekety-metalicheskie","1920","HST-B9-01 Ортодонтическая модель брекеты металические","","Стоматологические материалы","piece","KZT","","","false","Публичная карточка каталога AllForDent; цена и наличие требуют подтверждения поставщиком."
"allfordent","ТОО AllForDent","https://a4d.kz/content/hst-b9","1919","HST-B9","","Стоматологические материалы","piece","KZT","","","false","Публичная карточка каталога AllForDent; цена и наличие требуют подтверждения поставщиком."
"allfordent","ТОО AllForDent","https://a4d.kz/content/treynery-destskie-i-3-ot-2-do-8let","1843","Трейнеры дестские i-3 от 2 до 8лет","","Стоматологические материалы","piece","KZT","","","false","Публичная карточка каталога AllForDent; цена и наличие требуют подтверждения поставщиком."
"allfordent","ТОО AllForDent","https://a4d.kz/content/treynery-destskie-infant-ot-2-do-5-let","1841","Трейнеры дестские Infant от 2 до 5 лет","","Стоматологические материалы","piece","KZT","","","false","Публичная карточка каталога AllForDent; цена и наличие требуют подтверждения поставщиком."
"allfordent","ТОО AllForDent","https://a4d.kz/content/treyner-tmj-sustavnaya-shina-dlya-dlya-ustraneniya-bolevogo-sindroma-pri-vnchs","1849","Трейнер TMJ суставная шина для для устранения болевого синдрома при (ВНЧС)","","Стоматологические материалы","piece","KZT","","","false","Публичная карточка каталога AllForDent; цена и наличие требуют подтверждения поставщиком."
"allfordent","ТОО AllForDent","https://a4d.kz/content/treyner-pri-bruksizme","1846","Трейнер при бруксизме","","Стоматологические материалы","piece","KZT","","","false","Публичная карточка каталога AllForDent; цена и наличие требуют подтверждения поставщиком."
"allfordent","ТОО AllForDent","https://a4d.kz/content/treynery-dlya-breketov-t4b-t4b2-ot-12-let-i-starshe","1845","Трейнеры для брекетов T4B, T4B2 от 12 лет и старше","","Стоматологические материалы","piece","KZT","","","false","Публичная карточка каталога AllForDent; цена и наличие требуют подтверждения поставщиком."
"allfordent","ТОО AllForDent","https://a4d.kz/content/treynery-destskie-t4k-golubye-rozovye-ot-6-do-12-let","1842","Трейнеры дестские T4K голубые , розовые от 6 до 12 лет","","Стоматологические материалы","piece","KZT","","","false","Публичная карточка каталога AllForDent; цена и наличие требуют подтверждения поставщиком."
"allfordent","ТОО AllForDent","https://a4d.kz/content/treynery-t4a-golubye-rozovye-pervaya-i-vtoraya-faza-ot-12-let-i-starshe","1844","Трейнеры T4А голубые , розовые первая и вторая фаза от 12 лет и старше","","Стоматологические материалы","piece","KZT","","","false","Публичная карточка каталога AllForDent; цена и наличие требуют подтверждения поставщиком."
"allfordent","ТОО AllForDent","https://a4d.kz/content/ortodontichesky-nabor-instrumentov","1855","Ортодонтическй набор инструментов","","Стоматологические материалы","piece","KZT","","","false","Публичная карточка каталога AllForDent; цена и наличие требуют подтверждения поставщиком."
"allfordent","ТОО AllForDent","https://a4d.kz/content/zazhim-metyu-angliya","1861","Зажим Мэтью (Англия)","","Стоматологические материалы","piece","KZT","","","false","Публичная карточка каталога AllForDent; цена и наличие требуют подтверждения поставщиком."
"allfordent","ТОО AllForDent","https://a4d.kz/content/shchipcy-dlya-snyatiya-kolec-pakistan","5018","Щипцы для снятия колец (Пакистан)","","Стоматологические материалы","piece","KZT","","","false","Публичная карточка каталога AllForDent; цена и наличие требуют подтверждения поставщиком."
"allfordent","ТОО AllForDent","https://a4d.kz/content/shchipcy-torque-dlya-provoloki-pryamougolnogo-secheniya-pakistan","5025","Щипцы Torque для проволоки прямоугольного сечения (Пакистан)","","Стоматологические материалы","piece","KZT","","","false","Публичная карточка каталога AllForDent; цена и наличие требуют подтверждения поставщиком."
"allfordent","ТОО AllForDent","https://a4d.kz/content/shchipcy-universalnye-dlya-raboty-s-dugami-i-stalnymi-ligaturami-v-polosti-rta-pakistan","5015","Щипцы универсальные для работы с дугами и стальными лигатурами в полости рта. (Пакистан)","","Стоматологические материалы","piece","KZT","","","false","Публичная карточка каталога AllForDent; цена и наличие требуют подтверждения поставщиком."
"allfordent","ТОО AllForDent","https://a4d.kz/content/instrument-dlya-ligaturnoy-provolki","7369","Инструмент для лигатурной проволки","","Стоматологические материалы","piece","KZT","","","false","Публичная карточка каталога AllForDent; цена и наличие требуют подтверждения поставщиком."
"allfordent","ТОО AllForDent","https://a4d.kz/content/kusachki-dlya-ligaturnoy-provoloki-pakistan","1858","Кусачки для лигатурной проволоки (Пакистан)","","Стоматологические материалы","piece","KZT","","","false","Публичная карточка каталога AllForDent; цена и наличие требуют подтверждения поставщиком."
"allfordent","ТОО AllForDent","https://a4d.kz/content/igloderzhatel-angliya","5035","Иглодержатель (Англия)","","Стоматологические материалы","piece","KZT","","","false","Публичная карточка каталога AllForDent; цена и наличие требуют подтверждения поставщиком."
"allfordent","ТОО AllForDent","https://a4d.kz/content/obratnyy-pincet","1863","Обратный пинцет","","Стоматологические материалы","piece","KZT","","","false","Публичная карточка каталога AllForDent; цена и наличие требуют подтверждения поставщиком."
"allfordent","ТОО AllForDent","https://a4d.kz/content/instrument-dlya-fiksacii-separacionnyh-kolec","7102","Инструмент для фиксации сепарационных колец","","Стоматологические материалы","piece","KZT","","","false","Публичная карточка каталога AllForDent; цена и наличие требуют подтверждения поставщиком."
"allfordent","ТОО AllForDent","https://a4d.kz/content/shchipcy-vayngard-dlya-zahvata-provoloki-pri-ee-vvedenii-vyvedenii-iz-polosti-rta-pakistan","1859","Щипцы Вайнгард для захвата проволоки при ее введении/ выведении из полости рта (Пакистан)","","Стоматологические материалы","piece","KZT","","","false","Публичная карточка каталога AllForDent; цена и наличие требуют подтверждения поставщиком."
"allfordent","ТОО AllForDent","https://a4d.kz/content/shchipcy-dlya-izgibaniya-provoloki-free-hook-traction-pliers-pakistan","5011","Щипцы для изгибания проволоки Free hook traction pliers Пакистан","","Стоматологические материалы","piece","KZT","","","false","Публичная карточка каталога AllForDent; цена и наличие требуют подтверждения поставщиком."
"allfordent","ТОО AllForDent","https://a4d.kz/content/shchipcy-dlya-snyatiya-kleya-pakistan","5005","Щипцы для снятия клея Пакистан","","Стоматологические материалы","piece","KZT","","","false","Публичная карточка каталога AllForDent; цена и наличие требуют подтверждения поставщиком."
"allfordent","ТОО AllForDent","https://a4d.kz/content/distalnye-kusachki-pakistan","1857","Дистальные кусачки Пакистан","","Стоматологические материалы","piece","KZT","","","false","Публичная карточка каталога AllForDent; цена и наличие требуют подтверждения поставщиком."
"allfordent","ТОО AllForDent","https://a4d.kz/content/shchipcy-dlya-izgibaniya-dug-end-bending-pliers-pakistan","5010","Щипцы для изгибания дуг End bending pliers Пакистан","","Стоматологические материалы","piece","KZT","","","false","Публичная карточка каталога AllForDent; цена и наличие требуют подтверждения поставщиком."
"allfordent","ТОО AllForDent","https://a4d.kz/content/shchipcy-dlya-snyatiya-breketov","1860","Щипцы для снятия брекетов","","Стоматологические материалы","piece","KZT","","","false","Публичная карточка каталога AllForDent; цена и наличие требуют подтверждения поставщиком."
"allfordent","ТОО AllForDent","https://a4d.kz/content/shchipcy-nance-dlya-formirovaniya-petli-pakistan","5030","Щипцы Nance для формирования петли (Пакистан)","","Стоматологические материалы","piece","KZT","","","false","Публичная карточка каталога AllForDent; цена и наличие требуют подтверждения поставщиком."
"allfordent","ТОО AllForDent","https://a4d.kz/content/shchipcy-kima-dlya-izgiba-provoloki-i-formirovaniya-petel-pakistan","5013","Щипцы Кима для изгиба проволоки и формирования петель Пакистан","","Стоматологические материалы","piece","KZT","","","false","Публичная карточка каталога AllForDent; цена и наличие требуют подтверждения поставщиком."
"allfordent","ТОО AllForDent","https://a4d.kz/content/shchipcy-kusachki-ispolzuyutsya-dlya-izgibaniya-otkusyvaniya-ili-uderzhaniya-provoloki-0","5016","Щипцы-кусачки используются для изгибания, откусывания или удержания проволоки (Пакистан)","","Стоматологические материалы","piece","KZT","","","false","Публичная карточка каталога AllForDent; цена и наличие требуют подтверждения поставщиком."
"allfordent","ТОО AllForDent","https://a4d.kz/content/j-hook-cudpidhook","18952","J-Hook - With CudpidHook","","Стоматологические материалы","piece","KZT","","","false","Публичная карточка каталога AllForDent; цена и наличие требуют подтверждения поставщиком."
"allfordent","ТОО AllForDent","https://a4d.kz/content/podborodochnaya-tyaga-combination-headgear-lms","18951","Подбородочная тяга Combination Headgear L/M/S","","Стоматологические материалы","piece","KZT","","","false","Публичная карточка каталога AllForDent; цена и наличие требуют подтверждения поставщиком."
"allfordent","ТОО AllForDent","https://a4d.kz/content/podborodochnaya-tyaga-high-pull-headgear-kit-lms","1895","Подбородочная тяга High-Pull Headgear Kit L/M/S","","Стоматологические материалы","piece","KZT","","","false","Публичная карточка каталога AllForDent; цена и наличие требуют подтверждения поставщиком."
"allfordent","ТОО AllForDent","https://a4d.kz/content/licevaya-maska-0","1891","Лицевая маска","","Стоматологические материалы","piece","KZT","","","false","Публичная карточка каталога AllForDent; цена и наличие требуют подтверждения поставщиком."
"allfordent","ТОО AllForDent","https://a4d.kz/content/licevaya-maska","1892","Лицевая маска","","Стоматологические материалы","piece","KZT","","","false","Публичная карточка каталога AllForDent; цена и наличие требуют подтверждения поставщиком."
"allfordent","ТОО AllForDent","https://a4d.kz/content/podstavka-pod-insrumenty","1854","Подставка под инсрументы","","Стоматологические материалы","piece","KZT","","","false","Публичная карточка каталога AllForDent; цена и наличие требуют подтверждения поставщиком."
"allfordent","ТОО AllForDent","https://a4d.kz/content/obogrevatel-voska-s-elekronnym-sensorom","2766","Обогреватель воска с элекронным сенсором","","Стоматологические материалы","piece","KZT","","","false","Публичная карточка каталога AllForDent; цена и наличие требуют подтверждения поставщиком."
"allfordent","ТОО AllForDent","https://a4d.kz/content/pozicioner","1866","Позиционер","","Стоматологические материалы","piece","KZT","","","false","Публичная карточка каталога AllForDent; цена и наличие требуют подтверждения поставщиком."
"allfordent","ТОО AllForDent","https://a4d.kz/content/mini-mold-nabor-silikonovyh-form-dlya-izgotovleniya-attachmentov-v-ortodontii","1875","Mini Mold – набор силиконовых форм, для изготовления аттачментов в ортодонтии","","Стоматологические материалы","piece","KZT","","","false","Публичная карточка каталога AllForDent; цена и наличие требуют подтверждения поставщиком."
"allfordent","ТОО AllForDent","https://a4d.kz/content/retraktor-dlya-kolec","1871","Ретрактор для колец","","Стоматологические материалы","piece","KZT","","","false","Публичная карточка каталога AllForDent; цена и наличие требуют подтверждения поставщиком."
"allfordent","ТОО AllForDent","https://a4d.kz/content/retraktory-polovinchatye","5088","Ретракторы половинчатые","","Стоматологические материалы","piece","KZT","","","false","Публичная карточка каталога AllForDent; цена и наличие требуют подтверждения поставщиком."
"allfordent","ТОО AllForDent","https://a4d.kz/content/retraktor-ottyagivayushchiy-vzroslyy-ili-detskiy-1","1375","Ретрактор оттягивающий взрослый или детский","","Стоматологические материалы","piece","KZT","","","false","Публичная карточка каталога AllForDent; цена и наличие требуют подтверждения поставщиком."
"allfordent","ТОО AllForDent","https://a4d.kz/content/apparat-dlya-izgotovleniya-kapp","1851","Аппарат для изготовления капп","","Стоматологические материалы","piece","KZT","","","false","Публичная карточка каталога AllForDent; цена и наличие требуют подтверждения поставщиком."
"allfordent","ТОО AllForDent","https://a4d.kz/content/plastiny-dlya-kapp-10152030-tverdyy","1853","Пластины для капп 1.0/1.5/2.0/3.0 твердый","","Стоматологические материалы","piece","KZT","","","false","Публичная карточка каталога AllForDent; цена и наличие требуют подтверждения поставщиком."
"allfordent","ТОО AllForDent","https://a4d.kz/content/plastiny-dlya-kapp-10152030-myagkie","1852","Пластины для капп 1.0/1.5/2.0/3.0 мягкие","","Стоматологические материалы","piece","KZT","","","false","Публичная карточка каталога AllForDent; цена и наличие требуют подтверждения поставщиком."
"allfordent","ТОО AllForDent","https://a4d.kz/content/elastichnaya-trubka-archwire-sleeve","2770","Эластичная трубка Archwire Sleeve","","Стоматологические материалы","piece","KZT","","","false","Публичная карточка каталога AllForDent; цена и наличие требуют подтверждения поставщиком."
"allfordent","ТОО AllForDent","https://a4d.kz/content/instrument-retainer-retrievers","5056","Инструмент Retainer retrievers","","Стоматологические материалы","piece","KZT","","","false","Публичная карточка каталога AllForDent; цена и наличие требуют подтверждения поставщиком."
"allfordent","ТОО AllForDent","https://a4d.kz/content/ortodonticheskiy-nabor-dlya-uhoda-za-breketami","1885","Ортодонтический набор для ухода за брекетами","","Стоматологические материалы","piece","KZT","","","false","Публичная карточка каталога AllForDent; цена и наличие требуют подтверждения поставщиком."
"allfordent","ТОО AllForDent","https://a4d.kz/content/vinty-ortodonticheskie-8mm-9mm-11mm-13mm14-mm","1878","Винты ортодонтические 8mm, 9mm, 11mm, 13mm,14 mm","","Стоматологические материалы","piece","KZT","","","false","Публичная карточка каталога AllForDent; цена и наличие требуют подтверждения поставщиком."
"allfordent","ТОО AllForDent","https://a4d.kz/content/vinty-ortodonticheskie-standart","1876","Винты ортодонтические стандарт","","Стоматологические материалы","piece","KZT","","","false","Публичная карточка каталога AllForDent; цена и наличие требуют подтверждения поставщиком."
"allfordent","ТОО AllForDent","https://a4d.kz/content/klyuch-dlya-vintov-0","5055","Ключ для винтов","","Стоматологические материалы","piece","KZT","","","false","Публичная карточка каталога AllForDent; цена и наличие требуют подтверждения поставщиком."
"allfordent","ТОО AllForDent","https://a4d.kz/content/ortodonticheskaya-provolka-06mm07mm08mm-09mm10mm","1880","Ортодонтическая проволка 0.6mm/0.7mm/0.8mm 0.9mm/1.0mm","","Стоматологические материалы","piece","KZT","","","false","Публичная карточка каталога AllForDent; цена и наличие требуют подтверждения поставщиком."
"allfordent","ТОО AllForDent","https://a4d.kz/content/provoloka-ligaturnaya-v-bobine-002000250030","1879","Проволока лигатурная в бобине 0.020/0.025/0.030","","Стоматологические материалы","piece","KZT","","","false","Публичная карточка каталога AllForDent; цена и наличие требуют подтверждения поставщиком."
"allfordent","ТОО AllForDent","https://a4d.kz/content/pozicioner-018-022-ortodonticheskiy-razmery-sml-premium","5064","Позиционер 0.18 /0.22 ортодонтический размеры S,M,L Premium","","Стоматологические материалы","piece","KZT","","","false","Публичная карточка каталога AllForDent; цена и наличие требуют подтверждения поставщиком."
"allfordent","ТОО AllForDent","https://a4d.kz/content/pozicioner-018-022-ortodonticheskiy-razmery-sml","1862","Позиционер 0.18 /0.22 ортодонтический размеры S,M,L","","Стоматологические материалы","piece","KZT","","","false","Публичная карточка каталога AllForDent; цена и наличие требуют подтверждения поставщиком."
"allfordent","ТОО AllForDent","https://a4d.kz/content/kontraster-1","7065","Контрастер","","Стоматологические материалы","piece","KZT","","","false","Публичная карточка каталога AllForDent; цена и наличие требуют подтверждения поставщиком."
"allfordent","ТОО AllForDent","https://a4d.kz/content/kontraster-0","7067","Контрастер","","Стоматологические материалы","piece","KZT","","","false","Публичная карточка каталога AllForDent; цена и наличие требуют подтверждения поставщиком."
"allfordent","ТОО AllForDent","https://a4d.kz/content/kontraster","7066","Контрастер","","Стоматологические материалы","piece","KZT","","","false","Публичная карточка каталога AllForDent; цена и наличие требуют подтверждения поставщиком."
"allfordent","ТОО AllForDent","https://a4d.kz/content/kontrastery","1881","Контрастеры","","Стоматологические материалы","piece","KZT","","","false","Публичная карточка каталога AllForDent; цена и наличие требуют подтверждения поставщиком."
"allfordent","ТОО AllForDent","https://a4d.kz/content/derzhatel-dlya-zerkal-so-svetom","5130","Держатель для зеркал со светом","","Стоматологические материалы","piece","KZT","","","false","Публичная карточка каталога AllForDent; цена и наличие требуют подтверждения поставщиком."
"allfordent","ТОО AllForDent","https://a4d.kz/content/ortodonticheskie-zerkala","1884","Ортодонтические зеркала","","Стоматологические материалы","piece","KZT","","","false","Публичная карточка каталога AllForDent; цена и наличие требуют подтверждения поставщиком."
"allfordent","ТОО AllForDent","https://a4d.kz/content/ortodonticheskie-zerkala-metall","1883","Ортодонтические зеркала металл","","Стоматологические материалы","piece","KZT","","","false","Публичная карточка каталога AllForDent; цена и наличие требуют подтверждения поставщиком."
"allfordent","ТОО AllForDent","https://a4d.kz/content/ortodonticheskie-zerkala-steklo","1882","Ортодонтические зеркала стекло","","Стоматологические материалы","piece","KZT","","","false","Публичная карточка каталога AllForDent; цена и наличие требуют подтверждения поставщиком."
"allfordent","ТОО AllForDent","https://a4d.kz/content/lingvalnye-reteynery-metallicheskie","1827","Лингвальные ретейнеры, металлические","","Стоматологические материалы","piece","KZT","","","false","Публичная карточка каталога AllForDent; цена и наличие требуют подтверждения поставщиком."
"allfordent","ТОО AllForDent","https://a4d.kz/content/legature-taker","9929","Legature taker","","Стоматологические материалы","piece","KZT","","","false","Публичная карточка каталога AllForDent; цена и наличие требуют подтверждения поставщиком."
"allfordent","ТОО AllForDent","https://a4d.kz/content/rezinovye-tyagi-zoo-25oz-35oz-45oz-50oz-65oz-lisa-14-belka-18-obezyana-38-krolik316-pigvin","2773","Резиновые тяги Zoo 2,5Oz 3.5Oz 4.5Oz 5.0Oz 6.5Oz Лиса 1/4 , Белка 1/8 , Обезьяна 3/8 ,Кролик3/16 , Пигвин 5/16","","Стоматологические материалы","piece","KZT","","","false","Публичная карточка каталога AllForDent; цена и наличие требуют подтверждения поставщиком."
"allfordent","ТОО AllForDent","https://a4d.kz/content/rezinovye-tyagi-25oz-35oz-45oz-50oz-65oz-lisa-14-belka-18-obezyana-38-krolik316-pigvin-516","1831","Резиновые тяги 2,5Oz 3.5Oz 4.5Oz 5.0Oz 6.5Oz Лиса 1/4 , Белка 1/8 , Обезьяна 3/8 ,Кролик3/16 , Пигвин 5/16","","Стоматологические материалы","piece","KZT","","","false","Публичная карточка каталога AllForDent; цена и наличие требуют подтверждения поставщиком."
"allfordent","ТОО AllForDent","https://a4d.kz/content/turreta-dlya-formirovaniya-dug-s-torkom","6897","Туррета для формирования дуг с торком","","Стоматологические материалы","piece","KZT","","","false","Публичная карточка каталога AllForDent; цена и наличие требуют подтверждения поставщиком."
"allfordent","ТОО AllForDent","https://a4d.kz/content/turreta-dlya-formirovaniya-dug-arch-former-aluminium","1896","Туррета для формирования дуг Arch former Aluminium","","Стоматологические материалы","piece","KZT","","","false","Публичная карточка каталога AllForDent; цена и наличие требуют подтверждения поставщиком."
"allfordent","ТОО AllForDent","https://a4d.kz/content/podstavka-dlya-dug","2769","Подставка для дуг","","Стоматологические материалы","piece","KZT","","","false","Публичная карточка каталога AllForDent; цена и наличие требуют подтверждения поставщиком."
"allfordent","ТОО AllForDent","https://a4d.kz/content/kley-ortodonticheskiy-blue-glue","2774","Клей ортодонтический Blue glue","","Стоматологические материалы","piece","KZT","","","false","Публичная карточка каталога AllForDent; цена и наличие требуют подтверждения поставщиком."
"allfordent","ТОО AllForDent","https://a4d.kz/content/kley-ortodonticheskiy-svetovoy-3-shprica-protravkabond-8-ml","1887","Клей ортодонтический световой 3 шприца протравка,бонд 8 мл","","Стоматологические материалы","piece","KZT","","","false","Публичная карточка каталога AllForDent; цена и наличие требуют подтверждения поставщиком."
"allfordent","ТОО AllForDent","https://a4d.kz/content/dugi-cu-niti-14x25-16x25-17x25-18x25-19x25","9435","Дуги Cu-Niti 14x25 16x25 17x25 18x25 19x25","","Стоматологические материалы","piece","KZT","","","false","Публичная карточка каталога AllForDent; цена и наличие требуют подтверждения поставщиком."
"allfordent","ТОО AllForDent","https://a4d.kz/content/dugi-cu-niti-013014016018020","9434","Дуги Cu-NiTi 0,13;0,14;0,16;0,18;0,20","","Стоматологические материалы","piece","KZT","","","false","Публичная карточка каталога AllForDent; цена и наличие требуют подтверждения поставщиком."
"allfordent","ТОО AllForDent","https://a4d.kz/content/dugi-niti-ul-oblichovochnye-14x25-16x16-16x25-17x22-17x25-18x18-18x22-18x25-19x25-21x25","1807","Дуги Niti (U,L) обличовочные 14x25 16x16 16x25 17x22 17x25 18x18 18x22 18x25 19x25 21x25 20x20","","Стоматологические материалы","piece","KZT","","","false","Публичная карточка каталога AllForDent; цена и наличие требуют подтверждения поставщиком."
"allfordent","ТОО AllForDent","https://a4d.kz/content/dugi-niti-ul-oblicovochnye-012014016018020","1806","Дуги NiTi (U,L) облицовочные 0,12;0,14;0,16;0,18;0,20","","Стоматологические материалы","piece","KZT","","","false","Публичная карточка каталога AllForDent; цена и наличие требуют подтверждения поставщиком."
"allfordent","ТОО AllForDent","https://a4d.kz/content/ligatury-metallicheskie-korotkie-kobayashi","1830","Лигатуры металлические короткие (Кобаяши)","","Стоматологические материалы","piece","KZT","","","false","Публичная карточка каталога AllForDent; цена и наличие требуют подтверждения поставщиком."
"allfordent","ТОО AllForDent","https://a4d.kz/content/vosk-ortodonticheskiy","1867","Воск ортодонтический","","Стоматологические материалы","piece","KZT","","","false","Публичная карточка каталога AllForDent; цена и наличие требуют подтверждения поставщиком."
"allfordent","ТОО AllForDent","https://a4d.kz/content/kolca-ortodonticheskie-s-trubkoy-razmerami-34-44","7070","Кольца ортодонтические с трубкой размерами 34-44","","Стоматологические материалы","piece","KZT","","","false","Публичная карточка каталога AllForDent; цена и наличие требуют подтверждения поставщиком."
"allfordent","ТОО AllForDent","https://a4d.kz/content/mikro-implanty-instrument","1889","Микро импланты инструмент","","Стоматологические материалы","piece","KZT","","","false","Публичная карточка каталога AllForDent; цена и наличие требуют подтверждения поставщиком."
"allfordent","ТОО AllForDent","https://a4d.kz/content/mikro-implanty","1888","Микро импланты","","Стоматологические материалы","piece","KZT","","","false","Публичная карточка каталога AllForDent; цена и наличие требуют подтверждения поставщиком."
"allfordent","ТОО AllForDent","https://a4d.kz/content/knopka-bondiruemaya-s-cepochkoy","1825","Кнопка бондируемая с цепочкой","","Стоматологические материалы","piece","KZT","","","false","Публичная карточка каталога AllForDent; цена и наличие требуют подтверждения поставщиком."
"allfordent","ТОО AllForDent","https://a4d.kz/content/knopki-s-hukom","5058","Кнопки с хуком","","Стоматологические материалы","piece","KZT","","","false","Публичная карточка каталога AllForDent; цена и наличие требуют подтверждения поставщиком."
"allfordent","ТОО AllForDent","https://a4d.kz/content/elastofors-power-chain-raznye-cveta-continue-shortlong-closed","1837","Эластофорс Power Chain разные цвета continue, short,long, closed","","Стоматологические материалы","piece","KZT","","","false","Публичная карточка каталога AllForDent; цена и наличие требуют подтверждения поставщиком."
"allfordent","ТОО AllForDent","https://a4d.kz/content/elastofors-power-chain-prozrachnyy-continue-shortlong-closed","1836","Эластофорс Power Chain прозрачный continue, short,long, closed","","Стоматологические материалы","piece","KZT","","","false","Публичная карточка каталога AllForDent; цена и наличие требуют подтверждения поставщиком."
"allfordent","ТОО AllForDent","https://a4d.kz/content/separator","1838","Сепаратор","","Стоматологические материалы","piece","KZT","","","false","Публичная карточка каталога AllForDent; цена и наличие требуют подтверждения поставщиком."
"allfordent","ТОО AllForDent","https://a4d.kz/content/elastichnaya-ligatura-na-vybor-20-cvetov-ili-assorti-bolshie-kolca","2772","Эластичная лигатура на выбор 20 цветов или ассорти большие кольца","","Стоматологические материалы","piece","KZT","","","false","Публичная карточка каталога AllForDent; цена и наличие требуют подтверждения поставщиком."
"allfordent","ТОО AllForDent","https://a4d.kz/content/elastichnaya-ligatura-seraya","1835","Эластичная лигатура серая","","Стоматологические материалы","piece","KZT","","","false","Публичная карточка каталога AllForDent; цена и наличие требуют подтверждения поставщиком."
"allfordent","ТОО AllForDent","https://a4d.kz/content/elastichnaya-ligatura-prozrachnaya","1834","Эластичная лигатура прозрачная","","Стоматологические материалы","piece","KZT","","","false","Публичная карточка каталога AllForDent; цена и наличие требуют подтверждения поставщиком."
"allfordent","ТОО AllForDent","https://a4d.kz/content/elastichnaya-ligatura-na-vybor-20-cvetov-ili-assorti","1832","Эластичная лигатура на выбор 20 цветов или ассорти","","Стоматологические материалы","piece","KZT","","","false","Публичная карточка каталога AllForDent; цена и наличие требуют подтверждения поставщиком."
"allfordent","ТОО AllForDent","https://a4d.kz/content/knopki-ortodonticheskie","1820","Кнопки ортодонтические","","Стоматологические материалы","piece","KZT","","","false","Публичная карточка каталога AllForDent; цена и наличие требуют подтверждения поставщиком."
"allfordent","ТОО AllForDent","https://a4d.kz/content/brekety-metallicheskie-verh-ili-niz","1784","Брекеты металлические верх или низ","","Стоматологические материалы","piece","KZT","","","false","Публичная карточка каталога AllForDent; цена и наличие требуют подтверждения поставщиком."
"allfordent","ТОО AllForDent","https://a4d.kz/content/brekety-metallicheskie-paz-022-mini-rooth","1782","Брекеты металлические паз 0.22 mini Rooth","","Стоматологические материалы","piece","KZT","","","false","Публичная карточка каталога AllForDent; цена и наличие требуют подтверждения поставщиком."
"allfordent","ТОО AllForDent","https://a4d.kz/content/brekety-lingvalnye","1798","Брекеты лингвальные","","Стоматологические материалы","piece","KZT","","","false","Публичная карточка каталога AllForDent; цена и наличие требуют подтверждения поставщиком."
"allfordent","ТОО AllForDent","https://a4d.kz/content/brekety-keramicheskie-paz-022-rooth-mbt","1791","Брекеты керамические паз 0.22 Rooth, MBT","","Стоматологические материалы","piece","KZT","","","false","Публичная карточка каталога AllForDent; цена и наличие требуют подтверждения поставщиком."
"allfordent","ТОО AllForDent","https://a4d.kz/content/brekety-sapfirovye-paz-022-rooth-mbt","1793","Брекеты сапфировые паз 0.22 Rooth, MBT","","Стоматологические материалы","piece","KZT","","","false","Публичная карточка каталога AllForDent; цена и наличие требуют подтверждения поставщиком."
"allfordent","ТОО AllForDent","https://a4d.kz/content/brekety-samoligiruyushchie-0","1801","Брекеты самолигирующие","","Стоматологические материалы","piece","KZT","","","false","Публичная карточка каталога AllForDent; цена и наличие требуют подтверждения поставщиком."
"allfordent","ТОО AllForDent","https://a4d.kz/content/brekety-samoligiruyushchie","9433","Брекеты самолигирующие","","Стоматологические материалы","piece","KZT","","","false","Публичная карточка каталога AllForDent; цена и наличие требуют подтверждения поставщиком."
"allfordent","ТОО AllForDent","https://a4d.kz/content/brekety-samoligiruyushchie-passive-3g","1787","Брекеты самолигирующие Passive 3G","","Стоматологические материалы","piece","KZT","","","false","Публичная карточка каталога AllForDent; цена и наличие требуют подтверждения поставщиком."
"allfordent","ТОО AllForDent","https://a4d.kz/content/brekety-samoligiruyushchie-passive-7g-damon-q","1789","Брекеты самолигирующие Passive 7G (Damon Q)","","Стоматологические материалы","piece","KZT","","","false","Публичная карточка каталога AllForDent; цена и наличие требуют подтверждения поставщиком."
"allfordent","ТОО AllForDent","https://a4d.kz/content/nabor-instrumentov-0","7138","Набор инструментов","","Стоматологические материалы","piece","KZT","","","false","Публичная карточка каталога AllForDent; цена и наличие требуют подтверждения поставщиком."
"allfordent","ТОО AllForDent","https://a4d.kz/content/koronki","2109","коронки","","Стоматологические материалы","piece","KZT","","","false","Публичная карточка каталога AllForDent; цена и наличие требуют подтверждения поставщиком."
"allfordent","ТОО AllForDent","https://a4d.kz/content/nit-retrakcionnaya-retriks-fibro-epi-razmery-0123","1425","Нить ретракционная Ретрикс фибро Эпи размеры 0/1/2/3","","Стоматологические материалы","piece","KZT","","","false","Публичная карточка каталога AllForDent; цена и наличие требуют подтверждения поставщиком."
"allfordent","ТОО AllForDent","https://a4d.kz/content/nit-retrakcionnaya-retriks-fibro-razmery-0123","1424","Нить ретракционная Ретрикс фибро размеры 0/1/2/3","","Стоматологические материалы","piece","KZT","","","false","Публичная карточка каталога AllForDent; цена и наличие требуют подтверждения поставщиком."
"allfordent","ТОО AllForDent","https://a4d.kz/content/nit-retrakcionnaya-retriks-epi-razmery-012","1423","Нить ретракционная Ретрикс эпи размеры 0/1/2","","Стоматологические материалы","piece","KZT","","","false","Публичная карточка каталога AllForDent; цена и наличие требуют подтверждения поставщиком."
"allfordent","ТОО AllForDent","https://a4d.kz/content/chashka-dlya-zameshivaniya-s-kryshkoy","5089","Чашка для замешивания с крышкой","","Стоматологические материалы","piece","KZT","","","false","Публичная карточка каталога AllForDent; цена и наличие требуют подтверждения поставщиком."
"allfordent","ТОО AllForDent","https://a4d.kz/content/derzhatel-dlya-ottisnyh-lozhek-plastikovyy-karkas-i-polochki","2017","Держатель для оттисных ложек пластиковый каркас и полочки.","","Стоматологические материалы","piece","KZT","","","false","Публичная карточка каталога AllForDent; цена и наличие требуют подтверждения поставщиком."
"allfordent","ТОО AllForDent","https://a4d.kz/content/lozhki-dlya-dvoynyh-slepkov","2016","Ложки для двойных слепков","","Стоматологические материалы","piece","KZT","","","false","Публичная карточка каталога AllForDent; цена и наличие требуют подтверждения поставщиком."
"allfordent","ТОО AllForDent","https://a4d.kz/content/metallicheskie-neperforirovannye-slepochnye-lozhki-razmery-s-m-l","9009","Металлические неперфорированные слепочные ложки Размеры - S, M, L","","Стоматологические материалы","piece","KZT","","","false","Публичная карточка каталога AllForDent; цена и наличие требуют подтверждения поставщиком."
"allfordent","ТОО AllForDent","https://a4d.kz/content/lozhki-avtoklaviruemye","7069","Ложки автоклавируемые","","Стоматологические материалы","piece","KZT","","","false","Публичная карточка каталога AllForDent; цена и наличие требуют подтверждения поставщиком."
"allfordent","ТОО AllForDent","https://a4d.kz/content/slepochnye-lozhki-ottisknye-perforirovannye-plastmassovye-lozhki-5","2011","Слепочные ложки оттискные перфорированные пластмассовые ложки","","Стоматологические материалы","piece","KZT","","","false","Публичная карточка каталога AllForDent; цена и наличие требуют подтверждения поставщиком."
"allfordent","ТОО AllForDent","https://a4d.kz/content/slepochnye-lozhki-ottisknye-perforirovannye-plastmassovye-lozhki-4","2014","Слепочные ложки оттискные перфорированные пластмассовые ложки","","Стоматологические материалы","piece","KZT","","","false","Публичная карточка каталога AllForDent; цена и наличие требуют подтверждения поставщиком."
"allfordent","ТОО AllForDent","https://a4d.kz/content/kappy-dlya-otbelivaniya","1420","Каппы для отбеливания","","Стоматологические материалы","piece","KZT","","","false","Публичная карточка каталога AllForDent; цена и наличие требуют подтверждения поставщиком."
"allfordent","ТОО AllForDent","https://a4d.kz/content/flosy-s-derzhatelem","1427","Флосы с держателем","","Стоматологические материалы","piece","KZT","","","false","Публичная карточка каталога AllForDent; цена и наличие требуют подтверждения поставщиком."
"allfordent","ТОО AllForDent","https://a4d.kz/content/karies-detektor","1578","Кариес детектор","","Стоматологические материалы","piece","KZT","","","false","Публичная карточка каталога AllForDent; цена и наличие требуют подтверждения поставщиком."
"allfordent","ТОО AllForDent","https://a4d.kz/content/nabor-dlya-snyatiya-zubnyh-otlozheniy-4-instrumenta","1983","Набор для снятия зубных отложений 4 инструмента","","Стоматологические материалы","piece","KZT","","","false","Публичная карточка каталога AllForDent; цена и наличие требуют подтверждения поставщиком."
"allfordent","ТОО AllForDent","https://a4d.kz/content/nabor-dlya-snyatiya-zubnyh-otlozheniy-9-instrumenta","1984","Набор для снятия зубных отложений 9 инструмента","","Стоматологические материалы","piece","KZT","","","false","Публичная карточка каталога AllForDent; цена и наличие требуют подтверждения поставщиком."
"allfordent","ТОО AllForDent","https://a4d.kz/content/rascvetka-klasicheskaya","1869","Расцветка класическая","","Стоматологические материалы","piece","KZT","","","false","Публичная карточка каталога AllForDent; цена и наличие требуют подтверждения поставщиком."
"allfordent","ТОО AllForDent","https://a4d.kz/content/rascvetka-3d","1868","Расцветка 3D","","Стоматологические материалы","piece","KZT","","","false","Публичная карточка каталога AllForDent; цена и наличие требуют подтверждения поставщиком."
"allfordent","ТОО AllForDent","https://a4d.kz/content/nakonechniki-na-mikromotor102-i-102l","2101","Наконечники на микромотор102 и 102L","","Стоматологические материалы","piece","KZT","","","false","Публичная карточка каталога AllForDent; цена и наличие требуют подтверждения поставщиком."
"allfordent","ТОО AllForDent","https://a4d.kz/content/paker","9107","Пакер","","Стоматологические материалы","piece","KZT","","","false","Публичная карточка каталога AllForDent; цена и наличие требуют подтверждения поставщиком."
"allfordent","ТОО AllForDent","https://a4d.kz/content/elektroshpatel","2106","Электрошпатель","","Стоматологические материалы","piece","KZT","","","false","Публичная карточка каталога AllForDent; цена и наличие требуют подтверждения поставщиком."
"allfordent","ТОО AllForDent","https://a4d.kz/content/diski-metalicheskie","2046","Диски металические","","Стоматологические материалы","piece","KZT","","","false","Публичная карточка каталога AllForDent; цена и наличие требуют подтверждения поставщиком."
"allfordent","ТОО AllForDent","https://a4d.kz/content/karborundovye-diski","2044","Карборундовые диски","","Стоматологические материалы","piece","KZT","","","false","Публичная карточка каталога AllForDent; цена и наличие требуют подтверждения поставщиком."
"allfordent","ТОО AllForDent","https://a4d.kz/content/diski-polirovochnye-na-pryamoy-nakonechnik","2047","Диски полировочные на прямой наконечник","","Стоматологические материалы","piece","KZT","","","false","Публичная карточка каталога AllForDent; цена и наличие требуют подтверждения поставщиком."
"allfordent","ТОО AllForDent","https://a4d.kz/content/diskoderzhatel-na-pryamoy-nakonechnik-pod-diski-metalicheskie-i-polirovochnye","2050","Дискодержатель на прямой наконечник под диски металические и полировочные","","Стоматологические материалы","piece","KZT","","","false","Публичная карточка каталога AllForDent; цена и наличие требуют подтверждения поставщиком."
"allfordent","ТОО AllForDent","https://a4d.kz/content/shtangencirkul-cifrovoy-mikrometr","7100","Штангенциркуль, цифровой микрометр","","Стоматологические материалы","piece","KZT","","","false","Публичная карточка каталога AllForDent; цена и наличие требуют подтверждения поставщиком."
"allfordent","ТОО AllForDent","https://a4d.kz/content/ortopedicheskiy-elevatordlya-raskrytiya-koronki-angliya","5022","Ортопедический элеватордля раскрытия коронки. (Англия)","","Стоматологические материалы","piece","KZT","","","false","Публичная карточка каталога AllForDent; цена и наличие требуют подтверждения поставщиком."
"allfordent","ТОО AllForDent","https://a4d.kz/content/shchipcy-dlya-razdviganiya-krayov-koronki-crown-breaker-angliya-0","5008","Щипцы для раздвигания краёв коронки Crown breaker (Англия)","","Стоматологические материалы","piece","KZT","","","false","Публичная карточка каталога AllForDent; цена и наличие требуют подтверждения поставщиком."
"allfordent","ТОО AllForDent","https://a4d.kz/content/polirovochnye-shchetki-0","2043","Полировочные щетки","","Стоматологические материалы","piece","KZT","","","false","Публичная карточка каталога AllForDent; цена и наличие требуют подтверждения поставщиком."
"allfordent","ТОО AllForDent","https://a4d.kz/content/polirovochnye-shchetki","2042","Полировочные щетки","","Стоматологические материалы","piece","KZT","","","false","Публичная карточка каталога AllForDent; цена и наличие требуют подтверждения поставщиком."
"allfordent","ТОО AllForDent","https://a4d.kz/content/gorelka-0","5115","Горелка","","Стоматологические материалы","piece","KZT","","","false","Публичная карточка каталога AllForDent; цена и наличие требуют подтверждения поставщиком."
"allfordent","ТОО AllForDent","https://a4d.kz/content/okklyudator-magnitnyy","2032","Окклюдатор магнитный","","Стоматологические материалы","piece","KZT","","","false","Публичная карточка каталога AllForDent; цена и наличие требуют подтверждения поставщиком."
"allfordent","ТОО AllForDent","https://a4d.kz/content/okklyudator","2031","Окклюдатор","","Стоматологические материалы","piece","KZT","","","false","Публичная карточка каталога AllForDent; цена и наличие требуют подтверждения поставщиком."
"allfordent","ТОО AllForDent","https://a4d.kz/content/mikrometr-zubotehnicheskiy","2102","Микрометр зуботехнический","","Стоматологические материалы","piece","KZT","","","false","Публичная карточка каталога AllForDent; цена и наличие требуют подтверждения поставщиком."
"allfordent","ТОО AllForDent","https://a4d.kz/content/polimerizator-dlya-plastmass","5057","Полимеризатор для пластмасс","","Стоматологические материалы","piece","KZT","","","false","Публичная карточка каталога AllForDent; цена и наличие требуют подтверждения поставщиком."
"allfordent","ТОО AllForDent","https://a4d.kz/content/gorelka","8215","Горелка","","Стоматологические материалы","piece","KZT","","","false","Публичная карточка каталога AllForDent; цена и наличие требуют подтверждения поставщиком."
"allfordent","ТОО AllForDent","https://a4d.kz/content/poliry-zubotehnicheskie","2036","Полиры зуботехнические","","Стоматологические материалы","piece","KZT","","","false","Публичная карточка каталога AllForDent; цена и наличие требуют подтверждения поставщиком."
"allfordent","ТОО AllForDent","https://a4d.kz/content/polirovochnye-shchetki-na-pryamoy-nakonechnik-0","2039","Полировочные щетки на прямой наконечник","","Стоматологические материалы","piece","KZT","","","false","Публичная карточка каталога AllForDent; цена и наличие требуют подтверждения поставщиком."
"allfordent","ТОО AllForDent","https://a4d.kz/content/polirovochnye-shchetki-na-pryamoy-nakonechnik","2040","Полировочные щетки на прямой наконечник","","Стоматологические материалы","piece","KZT","","","false","Публичная карточка каталога AllForDent; цена и наличие требуют подтверждения поставщиком."
"allfordent","ТОО AllForDent","https://a4d.kz/content/trigger","2028","Триггер","","Стоматологические материалы","piece","KZT","","","false","Публичная карточка каталога AllForDent; цена и наличие требуют подтверждения поставщиком."
"allfordent","ТОО AllForDent","https://a4d.kz/content/boks-48","1356","Бокс 48","","Стоматологические материалы","piece","KZT","","","false","Публичная карточка каталога AllForDent; цена и наличие требуют подтверждения поставщиком."
"allfordent","ТОО AllForDent","https://a4d.kz/content/boks-vrashchayushchiysya","1357","Бокс вращающийся","","Стоматологические материалы","piece","KZT","","","false","Публичная карточка каталога AllForDent; цена и наличие требуют подтверждения поставщиком."
"allfordent","ТОО AllForDent","https://a4d.kz/content/magnitnyy-derzhatel-dlya-borov","1358","Магнитный держатель для боров","","Стоматологические материалы","piece","KZT","","","false","Публичная карточка каталога AllForDent; цена и наличие требуют подтверждения поставщиком."
"allfordent","ТОО AllForDent","https://a4d.kz/content/zubotehnicheskie-poliry-nabor","7040","Зуботехнические полиры набор","","Стоматологические материалы","piece","KZT","","","false","Публичная карточка каталога AllForDent; цена и наличие требуют подтверждения поставщиком."
"allfordent","ТОО AllForDent","https://a4d.kz/content/formy-cokolya","2026","Формы цоколя","","Стоматологические материалы","piece","KZT","","","false","Публичная карточка каталога AllForDent; цена и наличие требуют подтверждения поставщиком."
"allfordent","ТОО AllForDent","https://a4d.kz/content/eyr-flo-apparat","1594","Эйр фло аппарат","","Стоматологические материалы","piece","KZT","","","false","Публичная карточка каталога AllForDent; цена и наличие требуют подтверждения поставщиком."
"allfordent","ТОО AllForDent","https://a4d.kz/content/boks-dlya-kapp","5104","Бокс для капп","","Стоматологические материалы","piece","KZT","","","false","Публичная карточка каталога AllForDent; цена и наличие требуют подтверждения поставщиком."
"allfordent","ТОО AllForDent","https://a4d.kz/content/konteynery-dlya-hraneniya-kapelaynerov-detskie","1349","Контейнеры для хранения кап/элайнеров детские","","Стоматологические материалы","piece","KZT","","","false","Публичная карточка каталога AllForDent; цена и наличие требуют подтверждения поставщиком."
"allfordent","ТОО AllForDent","https://a4d.kz/content/ankernye-shtifty-otvertkaklyuch-razmery-091012141618","7073","Анкерные штифты отвертка+ключ размеры 0,9/1.0/1.2/1.4/1.6/1.8","","Стоматологические материалы","piece","KZT","","","false","Публичная карточка каталога AllForDent; цена и наличие требуют подтверждения поставщиком."
"allfordent","ТОО AllForDent","https://a4d.kz/content/chashka-dlya-zameshivaniya-akrila-gipsa-slepochnoy-massy-i-alginata","2024","Чашка для замешивания акрила гипса слепочной массы и альгината.","","Стоматологические материалы","piece","KZT","","","false","Публичная карточка каталога AllForDent; цена и наличие требуют подтверждения поставщиком."
"allfordent","ТОО AllForDent","https://a4d.kz/content/stalnye-shtifty-razmery-l1l2l3m1m2m3-s1s2s3","5119","Стальные штифты Размеры L1/L2/L3/M1/M2/M3/ S1/S2/S3","","Стоматологические материалы","piece","KZT","","","false","Публичная карточка каталога AllForDent; цена и наличие требуют подтверждения поставщиком."
"allfordent","ТОО AllForDent","https://a4d.kz/content/koronkosnimatel-avtomaticheskiy-asim-de-1216","5060","Коронкосниматель автоматический Asim DE-1216","","Стоматологические материалы","piece","KZT","","","false","Публичная карточка каталога AllForDent; цена и наличие требуют подтверждения поставщиком."
"allfordent","ТОО AllForDent","https://a4d.kz/content/koronkosnimatel-kop-turciya-innercionnyyknopka-komplekt-3-nasadki","5059","Коронкосниматель КОП (Турция) иннерционный\кнопка (комплект 3 насадки)","","Стоматологические материалы","piece","KZT","","","false","Публичная карточка каталога AllForDent; цена и наличие требуют подтверждения поставщиком."
"allfordent","ТОО AllForDent","https://a4d.kz/content/mikromotor-zubotehnicheskiy-no7-s200","2100","Микромотор зуботехнический №7 S200","","Стоматологические материалы","piece","KZT","","","false","Публичная карточка каталога AllForDent; цена и наличие требуют подтверждения поставщиком."
"allfordent","ТОО AllForDent","https://a4d.kz/content/konteynery-dlya-ortodonticheskih-plastinok-protezov","1353","Контейнеры для ортодонтических пластинок, протезов","","Стоматологические материалы","piece","KZT","","","false","Публичная карточка каталога AllForDent; цена и наличие требуют подтверждения поставщиком."
"allfordent","ТОО AllForDent","https://a4d.kz/content/nabor-slepochnyh-lozhek","5087","Набор слепочных ложек","","Стоматологические материалы","piece","KZT","","","false","Публичная карточка каталога AllForDent; цена и наличие требуют подтверждения поставщиком."
"allfordent","ТОО AllForDent","https://a4d.kz/content/shtifty-steklovolokonnye-nabor","1063","Штифты стекловолоконные набор","","Стоматологические материалы","piece","KZT","","","false","Публичная карточка каталога AllForDent; цена и наличие требуют подтверждения поставщиком."
"allfordent","ТОО AllForDent","https://a4d.kz/content/nit-retrakcionnaya-gingi-feek-kitay-razmery-00000012","1422","Нить ретракционная Gingi-FEEK Китай размеры 0/00/000/1/2","","Стоматологические материалы","piece","KZT","","","false","Публичная карточка каталога AllForDent; цена и наличие требуют подтверждения поставщиком."
"allfordent","ТОО AllForDent","https://a4d.kz/content/peskostruynyy-apparat-sand-blasting-bez-vody","1595","Пескоструйный аппарат Sand Blasting без воды","","Стоматологические материалы","piece","KZT","","","false","Публичная карточка каталога AllForDent; цена и наличие требуют подтверждения поставщиком."
"allfordent","ТОО AllForDent","https://a4d.kz/content/konteynery-dlya-kapelaynerov-invisalign","1355","Контейнеры для кап/элайнеров Invisalign","","Стоматологические материалы","piece","KZT","","","false","Публичная карточка каталога AllForDent; цена и наличие требуют подтверждения поставщиком."
"allfordent","ТОО AllForDent","https://a4d.kz/content/spirtovka","2025","Спиртовка","","Стоматологические материалы","piece","KZT","","","false","Публичная карточка каталога AllForDent; цена и наличие требуют подтверждения поставщиком."
"allfordent","ТОО AllForDent","https://a4d.kz/content/shpatel-dlya-zameshivaniya","2023","Шпатель для замешивания","","Стоматологические материалы","piece","KZT","","","false","Публичная карточка каталога AllForDent; цена и наличие требуют подтверждения поставщиком."
"allfordent","ТОО AllForDent","https://a4d.kz/content/chashka-dlya-zameshivaniya-xlgipsa-slepochnoy-massy-alginata","2022","Чашка для замешивания XLгипса слепочной массы , альгината","","Стоматологические материалы","piece","KZT","","","false","Публичная карточка каталога AllForDent; цена и наличие требуют подтверждения поставщиком."
"allfordent","ТОО AllForDent","https://a4d.kz/content/chashka-dlya-zameshivaniya-gipsa-slepochnoy-massy-alginata","2021","Чашка для замешивания гипса, слепочной массы , альгината","","Стоматологические материалы","piece","KZT","","","false","Публичная карточка каталога AllForDent; цена и наличие требуют подтверждения поставщиком."
"allfordent","ТОО AllForDent","https://a4d.kz/content/mikser-alginatnyy","7184","Миксер альгинатный","","Стоматологические материалы","piece","KZT","","","false","Публичная карточка каталога AllForDent; цена и наличие требуют подтверждения поставщиком."
"allfordent","ТОО AllForDent","https://a4d.kz/content/steklovolokonnye-shtifty-fiberpost-razmery-1113","5002","Стекловолоконные штифты FiberPost Размеры 1.1/1.3","","Стоматологические материалы","piece","KZT","","","false","Публичная карточка каталога AllForDent; цена и наличие требуют подтверждения поставщиком."
"allfordent","ТОО AllForDent","https://a4d.kz/content/shtifty-steklovolokonnye-tip-1-1012141618","1061","Штифты стекловолоконные Тип 1 1.0,1.2,1.4,1.6,1.8","","Стоматологические материалы","piece","KZT","","","false","Публичная карточка каталога AllForDent; цена и наличие требуют подтверждения поставщиком."
"allfordent","ТОО AllForDent","https://a4d.kz/content/titanovye-shtifty-120-sht","1066","Титановые штифты 120 шт","","Стоматологические материалы","piece","KZT","","","false","Публичная карточка каталога AllForDent; цена и наличие требуют подтверждения поставщиком."
"allfordent","ТОО AllForDent","https://a4d.kz/content/stalnye-shtifty-nabor-120-sht","1065","Стальные штифты набор 120 шт","","Стоматологические материалы","piece","KZT","","","false","Публичная карточка каталога AllForDent; цена и наличие требуют подтверждения поставщиком."
"allfordent","ТОО AllForDent","https://a4d.kz/content/ankernye-shtifty-nabor120-sht","1064","Анкерные штифты набор120 шт","","Стоматологические материалы","piece","KZT","","","false","Публичная карточка каталога AllForDent; цена и наличие требуют подтверждения поставщиком."
"allfordent","ТОО AllForDent","https://a4d.kz/content/mikromotor-zubotehnicheskiyno3","2097","Микромотор зуботехнический№3","","Стоматологические материалы","piece","KZT","","","false","Публичная карточка каталога AllForDent; цена и наличие требуют подтверждения поставщиком."
"allfordent","ТОО AllForDent","https://a4d.kz/content/nit-retrakcionnaya-gingi-pak-koreya-razmery-00000012","1421","Нить ретракционная Gingi-PAK Корея размеры 0/00/000/1/2","","Стоматологические материалы","piece","KZT","","","false","Публичная карточка каталога AllForDent; цена и наличие требуют подтверждения поставщиком."
"allfordent","ТОО AllForDent","https://a4d.kz/content/mikromotor-zubotehnicheskiyno4-na-uglovoy-nakonechnik","7092","Микромотор зуботехнический№4 на угловой наконечник","","Стоматологические материалы","piece","KZT","","","false","Публичная карточка каталога AllForDent; цена и наличие требуют подтверждения поставщиком."
"allfordent","ТОО AllForDent","https://a4d.kz/content/koronki-kids-crown","2780","Коронки Kids crown","","Стоматологические материалы","piece","KZT","","","false","Публичная карточка каталога AllForDent; цена и наличие требуют подтверждения поставщиком."
"allfordent","ТОО AllForDent","https://a4d.kz/content/zubotehnicheskaya-naklon-naya-ploskost-dlya-sglazhi-vaniya-okklyuzionnoy-poverhnosti-0","3014","Зуботехническая наклон ная плоскость для сглажи вания окклюзионной поверхности восковых валиков Сонис 5.001 НП","","Стоматологические материалы","piece","KZT","","","false","Публичная карточка каталога AllForDent; цена и наличие требуют подтверждения поставщиком."
"allfordent","ТОО AllForDent","https://a4d.kz/content/metallicheskie-slepochnye-lozhki-dlya-snyatiya-ottiska-razmery-s-m-l-polulozhki-1","2020","Металлические слепочные ложки для снятия оттиска. Размеры - S, M, L полу/ложки","","Стоматологические материалы","piece","KZT","","","false","Публичная карточка каталога AllForDent; цена и наличие требуют подтверждения поставщиком."
"allfordent","ТОО AllForDent","https://a4d.kz/content/slepochnye-lozhki-ottisknye-perforirovannye-plastmassovye-lozhki-3","2015","Слепочные ложки оттискные перфорированные пластмассовые ложки","","Стоматологические материалы","piece","KZT","","","false","Публичная карточка каталога AllForDent; цена и наличие требуют подтверждения поставщиком."
"allfordent","ТОО AllForDent","https://a4d.kz/content/kanyuli-7014-dlya-smeshivaniya-korichnevye-s-korotkim-nosikom","2003","Канюли 7014 для смешивания коричневые с коротким носиком","","Стоматологические материалы","piece","KZT","","","false","Публичная карточка каталога AllForDent; цена и наличие требуют подтверждения поставщиком."
"allfordent","ТОО AllForDent","https://a4d.kz/content/kanyuli-7016-dlya-smeshivaniya-korichnevye-s-korotkim-nosikom","2002","Канюли 7016 для смешивания коричневые с коротким носиком","","Стоматологические материалы","piece","KZT","","","false","Публичная карточка каталога AllForDent; цена и наличие требуют подтверждения поставщиком."
"allfordent","ТОО AllForDent","https://a4d.kz/content/kanyuli-7018-dlya-smeshivaniya-korichnevye-s-dlinnym-nosikom","2001","Канюли 7018 для смешивания коричневые с длинным носиком","","Стоматологические материалы","piece","KZT","","","false","Публичная карточка каталога AllForDent; цена и наличие требуют подтверждения поставщиком."
"allfordent","ТОО AllForDent","https://a4d.kz/content/metallicheskie-slepochnye-lozhki-dlya-snyatiya-ottiska-razmery-s-m-l-polulozhki","2007","Металлические слепочные ложки для снятия оттиска. Размеры - S, M, L полу/ложки","","Стоматологические материалы","piece","KZT","","","false","Публичная карточка каталога AllForDent; цена и наличие требуют подтверждения поставщиком."
"allfordent","ТОО AllForDent","https://a4d.kz/content/kanyuli-7055-dlya-smeshivaniya-na-pentamiks","2004","Канюли 7055 для смешивания на пентамикс","","Стоматологические материалы","piece","KZT","","","false","Публичная карточка каталога AllForDent; цена и наличие требуют подтверждения поставщиком."
"allfordent","ТОО AllForDent","https://a4d.kz/content/slepochnye-lozhki-ottisknye-perforirovannye-plastmassovye-lozhki-1","2012","Слепочные ложки оттискные перфорированные пластмассовые ложки","","Стоматологические материалы","piece","KZT","","","false","Публичная карточка каталога AllForDent; цена и наличие требуют подтверждения поставщиком."
"allfordent","ТОО AllForDent","https://a4d.kz/content/kanyuli-7005-dlya-smeshivaniya-fioletovye-11","1999","Канюли 7005 для смешивания фиолетовые 1:1","","Стоматологические материалы","piece","KZT","","","false","Публичная карточка каталога AllForDent; цена и наличие требуют подтверждения поставщиком."
"allfordent","ТОО AllForDent","https://a4d.kz/content/kanyuli-7003-dlya-smeshivaniya-rozovye-11","1998","Канюли 7003 для смешивания розовые 1:1","","Стоматологические материалы","piece","KZT","","","false","Публичная карточка каталога AllForDent; цена и наличие требуют подтверждения поставщиком."
"allfordent","ТОО AllForDent","https://a4d.kz/content/konteynery-dlya-hraneniya-kapelaynerov-0","1352","Контейнеры для хранения кап/элайнеров","","Стоматологические материалы","piece","KZT","","","false","Публичная карточка каталога AllForDent; цена и наличие требуют подтверждения поставщиком."
"allfordent","ТОО AllForDent","https://a4d.kz/content/konteynery-dlya-hraneniya-kapelaynerov","1351","Контейнеры для хранения кап/элайнеров","","Стоматологические материалы","piece","KZT","","","false","Публичная карточка каталога AllForDent; цена и наличие требуют подтверждения поставщиком."
"allfordent","ТОО AllForDent","https://a4d.kz/content/shtifty-steklovolokonnye-200-sht","5121","Штифты стекловолоконные 200 шт","","Стоматологические материалы","piece","KZT","","","false","Публичная карточка каталога AllForDent; цена и наличие требуют подтверждения поставщиком."
"allfordent","ТОО AllForDent","https://a4d.kz/content/kanyuli-7015-dlya-smeshivaniya-korichnevye","2000","Канюли 7015 для смешивания коричневые","","Стоматологические материалы","piece","KZT","","","false","Публичная карточка каталога AllForDent; цена и наличие требуют подтверждения поставщиком."
"allfordent","ТОО AllForDent","https://a4d.kz/content/slepochnye-lozhki-ottisknye-perforirovannye-plastmassovye-lozhki","2013","Слепочные ложки оттискные перфорированные пластмассовые ложки","","Стоматологические материалы","piece","KZT","","","false","Публичная карточка каталога AllForDent; цена и наличие требуют подтверждения поставщиком."
"allfordent","ТОО AllForDent","https://a4d.kz/content/kanyuli-7011-dlya-smeshchivaniya-sinie-11","1994","Канюли 7011 для смещивания синие 1:1","","Стоматологические материалы","piece","KZT","","","false","Публичная карточка каталога AllForDent; цена и наличие требуют подтверждения поставщиком."
"allfordent","ТОО AllForDent","https://a4d.kz/content/nosiki-0086-dlya-smeshchivaniya-k-kanyulyam","1997","Носики 0086 для смещивания к канюлям","","Стоматологические материалы","piece","KZT","","","false","Публичная карточка каталога AllForDent; цена и наличие требуют подтверждения поставщиком."
"allfordent","ТОО AllForDent","https://a4d.kz/content/kanyuli-7002-dlya-smeshivaniya-biryuzovyy-11","1996","Канюли 7002 для смешивания бирюзовый 1:1","","Стоматологические материалы","piece","KZT","","","false","Публичная карточка каталога AllForDent; цена и наличие требуют подтверждения поставщиком."
"allfordent","ТОО AllForDent","https://a4d.kz/content/oksid-alyuminiya-50-mkr","8678","Оксид алюминия 50 мкр","","Стоматологические материалы","piece","KZT","","","false","Публичная карточка каталога AllForDent; цена и наличие требуют подтверждения поставщиком."
"allfordent","ТОО AllForDent","https://a4d.kz/content/ca-1-peskostruynyy-apparat-s-podachey-vody","7175","CA-1 пескоструйный аппарат с подачей воды","","Стоматологические материалы","piece","KZT","","","false","Публичная карточка каталога AllForDent; цена и наличие требуют подтверждения поставщиком."
"allfordent","ТОО AllForDent","https://a4d.kz/content/kanyuli-7012-dlya-smeshchivaniya-sinie-korotkie11","1995","Канюли 7012 для смещивания синие короткие1:1","","Стоматологические материалы","piece","KZT","","","false","Публичная карточка каталога AllForDent; цена и наличие требуют подтверждения поставщиком."
"allfordent","ТОО AllForDent","https://a4d.kz/content/metallicheskie-slepochnye-lozhki","2008","Металлические слепочные ложки","","Стоматологические материалы","piece","KZT","","","false","Публичная карточка каталога AllForDent; цена и наличие требуют подтверждения поставщиком."
"allfordent","ТОО AllForDent","https://a4d.kz/content/frezy-koreya","2110","Фрезы Корея","","Стоматологические материалы","piece","KZT","","","false","Публичная карточка каталога AllForDent; цена и наличие требуют подтверждения поставщиком."
"allfordent","ТОО AllForDent","https://a4d.kz/content/pistolet-10141-pri-smeshivanii-materialov-dlya-vremennyh-koronok-mostovvinirov-original","2006","Пистолет 10:1/4:1 при смешивании материалов для временных коронок; мостов,виниров (оригинал)","","Стоматологические материалы","piece","KZT","","","false","Публичная карточка каталога AllForDent; цена и наличие требуют подтверждения поставщиком."
"allfordent","ТОО AllForDent","https://a4d.kz/content/kanyuli-7010-dlya-smeshchivaniya-sinie-oranzhevye-101","1993","Канюли 7010 для смещивания синие/ оранжевые 10:1","","Стоматологические материалы","piece","KZT","","","false","Публичная карточка каталога AllForDent; цена и наличие требуют подтверждения поставщиком."
"allfordent","ТОО AllForDent","https://a4d.kz/content/slepochnye-lozhki-dlya-implantacii","2010","Слепочные ложки для имплантации","","Стоматологические материалы","piece","KZT","","","false","Публичная карточка каталога AllForDent; цена и наличие требуют подтверждения поставщиком."
"allfordent","ТОО AllForDent","https://a4d.kz/content/pistolet-1121-k-silikonovym-slepochnym-massam-materialam-dlya-registracii-prikusa-original","2005","Пистолет 1:1/2:1 к А-силиконовым слепочным массам, материалам для регистрации прикуса (оригинал)","","Стоматологические материалы","piece","KZT","","","false","Публичная карточка каталога AllForDent; цена и наличие требуют подтверждения поставщиком."
"allfordent","ТОО AllForDent","https://a4d.kz/content/nosiki-0085-dlya-smeshchivaniya-k-kanyulyam","1992","Носики 0085 для смещивания к канюлям","","Стоматологические материалы","piece","KZT","","","false","Публичная карточка каталога AllForDent; цена и наличие требуют подтверждения поставщиком."
"allfordent","ТОО AllForDent","https://a4d.kz/content/kanyuli-7001-dlya-smeshchivaniya-zheltye-11","1991","Канюли 7001 для смещивания желтые 1:1","","Стоматологические материалы","piece","KZT","","","false","Публичная карточка каталога AllForDent; цена и наличие требуют подтверждения поставщиком."
"allfordent","ТОО AllForDent","https://a4d.kz/content/dugi-tma-ul-14x25-16x16-16x25-17x22-17x25-18x18-18x22-18x25-19x25-21x25-20x20","1815","Дуги TMA (U,L) 14x25 16x16 16x25 17x22 17x25 18x18 18x22 18x25 19x25 21x25 20x20","","Стоматологические материалы","piece","KZT","","","false","Публичная карточка каталога AllForDent; цена и наличие требуют подтверждения поставщиком."
"allfordent","ТОО AllForDent","https://a4d.kz/content/zetaplus-lintro-kit","3728","Zetaplus LIntro Kit","","Стоматологические материалы","piece","KZT","","","false","Публичная карточка каталога AllForDent; цена и наличие требуют подтверждения поставщиком."
"allfordent","ТОО AllForDent","https://a4d.kz/content/ortopedicheskiy-elevator-dlya-raskrytiya-koronki-angliya","ortopedicheskiy-elevator-dlya-raskrytiya-koronki-angliya","Ортопедический элеватор для раскрытия коронки. (Англия)","","Стоматологические материалы","piece","KZT","","","false","Публичная карточка каталога AllForDent; цена и наличие требуют подтверждения поставщиком."
"allfordent","ТОО AllForDent","https://a4d.kz/content/shchipcy-dlya-razdviganiya-krayov-koronki-crown-breaker-angliya","shchipcy-dlya-razdviganiya-krayov-koronki-crown-breaker-angliya","Щипцы для раздвигания краёв коронки Crown breaker (Англия)","","Стоматологические материалы","piece","KZT","","","false","Публичная карточка каталога AllForDent; цена и наличие требуют подтверждения поставщиком."
"allfordent","ТОО AllForDent","https://a4d.kz/content/nabor-dlya-obucheniya","7034","Набор для обучения","","Стоматологические материалы","piece","KZT","","","false","Публичная карточка каталога AllForDent; цена и наличие требуют подтверждения поставщиком."
"allfordent","ТОО AllForDent","https://a4d.kz/content/7056","7056","7056","","Стоматологические материалы","piece","KZT","","","false","Публичная карточка каталога AllForDent; цена и наличие требуют подтверждения поставщиком."
"allfordent","ТОО AllForDent","https://a4d.kz/content/nasadka-na-slyunootsos","5326","Насадка на слюноотсос","","Стоматологические материалы","piece","KZT","","","false","Публичная карточка каталога AllForDent; цена и наличие требуют подтверждения поставщиком."
"allfordent","ТОО AllForDent","https://a4d.kz/content/nasadka-na-pylesos","2214","Насадка на пылесос","","Стоматологические материалы","piece","KZT","","","false","Публичная карточка каталога AllForDent; цена и наличие требуют подтверждения поставщиком."
"allfordent","ТОО AllForDent","https://a4d.kz/content/pistolet-voda-vozduh-germaniya","1584","Пистолет Вода -воздух Германия","","Стоматологические материалы","piece","KZT","","","false","Публичная карточка каталога AllForDent; цена и наличие требуют подтверждения поставщиком."
"allfordent","ТОО AllForDent","https://a4d.kz/content/pistolet-voda-vozduh-kitay","1583","Пистолет Вода -воздух Китай","","Стоматологические материалы","piece","KZT","","","false","Публичная карточка каталога AllForDent; цена и наличие требуют подтверждения поставщиком."
"allfordent","ТОО AllForDent","https://a4d.kz/content/manzheta-rezinovaya-dlya-slyunootsosa","2211","Манжета резиновая для слюноотсоса","","Стоматологические материалы","piece","KZT","","","false","Публичная карточка каталога AllForDent; цена и наличие требуют подтверждения поставщиком."
"allfordent","ТОО AllForDent","https://a4d.kz/content/pedal-na-ustanovku","2232","Педаль на установку","","Стоматологические материалы","piece","KZT","","","false","Публичная карточка каталога AllForDent; цена и наличие требуют подтверждения поставщиком."
"allfordent","ТОО AllForDent","https://a4d.kz/content/nabor-hirurgcheskiy-pakistan","1971","Набор хирургческий Пакистан","","Стоматологические материалы","piece","KZT","","","false","Публичная карточка каталога AllForDent; цена и наличие требуют подтверждения поставщиком."
"allfordent","ТОО AllForDent","https://a4d.kz/content/instrument-dlya-soskablivaniya-kostnyh-materialov-angliya-0","5020","Инструмент для соскабливания костных материалов (Англия)","","Стоматологические материалы","piece","KZT","","","false","Публичная карточка каталога AllForDent; цена и наличие требуют подтверждения поставщиком."
"allfordent","ТОО AllForDent","https://a4d.kz/content/shpric-dlya-vneseniya-kostnogo-materiala-bone-meal-filler-angliya","5007","Шприц для внесения костного материала Bone meal filler (Англия)","","Стоматологические материалы","piece","KZT","","","false","Публичная карточка каталога AllForDent; цена и наличие требуют подтверждения поставщиком."
"allfordent","ТОО AllForDent","https://a4d.kz/content/nabor-elevatorov-pakistan-0","1969","Набор элеваторов Пакистан","","Стоматологические материалы","piece","KZT","","","false","Публичная карточка каталога AllForDent; цена и наличие требуют подтверждения поставщиком."
"allfordent","ТОО AllForDent","https://a4d.kz/content/lyuksatory","7058","Люксаторы","","Стоматологические материалы","piece","KZT","","","false","Публичная карточка каталога AllForDent; цена и наличие требуют подтверждения поставщиком."
"allfordent","ТОО AllForDent","https://a4d.kz/content/nabor-elevatorov-angliya-0","1961","Набор элеваторов Англия","","Стоматологические материалы","piece","KZT","","","false","Публичная карточка каталога AllForDent; цена и наличие требуют подтверждения поставщиком."
"allfordent","ТОО AllForDent","https://a4d.kz/content/nabor-elevatorov-angliya","1962","Набор элеваторов Англия","","Стоматологические материалы","piece","KZT","","","false","Публичная карточка каталога AllForDent; цена и наличие требуют подтверждения поставщиком."
"allfordent","ТОО AllForDent","https://a4d.kz/content/nabor-shchipcov-angliya","1964","Набор щипцов Англия","","Стоматологические материалы","piece","KZT","","","false","Публичная карточка каталога AllForDent; цена и наличие требуют подтверждения поставщиком."
"allfordent","ТОО AllForDent","https://a4d.kz/content/nabor-detskih-shchipcov-angliya","1966","Набор детских щипцов Англия","","Стоматологические материалы","piece","KZT","","","false","Публичная карточка каталога AllForDent; цена и наличие требуют подтверждения поставщиком."
"allfordent","ТОО AllForDent","https://a4d.kz/content/bean-flap-holder-angliya","5037","Bean flap holder (Англия)","","Стоматологические материалы","piece","KZT","","","false","Публичная карточка каталога AllForDent; цена и наличие требуют подтверждения поставщиком."
"allfordent","ТОО AllForDent","https://a4d.kz/content/zazhim-krovoostanavlivayushchiy-angliya","5006","Зажим кровоостанавливающий Англия","","Стоматологические материалы","piece","KZT","","","false","Публичная карточка каталога AllForDent; цена и наличие требуют подтверждения поставщиком."
"allfordent","ТОО AllForDent","https://a4d.kz/content/zazhim-krovoostanavlivayushchiy-angliya-1","5021","Зажим кровоостанавливающий Англия","","Стоматологические материалы","piece","KZT","","","false","Публичная карточка каталога AllForDent; цена и наличие требуют подтверждения поставщиком."
"allfordent","ТОО AllForDent","https://a4d.kz/content/zazhim-krovoostanavlivayushchiy-pakistan","1976","Зажим кровоостанавливающий Пакистан","","Стоматологические материалы","piece","KZT","","","false","Публичная карточка каталога AllForDent; цена и наличие требуют подтверждения поставщиком."
"allfordent","ТОО AllForDent","https://a4d.kz/content/mikro-igloderzhatel-18-sm-pakistan","5033","Микро иглодержатель 18 см Пакистан","","Стоматологические материалы","piece","KZT","","","false","Публичная карточка каталога AllForDent; цена и наличие требуют подтверждения поставщиком."
"allfordent","ТОО AllForDent","https://a4d.kz/content/nabor-shchipcov-pakistan","1970","Набор щипцов Пакистан","","Стоматологические материалы","piece","KZT","","","false","Публичная карточка каталога AllForDent; цена и наличие требуют подтверждения поставщиком."
"allfordent","ТОО AllForDent","https://a4d.kz/content/nabor-elevatorov-pakistan","1968","Набор элеваторов Пакистан","","Стоматологические материалы","piece","KZT","","","false","Публичная карточка каталога AllForDent; цена и наличие требуют подтверждения поставщиком."
"allfordent","ТОО AllForDent","https://a4d.kz/content/zazhim-krovoostanavlivayushchiy-zubchatyy","1977","Зажим кровоостанавливающий зубчатый","","Стоматологические материалы","piece","KZT","","","false","Публичная карточка каталога AllForDent; цена и наличие требуют подтверждения поставщиком."
"allfordent","ТОО AllForDent","https://a4d.kz/content/s-retraktor-angliya","7063","S ретрактор- Англия","","Стоматологические материалы","piece","KZT","","","false","Публичная карточка каталога AllForDent; цена и наличие требуют подтверждения поставщиком."
"allfordent","ТОО AllForDent","https://a4d.kz/content/igloderzhatel-hold-needle-detector-14cm-angliya","5012","Иглодержатель Hold the needle detector 14cm Англия","","Стоматологические материалы","piece","KZT","","","false","Публичная карточка каталога AllForDent; цена и наличие требуют подтверждения поставщиком."
"allfordent","ТОО AllForDent","https://a4d.kz/content/nozhnicy-mikro-hirurgicheskie-angliya","5036","Ножницы микро хирургические (Англия)","","Стоматологические материалы","piece","KZT","","","false","Публичная карточка каталога AllForDent; цена и наличие требуют подтверждения поставщиком."
"allfordent","ТОО AllForDent","https://a4d.kz/content/rotorasshiritel","5117","Роторасширитель","","Стоматологические материалы","piece","KZT","","","false","Публичная карточка каталога AllForDent; цена и наличие требуют подтверждения поставщиком."
"allfordent","ТОО AllForDent","https://a4d.kz/content/nozhnicy-pryamye-12-sm-pakistan","1975","Ножницы прямые 12 см-Пакистан","","Стоматологические материалы","piece","KZT","","","false","Публичная карточка каталога AllForDent; цена и наличие требуют подтверждения поставщиком."
"allfordent","ТОО AllForDent","https://a4d.kz/content/nozhnicy-pryamye-12-sm-angliya","5019","Ножницы прямые 12 см (Англия)","","Стоматологические материалы","piece","KZT","","","false","Публичная карточка каталога AllForDent; цена и наличие требуют подтверждения поставщиком."
"allfordent","ТОО AllForDent","https://a4d.kz/content/bory-hirurgicheskie-tverdosplavnye-dlina-25-28","1449","Боры хирургические твердосплавные Длина 25 /28","","Стоматологические материалы","piece","KZT","","","false","Публичная карточка каталога AllForDent; цена и наличие требуют подтверждения поставщиком."
"allfordent","ТОО AllForDent","https://a4d.kz/content/hirurgicheskaya-lampa-na-ustanovku","1779","Хирургическая Лампа на установку","","Стоматологические материалы","piece","KZT","","","false","Публичная карточка каталога AllForDent; цена и наличие требуют подтверждения поставщиком."
"allfordent","ТОО AllForDent","https://a4d.kz/content/nabor-dlya-implantatov-s-nakonechnikom-c-tw2-kit","9464","Набор для имплантатов с наконечником «C-TW2» Kit","","Стоматологические материалы","piece","KZT","","","false","Публичная карточка каталога AllForDent; цена и наличие требуют подтверждения поставщиком."
"allfordent","ТОО AllForDent","https://a4d.kz/content/nabor-dlya-implantatov-s-nakonechnikom-c-tw1-kit","9463","Набор для имплантатов с наконечником «C-TW1» Kit","","Стоматологические материалы","piece","KZT","","","false","Публичная карточка каталога AllForDent; цена и наличие требуют подтверждения поставщиком."
"allfordent","ТОО AllForDent","https://a4d.kz/content/ultrazvukovaya-hirurgicheskaya-sistema-c-explorer","9462","Ультразвуковая хирургическая система C-explorer","","Стоматологические материалы","piece","KZT","","","false","Публичная карточка каталога AllForDent; цена и наличие требуют подтверждения поставщиком."
"allfordent","ТОО AllForDent","https://a4d.kz/content/hirurgicheskie-nakonechniki-h05-dsp-so-svetom","7870","Хирургические наконечники H05-DSP со светом","","Стоматологические материалы","piece","KZT","","","false","Публичная карточка каталога AllForDent; цена и наличие требуют подтверждения поставщиком."
"allfordent","ТОО AllForDent","https://a4d.kz/content/hirurgicheskie-nakonechniki-h01-dsp","1550","Хирургические наконечники H01-DSP","","Стоматологические материалы","piece","KZT","","","false","Публичная карточка каталога AllForDent; цена и наличие требуют подтверждения поставщиком."
"allfordent","ТОО AllForDent","https://a4d.kz/content/hirurgicheskie-nakonechniki-s-2s2-d29-s2","1549","Хирургические наконечники S-2S2 (D29-S2)","","Стоматологические материалы","piece","KZT","","","false","Публичная карточка каталога AllForDent; цена и наличие требуют подтверждения поставщиком."
"allfordent","ТОО AllForDent","https://a4d.kz/content/hirurgicheskie-nakonechniki-s-2s-d-29s","1548","Хирургические наконечники S-2S (D-29S)","","Стоматологические материалы","piece","KZT","","","false","Публичная карточка каталога AllForDent; цена и наличие требуют подтверждения поставщиком."
"allfordent","ТОО AllForDent","https://a4d.kz/content/ruchka-skalpelya","1430","Ручка скальпеля","","Стоматологические материалы","piece","KZT","","","false","Публичная карточка каталога AllForDent; цена и наличие требуют подтверждения поставщиком."
"allfordent","ТОО AllForDent","https://a4d.kz/content/skalpel-odnorazovyy-no10-no11-no12-no13-no14-no15-no15c","1429","Скальпель одноразовый №10, №11, №12, №13, №14, №15, №15C","","Стоматологические материалы","piece","KZT","","","false","Публичная карточка каталога AllForDent; цена и наличие требуют подтверждения поставщиком."
"allfordent","ТОО AllForDent","https://a4d.kz/content/skalpel-odnorazovyy-s-ruchkoy-no10-no11-no12-no13-no14-no15no15c","1428","Скальпель одноразовый с ручкой №10, №11, №12, №13, №14, №15,№15C","","Стоматологические материалы","piece","KZT","","","false","Публичная карточка каталога AllForDent; цена и наличие требуют подтверждения поставщиком."
"allfordent","ТОО AllForDent","https://a4d.kz/content/vikril-30-40-50-sterilnyy-rassasyvayushchiysya-shovnyy-material-s-igloy","1433","Викрил -3/0, 4/0, 5/0 стерильный рассасывающийся шовный материал с иглой","","Стоматологические материалы","piece","KZT","","","false","Публичная карточка каталога AllForDent; цена и наличие требуют подтверждения поставщиком."
"allfordent","ТОО AllForDent","https://a4d.kz/content/shelk-30-40-sterilnyy-nerassasyvayushchiysya-shovnyy-material-s-igloy","1432","Шелк -3/0, 4/0 стерильный нерассасывающийся шовный материал с иглой","","Стоматологические материалы","piece","KZT","","","false","Публичная карточка каталога AllForDent; цена и наличие требуют подтверждения поставщиком."
"allfordent","ТОО AllForDent","https://a4d.kz/content/ketgut-30-40-50-sterilnyy-rassasyvayushchiysya-shovnyy-material-s-igloy","1431","Кетгут -3/0, 4/0, 5/0 стерильный рассасывающийся шовный материал с иглой","","Стоматологические материалы","piece","KZT","","","false","Публичная карточка каталога AllForDent; цена и наличие требуют подтверждения поставщиком."
"allfordent","ТОО AllForDent","https://a4d.kz/content/aspiracionnye-shchetki-dlya-chistki-slyunootsa-i-pylesosa","1033","Аспирационные щетки для чистки слюноотса и пылесоса","","Стоматологические материалы","piece","KZT","","","false","Публичная карточка каталога AllForDent; цена и наличие требуют подтверждения поставщиком."
"allfordent","ТОО AllForDent","https://a4d.kz/content/pylesosy-avtoklaviruemye-11-mm","1030","Пылесосы автоклавируемые 11 mm","","Стоматологические материалы","piece","KZT","","","false","Публичная карточка каталога AllForDent; цена и наличие требуют подтверждения поставщиком."
"allfordent","ТОО AllForDent","https://a4d.kz/content/pylesosy-avtoklaviruemye-16-mm","1029","Пылесосы автоклавируемые 16 mm","","Стоматологические материалы","piece","KZT","","","false","Публичная карточка каталога AllForDent; цена и наличие требуют подтверждения поставщиком."
"allfordent","ТОО AllForDent","https://a4d.kz/content/hirurgicheskie-pylesosy-avtoklaviruemye-0","1028","Хирургические пылесосы автоклавируемые","","Стоматологические материалы","piece","KZT","","","false","Публичная карточка каталога AllForDent; цена и наличие требуют подтверждения поставщиком."
"allfordent","ТОО AllForDent","https://a4d.kz/content/nosiki-avtoklaviruemye-na-hirurgicheskie-pylesosy","1027 а","Носики автоклавируемые на Хирургические пылесосы","","Стоматологические материалы","piece","KZT","","","false","Публичная карточка каталога AllForDent; цена и наличие требуют подтверждения поставщиком."
"allfordent","ТОО AllForDent","https://a4d.kz/content/hirurgicheskie-pylesosy-avtoklaviruemye","1027","Хирургические пылесосы автоклавируемые","","Стоматологические материалы","piece","KZT","","","false","Публичная карточка каталога AllForDent; цена и наличие требуют подтверждения поставщиком."
"allfordent","ТОО AllForDent","https://a4d.kz/content/hirurgicheskie-pylesosy-1","1025","Хирургические пылесосы","","Стоматологические материалы","piece","KZT","","","false","Публичная карточка каталога AllForDent; цена и наличие требуют подтверждения поставщиком."
"allfordent","ТОО AllForDent","https://a4d.kz/content/hirurgicheskie-pylesosy-0","1024","Хирургические пылесосы","","Стоматологические материалы","piece","KZT","","","false","Публичная карточка каталога AllForDent; цена и наличие требуют подтверждения поставщиком."
"allfordent","ТОО AllForDent","https://a4d.kz/content/hirurgicheskie-pylesosy","1023","Хирургические пылесосы","","Стоматологические материалы","piece","KZT","","","false","Публичная карточка каталога AllForDent; цена и наличие требуют подтверждения поставщиком."
"allfordent","ТОО AllForDent","https://a4d.kz/content/ponizhayushchiy-nakonechnik-201-cx-235c6-23-b20-8","1543","Понижающий наконечник 20:1 CX-235C6-23 (B20-8)","","Стоматологические материалы","piece","KZT","","","false","Публичная карточка каталога AllForDent; цена и наличие требуют подтверждения поставщиком."
"allfordent","ТОО AllForDent","https://a4d.kz/content/ponizhayushchiy-nakonechnik-201-cx-235c6-19-b-20-4-dvoynaya-sistema-izolyacii-golovki","1542","Понижающий наконечник 20:1 CX-235C6-19 (B-20-4) двойная система изоляции головки","","Стоматологические материалы","piece","KZT","","","false","Публичная карточка каталога AllForDent; цена и наличие требуют подтверждения поставщиком."
"allfordent","ТОО AllForDent","https://a4d.kz/content/ponizhayushchiy-nakonechnik-201-cx-235c6-22knopochnyy-svet-fibrooptika-tork-bolee-75-nsm","1544","Понижающий наконечник 20:1 CX-235C6-22кнопочный Свет – фиброоптика Торк - более 75 НСМ.","","Стоматологические материалы","piece","KZT","","","false","Публичная карточка каталога AllForDent; цена и наличие требуют подтверждения поставщиком."
"allfordent","ТОО AllForDent","https://a4d.kz/content/irrigacionnye-sistemy-dlya-fiziodispenserao","1547","Ирригационные системы для физиодиспенсераО","","Стоматологические материалы","piece","KZT","","","false","Публичная карточка каталога AllForDent; цена и наличие требуют подтверждения поставщиком."
"allfordent","ТОО AllForDent","https://a4d.kz/content/perehodniki-avtoklaviruemye-dlya-slyunootsosov-i-pylesosov","1032","Переходники автоклавируемые для слюноотсосов и пылесосов","","Стоматологические материалы","piece","KZT","","","false","Публичная карточка каталога AllForDent; цена и наличие требуют подтверждения поставщиком."
"allfordent","ТОО AllForDent","https://a4d.kz/content/surgitip-sterilnye-slyunootsosy-obespechivaet-prevoshodnuyu-aspiraciyu","1026","Surgitip стерильные слюноотсосы обеспечивает превосходную аспирацию","","Стоматологические материалы","piece","KZT","","","false","Публичная карточка каталога AllForDent; цена и наличие требуют подтверждения поставщиком."
"allfordent","ТОО AllForDent","https://a4d.kz/content/nakonechnik-mikropila-sgo","3749","Наконечник микропила SGO","","Стоматологические материалы","piece","KZT","","","false","Публичная карточка каталога AllForDent; цена и наличие требуют подтверждения поставщиком."
"allfordent","ТОО AllForDent","https://a4d.kz/content/hirurgicheskie-slyunootsosy-metalicheskie","3733","Хирургические слюноотсосы металические","","Стоматологические материалы","piece","KZT","","","false","Публичная карточка каталога AllForDent; цена и наличие требуют подтверждения поставщиком."
"allfordent","ТОО AllForDent","https://a4d.kz/content/napolnitel-mta-angliya","5024","Наполнитель MTA (Англия)","","Стоматологические материалы","piece","KZT","","","false","Публичная карточка каталога AllForDent; цена и наличие требуют подтверждения поставщиком."
"allfordent","ТОО AllForDent","https://a4d.kz/content/kostnaya-melnica-dlya-izmelcheniya-poluchennogo-kostnogo-fragmenta-angliya","5023","Костная мельница для измельчения полученного костного фрагмента (Англия)","","Стоматологические материалы","piece","KZT","","","false","Публичная карточка каталога AllForDent; цена и наличие требуют подтверждения поставщиком."
"allfordent","ТОО AllForDent","https://a4d.kz/content/zazhim-krovoostanavlivayushchiy-angliya-0","zazhim-krovoostanavlivayushchiy-angliya-0","Зажим кровоостанавливающий (Англия)","","Стоматологические материалы","piece","KZT","","","false","Публичная карточка каталога AllForDent; цена и наличие требуют подтверждения поставщиком."
"allfordent","ТОО AllForDent","https://a4d.kz/content/instrument-dlya-soskablivaniya-kostnyh-materialov-angliya","instrument-dlya-soskablivaniya-kostnyh-materialov-angliya","Инструмент для соскабливания костных материалов (Англия)","","Стоматологические материалы","piece","KZT","","","false","Публичная карточка каталога AllForDent; цена и наличие требуют подтверждения поставщиком."
"allfordent","ТОО AllForDent","https://a4d.kz/content/nozhnicy-pryamye-12-sm-angliya-0","nozhnicy-pryamye-12-sm-angliya-0","Ножницы прямые 12 см (Англия)","","Стоматологические материалы","piece","KZT","","","false","Публичная карточка каталога AllForDent; цена и наличие требуют подтверждения поставщиком."
"allfordent","ТОО AllForDent","https://a4d.kz/content/igloderzhatel-18-sm-angliya","5017","Иглодержатель 18 см (Англия)","","Стоматологические материалы","piece","KZT","","","false","Публичная карточка каталога AllForDent; цена и наличие требуют подтверждения поставщиком."
"allfordent","ТОО AllForDent","https://a4d.kz/content/pincet-hirurgicheskiy-mikro-s-almaznym-pokrytiem-izognutyy-18sm-angliya","5014","Пинцет хирургический–микро с алмазным покрытием изогнутый 18см Англия","","Стоматологические материалы","piece","KZT","","","false","Публичная карточка каталога AllForDent; цена и наличие требуют подтверждения поставщиком."
"allfordent","ТОО AllForDent","https://a4d.kz/content/voskovaya-provolka","5406","Восковая проволка","","Стоматологические материалы","piece","KZT","","","false","Публичная карточка каталога AllForDent; цена и наличие требуют подтверждения поставщиком."
"allfordent","ТОО AllForDent","https://a4d.kz/content/enclosure-die-box","5112","Enclosure die box","","Стоматологические материалы","piece","KZT","","","false","Публичная карточка каталога AllForDent; цена и наличие требуют подтверждения поставщиком."
"allfordent","ТОО AllForDent","https://a4d.kz/content/shchetki","2107","Щетки","","Стоматологические материалы","piece","KZT","","","false","Публичная карточка каталога AllForDent; цена и наличие требуют подтверждения поставщиком."
"allfordent","ТОО AllForDent","https://a4d.kz/content/cadcam-vosk-14mm16mm","5120","CAD/CAM ВОСК 14MM/16ММ","","Стоматологические материалы","piece","KZT","","","false","Публичная карточка каталога AllForDent; цена и наличие требуют подтверждения поставщиком."
"allfordent","ТОО AllForDent","https://a4d.kz/content/plastiny","2105","Пластины","","Стоматологические материалы","piece","KZT","","","false","Публичная карточка каталога AllForDent; цена и наличие требуют подтверждения поставщиком."
"allfordent","ТОО AllForDent","https://a4d.kz/content/nakovalnya","2104","Наковальня","","Стоматологические материалы","piece","KZT","","","false","Публичная карточка каталога AllForDent; цена и наличие требуют подтверждения поставщиком."
"allfordent","ТОО AllForDent","https://a4d.kz/content/tigli-zubotehnicheskie","5410","Тигли зуботехнические","","Стоматологические материалы","piece","KZT","","","false","Публичная карточка каталога AllForDent; цена и наличие требуют подтверждения поставщиком."
"allfordent","ТОО AllForDent","https://a4d.kz/content/molotok-stalnoy","1799","Молоток стальной","","Стоматологические материалы","piece","KZT","","","false","Публичная карточка каталога AllForDent; цена и наличие требуют подтверждения поставщиком."
"allfordent","ТОО AllForDent","https://a4d.kz/content/formy-cokolya-0","5407","Формы цоколя","","Стоматологические материалы","piece","KZT","","","false","Публичная карточка каталога AllForDent; цена и наличие требуют подтверждения поставщиком."
"allfordent","ТОО AllForDent","https://a4d.kz/content/artikulyator-2","2033","Артикулятор","","Стоматологические материалы","piece","KZT","","","false","Публичная карточка каталога AllForDent; цена и наличие требуют подтверждения поставщиком."
"allfordent","ТОО AllForDent","https://a4d.kz/content/karborundovye-diski-2","2045","Карборундовые диски","","Стоматологические материалы","piece","KZT","","","false","Публичная карточка каталога AllForDent; цена и наличие требуют подтверждения поставщиком."
"allfordent","ТОО AllForDent","https://a4d.kz/content/kyuveta-dlya-dublirovaniya-allyuminiy","5134","Кювета для дублирования аллюминий","","Стоматологические материалы","piece","KZT","","","false","Публичная карточка каталога AllForDent; цена и наличие требуют подтверждения поставщиком."
"allfordent","ТОО AllForDent","https://a4d.kz/content/kyuveta-dlya-dublirovaniya","5133","Кювета для дублирования","","Стоматологические материалы","piece","KZT","","","false","Публичная карточка каталога AllForDent; цена и наличие требуют подтверждения поставщиком."
"allfordent","ТОО AllForDent","https://a4d.kz/content/voskotopka","2096","Воскотопка","","Стоматологические материалы","piece","KZT","","","false","Публичная карточка каталога AllForDent; цена и наличие требуют подтверждения поставщиком."
"allfordent","ТОО AllForDent","https://a4d.kz/content/artikulyator-1","9628","Артикулятор","","Стоматологические материалы","piece","KZT","","","false","Публичная карточка каталога AllForDent; цена и наличие требуют подтверждения поставщиком."
"allfordent","ТОО AllForDent","https://a4d.kz/content/vosk-bazisnyy-modelirovochnyy-dlya-mostovidnyh-protezov","2094","Воск базисный моделировочный для мостовидных протезов","","Стоматологические материалы","piece","KZT","","","false","Публичная карточка каталога AllForDent; цена и наличие требуют подтверждения поставщиком."
"allfordent","ТОО AllForDent","https://a4d.kz/content/tungsten-head","2093","Tungsten head","","Стоматологические материалы","piece","KZT","","","false","Публичная карточка каталога AllForDent; цена и наличие требуют подтверждения поставщиком."
"allfordent","ТОО AllForDent","https://a4d.kz/content/vosk-pogruzhnoy-pattern-former-wax-dipping-zheltyy","2092","Воск погружной Pattern former wax dipping желтый","","Стоматологические материалы","piece","KZT","","","false","Публичная карточка каталога AllForDent; цена и наличие требуют подтверждения поставщиком."
"allfordent","ТОО AllForDent","https://a4d.kz/content/vosk-modelirovochnyy-wax-line-voskovaya-provolka-dlya-modelirovaniya-litnikovoy-sistemy","2091","Воск моделировочный WAX LINE восковая проволка для моделирования литниковой системы","","Стоматологические материалы","piece","KZT","","","false","Публичная карточка каталога AllForDent; цена и наличие требуют подтверждения поставщиком."
"allfordent","ТОО AllForDent","https://a4d.kz/content/karborundovye-diski-0","2037","Карборундовые диски","","Стоматологические материалы","piece","KZT","","","false","Публичная карточка каталога AllForDent; цена и наличие требуют подтверждения поставщиком."
"allfordent","ТОО AllForDent","https://a4d.kz/content/almaznye-bory-na-pryamoy-nakonechnik","2038","Алмазные боры на прямой наконечник","","Стоматологические материалы","piece","KZT","","","false","Публичная карточка каталога AllForDent; цена и наличие требуют подтверждения поставщиком."
"allfordent","ТОО AllForDent","https://a4d.kz/content/apparat-dlya-izgotovleniya-neylonovyh-protezov-ax-yd-kartridzh-s-materialom-razogrevaetsya-i","2076","Аппарат для изготовления нейлоновых протезов AX-YD картридж с материалом разогревается и пакуется в кювету с моделью ручным п рессом.","","Стоматологические материалы","piece","KZT","","","false","Публичная карточка каталога AllForDent; цена и наличие требуют подтверждения поставщиком."
"allfordent","ТОО AllForDent","https://a4d.kz/content/pressformy-ax-hmp1-dlya-gidrodin-protezirovaniya-dlya-predvaritelnogo-pressovaniya-zubnyh","2080","Прессформы AX-HMP1 для гидродин. протезирования для предварительного прессования зубных фляг для реставрации","","Стоматологические материалы","piece","KZT","","","false","Публичная карточка каталога AllForDent; цена и наличие требуют подтверждения поставщиком."
"allfordent","ТОО AllForDent","https://a4d.kz/content/rezinovaya-forma","5408","Резиновая форма","","Стоматологические материалы","piece","KZT","","","false","Публичная карточка каталога AllForDent; цена и наличие требуют подтверждения поставщиком."
"allfordent","ТОО AllForDent","https://a4d.kz/content/shchetochka-dlya-chistki-zubnyh-protezov","7195","щеточка для чистки зубных протезов","","Стоматологические материалы","piece","KZT","","","false","Публичная карточка каталога AllForDent; цена и наличие требуют подтверждения поставщиком."
"allfordent","ТОО AllForDent","https://a4d.kz/content/nabor-instrumentov-dlya-zubnogo-tehnika","3020","Набор инструментов для зубного техника","","Стоматологические материалы","piece","KZT","","","false","Публичная карточка каталога AllForDent; цена и наличие требуют подтверждения поставщиком."
"allfordent","ТОО AllForDent","https://a4d.kz/content/nabor-instrumentov-curving-instrument-set","7196","Набор инструментов curving instrument set","","Стоматологические материалы","piece","KZT","","","false","Публичная карточка каталога AllForDent; цена и наличие требуют подтверждения поставщиком."
"allfordent","ТОО AllForDent","https://a4d.kz/content/artikulyator-0","2034","Артикулятор","","Стоматологические материалы","piece","KZT","","","false","Публичная карточка каталога AllForDent; цена и наличие требуют подтверждения поставщиком."
"allfordent","ТОО AllForDent","https://a4d.kz/content/polirovochnye-shchetki-metalicheskie","2041","Полировочные щетки металические","","Стоматологические материалы","piece","KZT","","","false","Публичная карточка каталога AllForDent; цена и наличие требуют подтверждения поставщиком."
"allfordent","ТОО AllForDent","https://a4d.kz/content/nozh-dlya-gipsa","1990","Нож для гипса","","Стоматологические материалы","piece","KZT","","","false","Публичная карточка каталога AllForDent; цена и наличие требуют подтверждения поставщиком."
"allfordent","ТОО AllForDent","https://a4d.kz/content/bone-caliper-range","5118","Bone Caliper Range","","Стоматологические материалы","piece","KZT","","","false","Публичная карточка каталога AllForDent; цена и наличие требуют подтверждения поставщиком."
"allfordent","ТОО AllForDent","https://a4d.kz/content/pilki-dlya-lobzika-127-sm98-sm68-sm","2030","Пилки для лобзика 12.7 см/9,8 см/6.8 см","","Стоматологические материалы","piece","KZT","","","false","Публичная карточка каталога AllForDent; цена и наличие требуют подтверждения поставщиком."
"allfordent","ТОО AllForDent","https://a4d.kz/content/podstavka-dlya-borov-lesenka-4-h-stupenchataya-56-mest","3022","Подставка для боров ""Лесенка"" 4-х ступенчатая (56 мест)","","Стоматологические материалы","piece","KZT","","","false","Публичная карточка каталога AllForDent; цена и наличие требуют подтверждения поставщиком."
"allfordent","ТОО AllForDent","https://a4d.kz/content/lobzik-zubotehnicheskiy","2029","Лобзик зуботехнический","","Стоматологические материалы","piece","KZT","","","false","Публичная карточка каталога AllForDent; цена и наличие требуют подтверждения поставщиком."
"allfordent","ТОО AllForDent","https://a4d.kz/content/artikulyator","2035","Артикулятор","","Стоматологические материалы","piece","KZT","","","false","Публичная карточка каталога AllForDent; цена и наличие требуют подтверждения поставщиком."
"allfordent","ТОО AllForDent","https://a4d.kz/content/diski-polirovochnye-na-pryamoy-nakonechnik-0","2048","Диски полировочные на прямой наконечник","","Стоматологические материалы","piece","KZT","","","false","Публичная карточка каталога AllForDent; цена и наличие требуют подтверждения поставщиком."
"allfordent","ТОО AllForDent","https://a4d.kz/content/posadochnaya-korobka-s-razdelnoy-press-formoy","5102","Посадочная коробка с раздельной пресс-формой","","Стоматологические материалы","piece","KZT","","","false","Публичная карточка каталога AllForDent; цена и наличие требуют подтверждения поставщиком."
"allfordent","ТОО AllForDent","https://a4d.kz/content/mikromotor-zubotehnicheskiy-no2","7091","Микромотор зуботехнический №2","","Стоматологические материалы","piece","KZT","","","false","Публичная карточка каталога AllForDent; цена и наличие требуют подтверждения поставщиком."
"allfordent","ТОО AllForDent","https://a4d.kz/content/mikromotor-zubotehnicheskiy-na-uglovoy-nakonechnik-no1","7090","Микромотор зуботехнический на угловой наконечник №1","","Стоматологические материалы","piece","KZT","","","false","Публичная карточка каталога AllForDent; цена и наличие требуют подтверждения поставщиком."
"allfordent","ТОО AllForDent","https://a4d.kz/content/mikromotor-zubotehnicheskiy-no5-sy-iii","2098","Микромотор зуботехнический №5 SY-III","","Стоматологические материалы","piece","KZT","","","false","Публичная карточка каталога AllForDent; цена и наличие требуют подтверждения поставщиком."
"allfordent","ТОО AllForDent","https://a4d.kz/content/shpric-s-nosikom","7033","Шприц с носиком","","Стоматологические материалы","piece","KZT","","","false","Публичная карточка каталога AllForDent; цена и наличие требуют подтверждения поставщиком."
"allfordent","ТОО AllForDent","https://a4d.kz/content/mikromotor-zubotehnicheskiy-no6-s300","2099","Микромотор зуботехнический №6 S300","","Стоматологические материалы","piece","KZT","","","false","Публичная карточка каталога AllForDent; цена и наличие требуют подтверждения поставщиком."
"allfordent","ТОО AllForDent","https://a4d.kz/content/nakonechnik-na-mikromotor-0","7096","Наконечник на микромотор","","Стоматологические материалы","piece","KZT","","","false","Публичная карточка каталога AllForDent; цена и наличие требуют подтверждения поставщиком."
"allfordent","ТОО AllForDent","https://a4d.kz/content/boksy-dlya-modeley","2018","Боксы для моделей","","Стоматологические материалы","piece","KZT","","","false","Публичная карточка каталога AllForDent; цена и наличие требуют подтверждения поставщиком."
"allfordent","ТОО AllForDent","https://a4d.kz/content/shtifty-link-pins-vnutrikanalnye-parapulparnye-shtifty-0","5038","Штифты Link Pins внутриканальные, парапульпарные штифты,","","Стоматологические материалы","piece","KZT","","","false","Публичная карточка каталога AllForDent; цена и наличие требуют подтверждения поставщиком."
"allfordent","ТОО AllForDent","https://a4d.kz/content/nakonechnik-na-mikromotor-102ln","7095","Наконечник на микромотор 102LN","","Стоматологические материалы","piece","KZT","","","false","Публичная карточка каталога AllForDent; цена и наличие требуют подтверждения поставщиком."
"allfordent","ТОО AllForDent","https://a4d.kz/content/any-temp-ne-cement-s-oksidom-cinka-dlya-vremennoy-fiksacii-lyubyh-ortopedicheskih","1475","Any-Temp NE цемент с оксидом цинка для временной фиксации любых ортопедических конструкций 30гр.","","Стоматологические материалы","piece","KZT","","","false","Публичная карточка каталога AllForDent; цена и наличие требуют подтверждения поставщиком."
"allfordent","ТОО AllForDent","https://a4d.kz/content/komplekt-elastichnyh-opokovyh-kolec","5409","Комплект эластичных опоковых колец","","Стоматологические материалы","piece","KZT","","","false","Публичная карточка каталога AllForDent; цена и наличие требуют подтверждения поставщиком."
"allfordent","ТОО AllForDent","https://a4d.kz/content/precizionnyy-nozh-s-nasadkami","7194","Прецизионный нож с насадками","","Стоматологические материалы","piece","KZT","","","false","Публичная карточка каталога AllForDent; цена и наличие требуют подтверждения поставщиком."
"allfordent","ТОО AllForDent","https://a4d.kz/content/boks-dlya-kapp-0","2583","Бокс для капп","","Стоматологические материалы","piece","KZT","","","false","Публичная карточка каталога AllForDent; цена и наличие требуют подтверждения поставщиком."
"allfordent","ТОО AllForDent","https://a4d.kz/content/mikser-alginatnyy-0","7185","Миксер альгинатный","","Стоматологические материалы","piece","KZT","","","false","Публичная карточка каталога AllForDent; цена и наличие требуют подтверждения поставщиком."
"allfordent","ТОО AllForDent","https://a4d.kz/content/individualnye-lozhki","2019","Индивидуальные ложки","","Стоматологические материалы","piece","KZT","","","false","Публичная карточка каталога AllForDent; цена и наличие требуют подтверждения поставщиком."
"allfordent","ТОО AllForDent","https://a4d.kz/content/konteynery-dlya-hraneniya-kapelaynerov-detskie-0","1348","Контейнеры для хранения кап/элайнеров детские","","Стоматологические материалы","piece","KZT","","","false","Публичная карточка каталога AllForDent; цена и наличие требуют подтверждения поставщиком."
"allfordent","ТОО AllForDent","https://a4d.kz/content/konteyner-s-zerkalom-dlya-hraneniya-zubnyh-protezov-i-dr","1347","Контейнер с зеркалом для хранения зубных протезов и др.","","Стоматологические материалы","piece","KZT","","","false","Публичная карточка каталога AllForDent; цена и наличие требуют подтверждения поставщиком."
"allfordent","ТОО AllForDent","https://a4d.kz/content/konteyner-dlya-hraneniya-zubnyh-protezov-i-dr","1346","Контейнер для хранения зубных протезов и др.","","Стоматологические материалы","piece","KZT","","","false","Публичная карточка каталога AllForDent; цена и наличие требуют подтверждения поставщиком."
"allfordent","ТОО AllForDent","https://a4d.kz/content/formy-cokolya-dlya-podgonki-razmerov-modeli","2027","Формы цоколя для подгонки размеров модели.","","Стоматологические материалы","piece","KZT","","","false","Публичная карточка каталога AllForDent; цена и наличие требуют подтверждения поставщиком."
"allfordent","ТОО AllForDent","https://a4d.kz/content/shlifovalnyy-stanok-ax-j1-dlya-polirovki-otlivok","2068","Шлифовальный станок AX-J1 для полировки отливок","","Стоматологические материалы","piece","KZT","","","false","Публичная карточка каталога AllForDent; цена и наличие требуют подтверждения поставщиком."
"allfordent","ТОО AllForDent","https://a4d.kz/content/ochki-zashchitnye","1045","Очки защитные","","Стоматологические материалы","piece","KZT","","","false","Публичная карточка каталога AllForDent; цена и наличие требуют подтверждения поставщиком."
"allfordent","ТОО AllForDent","https://a4d.kz/content/mikser-vakuumnyy-ax-2000c-skorost-550-ob-min-emkostchasha550-ml-vakuum-008-009-mpa","2051","Миксер вакуумный AX-2000C Скорость 550 об /мин; Емкость(чаша):550 мл Вакуум: 0,08 ~ 0,09 Мпа;","","Стоматологические материалы","piece","KZT","","","false","Публичная карточка каталога AllForDent; цена и наличие требуют подтверждения поставщиком."
"allfordent","ТОО AllForDent","https://a4d.kz/content/trimmer-vodyanoy-ax-mtcavtomaticheskaya-podacha-vody","2053","Триммер водяной AX-MTC(автоматическая подача воды)","","Стоматологические материалы","piece","KZT","","","false","Публичная карточка каталога AllForDent; цена и наличие требуют подтверждения поставщиком."
"allfordent","ТОО AllForDent","https://a4d.kz/content/vnutrenniy-trimmer-ax-mtb-vypilivaniya-arok-vnutri-modeley-iz-gipsa-osnashchen-moshchnym","2056","Внутренний триммер AX-MTB выпиливания арок внутри моделей из гипса оснащен мощным двигателем.Количество оборотов-2,800rpm","","Стоматологические материалы","piece","KZT","","","false","Публичная карточка каталога AllForDent; цена и наличие требуют подтверждения поставщиком."
"allfordent","ТОО AllForDent","https://a4d.kz/content/stanok-lazernyy-dlya-sverleniya-ax-88-shtiftovanie-razbornyh-modeleyizgotovleniya","2058","Станок лазерный для сверления AX-88 Штифтование разборных моделей;Изготовления протяжённых мостов с максимальной точностью;","","Стоматологические материалы","piece","KZT","","","false","Публичная карточка каталога AllForDent; цена и наличие требуют подтверждения поставщиком."
"allfordent","ТОО AllForDent","https://a4d.kz/content/pindeks","5090","Пиндекс","","Стоматологические материалы","piece","KZT","","","false","Публичная карточка каталога AllForDent; цена и наличие требуют подтверждения поставщиком."
"allfordent","ТОО AllForDent","https://a4d.kz/content/vibrostolik","2060","Вибростолик","","Стоматологические материалы","piece","KZT","","","false","Публичная карточка каталога AllForDent; цена и наличие требуют подтверждения поставщиком."
"allfordent","ТОО AllForDent","https://a4d.kz/content/vibrostolik-ax-z2-moshchnost-100-vt-max-nagruzka-2-kg-razmery10x18x22-sm-ves-55kg","2055","Вибростолик AX-Z2 мощность: 100 Вт Max. Нагрузка: 2 кг Размеры:10x18x22 см Вес: 5.5Kg","","Стоматологические материалы","piece","KZT","","","false","Публичная карточка каталога AllForDent; цена и наличие требуют подтверждения поставщиком."
"allfordent","ТОО AllForDent","https://a4d.kz/content/ani-flex-clear-prozrachnyy-silikon-sredney-vyazkosti-dlya-sozdaniya-prozrachnyh-klyuchey","1476","Ani-Flex Clear прозрачный А-силикон средней вязкости для создания прозрачных ключей. 50мл.*4 шт.","","Стоматологические материалы","piece","KZT","","","false","Публичная карточка каталога AllForDent; цена и наличие требуют подтверждения поставщиком."
"allfordent","ТОО AllForDent","https://a4d.kz/content/any-core-kompozit-dvoynogo-otverzhdeniya-dlya-fiksacii-shtiftov-i-formirovaniya-kulti-zuba","1470","Any-Core – композит двойного отверждения для фиксации штифтов и формирования культи зуба","","Стоматологические материалы","piece","KZT","","","false","Публичная карточка каталога AllForDent; цена и наличие требуют подтверждения поставщиком."
"allfordent","ТОО AllForDent","https://a4d.kz/content/ani-flex-bite-silikon-dlya-registracii-prikusa-50ml2sht","1477","Ani-Flex Bite А-силикон для регистрации прикуса 50мл.*2шт","","Стоматологические материалы","piece","KZT","","","false","Публичная карточка каталога AllForDent; цена и наличие требуют подтверждения поставщиком."
"allfordent","ТОО AllForDent","https://a4d.kz/content/nakonechnik-na-mikromotor","7094","Наконечник на микромотор","","Стоматологические материалы","piece","KZT","","","false","Публичная карточка каталога AllForDent; цена и наличие требуют подтверждения поставщиком."
"allfordent","ТОО AllForDent","https://a4d.kz/content/nakonechnik-na-mikromotor-108e","7093","Наконечник на микромотор 108E","","Стоматологические материалы","piece","KZT","","","false","Публичная карточка каталога AllForDent; цена и наличие требуют подтверждения поставщиком."
"allfordent","ТОО AllForDent","https://a4d.kz/content/instrument-dlya-retrakcii-desnevoy-tkani-vstavki-retrakcionnoy-niti-razdeleniya-zubov-pri","9111","Инструмент для: • Ретракции десневой ткани • Вставки ретракционной нити Разделения зубов при установке матриц, раббердама","","Стоматологические материалы","piece","KZT","","","false","Публичная карточка каталога AllForDent; цена и наличие требуют подтверждения поставщиком."
"allfordent","ТОО AllForDent","https://a4d.kz/content/zuby-akrilovye","1870","Зубы акриловые","","Стоматологические материалы","piece","KZT","","","false","Публичная карточка каталога AllForDent; цена и наличие требуют подтверждения поставщиком."
"allfordent","ТОО AllForDent","https://a4d.kz/content/peskostruynyy-apparat-twin-pen","3704","Пескоструйный аппарат Twin pen","","Стоматологические материалы","piece","KZT","","","false","Публичная карточка каталога AllForDent; цена и наличие требуют подтверждения поставщиком."
"allfordent","ТОО AllForDent","https://a4d.kz/content/shlang-6-h-kanalnyy-germaniya","2283","Шланг 6-х канальный Германия","","Стоматологические материалы","piece","KZT","","","false","Публичная карточка каталога AllForDent; цена и наличие требуют подтверждения поставщиком."
"allfordent","ТОО AllForDent","https://a4d.kz/content/shlang-4-h-kanalnyy","2282","Шланг 4-х канальный","","Стоматологические материалы","piece","KZT","","","false","Публичная карточка каталога AllForDent; цена и наличие требуют подтверждения поставщиком."
"allfordent","ТОО AllForDent","https://a4d.kz/content/nakonechnik-separacionnyy","7174","Наконечник сепарационный","","Стоматологические материалы","piece","KZT","","","false","Публичная карточка каталога AllForDent; цена и наличие требуют подтверждения поставщиком."
"allfordent","ТОО AllForDent","https://a4d.kz/content/elektromotor-c-puma-0","1566","Электромотор C-Puma","","Стоматологические материалы","piece","KZT","","","false","Публичная карточка каталога AllForDent; цена и наличие требуют подтверждения поставщиком."
"allfordent","ТОО AllForDent","https://a4d.kz/content/maslo-v-apparat-dlya-smazki-nakonenchika-500-ml","1619","Масло в аппарат для смазки наконенчика 500 мл","","Стоматологические материалы","piece","KZT","","","false","Публичная карточка каталога AllForDent; цена и наличие требуют подтверждения поставщиком."
"allfordent","ТОО AllForDent","https://a4d.kz/content/vozdushnyy-mikromotor","9627","Воздушный микромотор","","Стоматологические материалы","piece","KZT","","","false","Публичная карточка каталога AllForDent; цена и наличие требуют подтверждения поставщиком."
"allfordent","ТОО AllForDent","https://a4d.kz/content/nakonechnik-pryamoy-so-svetom-d24-s","7044","Наконечник прямой со светом D24-S","","Стоматологические материалы","piece","KZT","","","false","Публичная карточка каталога AllForDent; цена и наличие требуют подтверждения поставщиком."
"allfordent","ТОО AllForDent","https://a4d.kz/content/elektricheskiy-motor","7178","Электрический мотор","","Стоматологические материалы","piece","KZT","","","false","Публичная карточка каталога AllForDent; цена и наличие требуют подтверждения поставщиком."
"allfordent","ТОО AllForDent","https://a4d.kz/content/235-e-nabor-mikromotor-pryamoy-uglovoy-nakonenchik-so-svetom-i-vnutreney-podachi-vody","7176","235-e Набор Микромотор, прямой, угловой наконенчик со светом и внутреней подачи воды","","Стоматологические материалы","piece","KZT","","","false","Публичная карточка каталога AllForDent; цена и наличие требуют подтверждения поставщиком."
"allfordent","ТОО AllForDent","https://a4d.kz/content/235-b-nabor-mikromotor-pryamoy-uglovoy-nakonenchik-c-vnutreney-podachi-vody","7177","235-b Набор Микромотор, прямой, угловой наконенчик c внутреней подачи воды","","Стоматологические материалы","piece","KZT","","","false","Публичная карточка каталога AllForDent; цена и наличие требуют подтверждения поставщиком."
"allfordent","ТОО AllForDent","https://a4d.kz/content/maslo-sprey-dlya-smazki-nakonechnikov","1621","Масло спрей для смазки наконечников","","Стоматологические материалы","piece","KZT","","","false","Публичная карточка каталога AllForDent; цена и наличие требуют подтверждения поставщиком."
"allfordent","ТОО AllForDent","https://a4d.kz/content/nakonechnik-pryamoy-s-2b","1530","Наконечник прямой S-2B","","Стоматологические материалы","piece","KZT","","","false","Публичная карточка каталога AllForDent; цена и наличие требуют подтверждения поставщиком."
"allfordent","ТОО AllForDent","https://a4d.kz/content/mikromotor-vozdushnyy-m-3b","1528","Микромотор воздушный M-3B","","Стоматологические материалы","piece","KZT","","","false","Публичная карточка каталога AllForDent; цена и наличие требуют подтверждения поставщиком."
"allfordent","ТОО AllForDent","https://a4d.kz/content/mikromotor-vozdushnyy-m-3f","1526","Микромотор воздушный M-3F","","Стоматологические материалы","piece","KZT","","","false","Публичная карточка каталога AllForDent; цена и наличие требуют подтверждения поставщиком."
"allfordent","ТОО AllForDent","https://a4d.kz/content/nakonechnik-uglovoy-c1-e-so-svetom-d23-f","1525","Наконечник угловой C1-Е со светом (D23-F)","","Стоматологические материалы","piece","KZT","","","false","Публичная карточка каталога AllForDent; цена и наличие требуют подтверждения поставщиком."
"allfordent","ТОО AllForDent","https://a4d.kz/content/nakonechnik-uglovoy-c1-b-knopochnyy-d17-c","1524","Наконечник угловой C1-B кнопочный (D17-C)","","Стоматологические материалы","piece","KZT","","","false","Публичная карточка каталога AllForDent; цена и наличие требуют подтверждения поставщиком."
"allfordent","ТОО AllForDent","https://a4d.kz/content/nakonechnik-uglovoy-c1-4-knopochnyy","1522","Наконечник угловой C1-4 кнопочный","","Стоматологические материалы","piece","KZT","","","false","Публичная карточка каталога AllForDent; цена и наличие требуют подтверждения поставщиком."
"allfordent","ТОО AllForDent","https://a4d.kz/content/nakonechnik-uglovoy-c1-2","1521","Наконечник угловой C1-2","","Стоматологические материалы","piece","KZT","","","false","Публичная карточка каталога AllForDent; цена и наличие требуют подтверждения поставщиком."
"allfordent","ТОО AllForDent","https://a4d.kz/content/turbinnyy-nakonechnik-h17-terapiyaortopediya","1513","Турбинный наконечник H17 терапия+ортопедия","","Стоматологические материалы","piece","KZT","","","false","Публичная карточка каталога AllForDent; цена и наличие требуют подтверждения поставщиком."
"allfordent","ТОО AllForDent","https://a4d.kz/content/c-sailor-pro-fiziodispenser-c-nakonechnikom-s-optikoy","1546","C-Sailor Pro - физиодиспенсер c наконечником, с оптикой","","Стоматологические материалы","piece","KZT","","","false","Публичная карточка каталога AllForDent; цена и наличие требуют подтверждения поставщиком."
"allfordent","ТОО AllForDent","https://a4d.kz/content/kompressor-stomatologicheskiy-32l","2207","Компрессор стоматологический 32л","","Стоматологические материалы","piece","KZT","","","false","Публичная карточка каталога AllForDent; цена и наличие требуют подтверждения поставщиком."
"allfordent","ТОО AllForDent","https://a4d.kz/content/aspiracionnaya-sistema-s","1780","Аспирационная система с-as","","Стоматологические материалы","piece","KZT","","","false","Публичная карточка каталога AllForDent; цена и наличие требуют подтверждения поставщиком."
"allfordent","ТОО AllForDent","https://a4d.kz/content/lampa-na-ustanovku-led-la-r6-23-02","1773","Лампа на установку LED LA-R6 23-02","","Стоматологические материалы","piece","KZT","","","false","Публичная карточка каталога AllForDent; цена и наличие требуют подтверждения поставщиком."
"allfordent","ТОО AllForDent","https://a4d.kz/content/lampa-na-ustanovku-led-la-64-23-07","1777","Лампа на установку LED LA-64 23-07","","Стоматологические материалы","piece","KZT","","","false","Публичная карточка каталога AllForDent; цена и наличие требуют подтверждения поставщиком."
"allfordent","ТОО AllForDent","https://a4d.kz/content/stul-doktora-25-04","1771","Стул доктора 25-04","","Стоматологические материалы","piece","KZT","","","false","Публичная карточка каталога AllForDent; цена и наличие требуют подтверждения поставщиком."
"allfordent","ТОО AllForDent","https://a4d.kz/content/stul-doktora-25-03","1770","Стул доктора 25-03","","Стоматологические материалы","piece","KZT","","","false","Публичная карточка каталога AllForDent; цена и наличие требуют подтверждения поставщиком."
"allfordent","ТОО AllForDent","https://a4d.kz/content/uf-sterilizator-lotki-dlya-instrumentov","1589","УФ стерилизатор +лотки для инструментов","","Стоматологические материалы","piece","KZT","","","false","Публичная карточка каталога AllForDent; цена и наличие требуют подтверждения поставщиком."
"allfordent","ТОО AllForDent","https://a4d.kz/content/ultrazvukovaya-moyka-dlya-instrumentov-25-l","1612","Ультразвуковая мойка для инструментов 2.5 л","","Стоматологические материалы","piece","KZT","","","false","Публичная карточка каталога AllForDent; цена и наличие требуют подтверждения поставщиком."
"allfordent","ТОО AllForDent","https://a4d.kz/content/dz-kliner-dezinficiruyushchie-salfetki","1416","ДЗ клинер дезинфицирующие салфетки","","Стоматологические материалы","piece","KZT","","","false","Публичная карточка каталога AllForDent; цена и наличие требуют подтверждения поставщиком."
"allfordent","ТОО AllForDent","https://a4d.kz/content/ultrazvukovaya-moyka-5-l","1597","Ультразвуковая мойка 5 л","","Стоматологические материалы","piece","KZT","","","false","Публичная карточка каталога AllForDent; цена и наличие требуют подтверждения поставщиком."
"allfordent","ТОО AllForDent","https://a4d.kz/content/avtoklav-18-l","5004","Автоклав 18 л","","Стоматологические материалы","piece","KZT","","","false","Публичная карточка каталога AllForDent; цена и наличие требуют подтверждения поставщиком."
"allfordent","ТОО AllForDent","https://a4d.kz/content/upakovochnaya-mashina-dlya-zapechatyvaniya-instrumentov","1622","Упаковочная машина для запечатывания инструментов","","Стоматологические материалы","piece","KZT","","","false","Публичная карточка каталога AllForDent; цена и наличие требуют подтверждения поставщиком."
"allfordent","ТОО AllForDent","https://a4d.kz/content/distillyator-3l","1587","Дистиллятор 3л","","Стоматологические материалы","piece","KZT","","","false","Публичная карточка каталога AllForDent; цена и наличие требуют подтверждения поставщиком."
"allfordent","ТОО AllForDent","https://a4d.kz/content/indikatornaya-lenta-12-mm","1405","Индикаторная лента 12 mm","","Стоматологические материалы","piece","KZT","","","false","Публичная карточка каталога AllForDent; цена и наличие требуют подтверждения поставщиком."
"allfordent","ТОО AllForDent","https://a4d.kz/content/bumaga-dlya-zapechatyvaniya-55-x-200m","1396","Бумага для запечатывания 5.5 x 200м","","Стоматологические материалы","piece","KZT","","","false","Публичная карточка каталога AllForDent; цена и наличие требуют подтверждения поставщиком."
"allfordent","ТОО AllForDent","https://a4d.kz/content/zashchitnye-svincovye-ochki-0","7117","Защитные свинцовые очки","","Стоматологические материалы","piece","KZT","","","false","Публичная карточка каталога AllForDent; цена и наличие требуют подтверждения поставщиком."
"allfordent","ТОО AllForDent","https://a4d.kz/content/zashchitnye-svincovye-ochki","7089","Защитные свинцовые очки","","Стоматологические материалы","piece","KZT","","","false","Публичная карточка каталога AllForDent; цена и наличие требуют подтверждения поставщиком."
"allfordent","ТОО AllForDent","https://a4d.kz/content/chexly-dlya-nadkusochnogo-bloka-panoramnogo-rentgen-apparata","1330","Чеxлы для надкусочного блока панорамного рентген аппарата","","Стоматологические материалы","piece","KZT","","","false","Публичная карточка каталога AllForDent; цена и наличие требуют подтверждения поставщиком."
"allfordent","ТОО AllForDent","https://a4d.kz/content/chehly-dlya-skanera-3-razmera","1329","Чехлы для сканера 3 размера","","Стоматологические материалы","piece","KZT","","","false","Публичная карточка каталога AllForDent; цена и наличие требуют подтверждения поставщиком."
"allfordent","ТОО AllForDent","https://a4d.kz/content/chehol-dlya-datchika-viziografa-medium","1328","Чехол для датчика визиографа medium","","Стоматологические материалы","piece","KZT","","","false","Публичная карточка каталога AllForDent; цена и наличие требуют подтверждения поставщиком."
"allfordent","ТОО AllForDent","https://a4d.kz/content/chehol-dlya-datchika-viziografa-premium-medium","1327","Чехол для датчика визиографа Premium Medium","","Стоматологические материалы","piece","KZT","","","false","Публичная карточка каталога AllForDent; цена и наличие требуют подтверждения поставщиком."
"allfordent","ТОО AllForDent","https://a4d.kz/content/derzhatel-plenok","1326","Держатель пленок","","Стоматологические материалы","piece","KZT","","","false","Публичная карточка каталога AllForDent; цена и наличие требуют подтверждения поставщиком."
"allfordent","ТОО AllForDent","https://a4d.kz/content/pozicioner-dlya-viziografa","1325","Позиционер для визиографа","","Стоматологические материалы","piece","KZT","","","false","Публичная карточка каталога AllForDent; цена и наличие требуют подтверждения поставщиком."
"allfordent","ТОО AllForDent","https://a4d.kz/content/plenka-rentgenovskaya-samoproyavlyayushcheesya","7119","Пленка рентгеновская самопроявляющееся","","Стоматологические материалы","piece","KZT","","","false","Публичная карточка каталога AllForDent; цена и наличие требуют подтверждения поставщиком."
"allfordent","ТОО AllForDent","https://a4d.kz/content/plenka-rentgenovskaya-0","7118","Пленка рентгеновская","","Стоматологические материалы","piece","KZT","","","false","Публичная карточка каталога AllForDent; цена и наличие требуют подтверждения поставщиком."
"allfordent","ТОО AllForDent","https://a4d.kz/content/plenka-rentgenovskaya","7088","Пленка рентгеновская","","Стоматологические материалы","piece","KZT","","","false","Публичная карточка каталога AllForDent; цена и наличие требуют подтверждения поставщиком."
"allfordent","ТОО AllForDent","https://a4d.kz/content/skaner-eq600-peredacha-izobrazheniya-na-pk","5124","Сканер EQ600 передача изображения на ПК","","Стоматологические материалы","piece","KZT","","","false","Публичная карточка каталога AllForDent; цена и наличие требуют подтверждения поставщиком."
"allfordent","ТОО AllForDent","https://a4d.kz/content/rentgen-apparat-s28p-viziografc62b","7113","Рентген аппарат С28P + визиографC62B","","Стоматологические материалы","piece","KZT","","","false","Публичная карточка каталога AllForDent; цена и наличие требуют подтверждения поставщиком."
"allfordent","ТОО AllForDent","https://a4d.kz/content/rentgen-apparat-s28p-viziografc62","7112","Рентген аппарат С28P + визиографC62","","Стоматологические материалы","piece","KZT","","","false","Публичная карточка каталога AllForDent; цена и наличие требуют подтверждения поставщиком."
"allfordent","ТОО AllForDent","https://a4d.kz/content/rentgen-apparat-s27","7111","Рентген аппарат С27","","Стоматологические материалы","piece","KZT","","","false","Публичная карточка каталога AllForDent; цена и наличие требуют подтверждения поставщиком."
"allfordent","ТОО AllForDent","https://a4d.kz/content/nakonechnik-uglovoy-povyshayushchiy15-so-svetom-c7-4-b5-4","5074","Наконечник угловой повышающий1:5 со светом C7-4 (B5-4)","","Стоматологические материалы","piece","KZT","","","false","Публичная карточка каталога AllForDent; цена и наличие требуют подтверждения поставщиком."
"allfordent","ТОО AllForDent","https://a4d.kz/content/rentgen-apparat-siger","3712","Рентген аппарат SIGER","","Стоматологические материалы","piece","KZT","","","false","Публичная карточка каталога AllForDent; цена и наличие требуют подтверждения поставщиком."
