source,supplierName,sourceUrl,externalId,name,brand,category,unit,currency,price,quantity,isRegulated,notes
"amdgroup","ТОО AMDgroup","https://amdgroup.kz/catalog/120/filter/clear/apply/","apply","Мерчи","","Стоматологические товары","piece","KZT","","","false","Публичная карточка каталога AMDgroup; цена и наличие требуют подтверждения поставщиком"
"amdgroup","ТОО AMDgroup","https://amdgroup.kz/catalog/abatment_dlya_semnogo_proteza/semnyy_protez_s_krepleniem_cf_gh_3_0_sp/","semnyy_protez_s_krepleniem_cf_gh_3_0_sp","Съемный протез с креплением CF GH 3.0 SP","","Стоматологические товары","piece","KZT","","","false","Публичная карточка каталога AMDgroup; цена и наличие требуют подтверждения поставщиком"
"amdgroup","ТОО AMDgroup","https://amdgroup.kz/catalog/abatment_dlya_semnogo_proteza/semnyy_protez_s_krepleniem_cf_gh_4_0_np/","semnyy_protez_s_krepleniem_cf_gh_4_0_np","Съемный протез с креплением CF GH 4.0 NP","","Стоматологические товары","piece","KZT","","","false","Публичная карточка каталога AMDgroup; цена и наличие требуют подтверждения поставщиком"
"amdgroup","ТОО AMDgroup","https://amdgroup.kz/catalog/abatment_dlya_semnogo_proteza/semnyy_protez_s_krepleniem_cf_gh_2_0_np/","semnyy_protez_s_krepleniem_cf_gh_2_0_np","Съемный протез с креплением CF GH 2.0 NP","","Стоматологические товары","piece","KZT","","","false","Публичная карточка каталога AMDgroup; цена и наличие требуют подтверждения поставщиком"
"amdgroup","ТОО AMDgroup","https://amdgroup.kz/catalog/abatment_dlya_semnogo_proteza/semnyy_protez_s_krepleniem_cf_gh_2_0_sp/","semnyy_protez_s_krepleniem_cf_gh_2_0_sp","Съемный протез с креплением CF GH 2.0 SP","","Стоматологические товары","piece","KZT","","","false","Публичная карточка каталога AMDgroup; цена и наличие требуют подтверждения поставщиком"
"amdgroup","ТОО AMDgroup","https://amdgroup.kz/catalog/abatment_dlya_semnogo_proteza/semnyy_protez_s_krepleniem_cf_gh_4_0_sp/","semnyy_protez_s_krepleniem_cf_gh_4_0_sp","Съемный протез с креплением CF GH 4.0 SP","","Стоматологические товары","piece","KZT","","","false","Публичная карточка каталога AMDgroup; цена и наличие требуют подтверждения поставщиком"
"amdgroup","ТОО AMDgroup","https://amdgroup.kz/catalog/abatment_dlya_semnogo_proteza/semnyy_protez_s_krepleniem_cf_gh_3_0_np/","semnyy_protez_s_krepleniem_cf_gh_3_0_np","Съемный протез с креплением CF GH 3.0 NP","","Стоматологические товары","piece","KZT","","","false","Публичная карточка каталога AMDgroup; цена и наличие требуют подтверждения поставщиком"
"amdgroup","ТОО AMDgroup","https://amdgroup.kz/catalog/zaglushki/vint_zaglushka_cf_gh_2_0_sp/","vint_zaglushka_cf_gh_2_0_sp","Винт-заглушка CF GH 2.0 SP","","Стоматологические товары","piece","KZT","","","false","Публичная карточка каталога AMDgroup; цена и наличие требуют подтверждения поставщиком"
"amdgroup","ТОО AMDgroup","https://amdgroup.kz/catalog/kobalt_khromovyy_abatment/abatment_vygoraemyy_dlya_koronki_5_5_cf_gh_1_0_sp/","abatment_vygoraemyy_dlya_koronki_5_5_cf_gh_1_0_sp","Абатмент выгораемый для коронки 5.5 CF GH 1.0 SP","","Стоматологические товары","piece","KZT","","","false","Публичная карточка каталога AMDgroup; цена и наличие требуют подтверждения поставщиком"
"amdgroup","ТОО AMDgroup","https://amdgroup.kz/catalog/dlya_mostov/abatment_titanovyy_vremennyy_dlya_mostov_4_5_cf_gh_3_0_sp/","abatment_titanovyy_vremennyy_dlya_mostov_4_5_cf_gh_3_0_sp","Абатмент титановый временный для мостов 4,5 CF GH 3,0 SP","","Стоматологические товары","piece","KZT","","","false","Публичная карточка каталога AMDgroup; цена и наличие требуют подтверждения поставщиком"
"amdgroup","ТОО AMDgroup","https://amdgroup.kz/catalog/pryamoy_tip/abatment_s_tsementnoy_fiksatsiey_3_5_cf_gh_3_0_np/","abatment_s_tsementnoy_fiksatsiey_3_5_cf_gh_3_0_np","Абатмент с цементной фиксацией 3.5 CF GH 3.0 NP","","Стоматологические товары","piece","KZT","","","false","Публичная карточка каталога AMDgroup; цена и наличие требуют подтверждения поставщиком"
"amdgroup","ТОО AMDgroup","https://amdgroup.kz/catalog/sverla/sverlo_konicheskoe_4_0/","sverlo_konicheskoe_4_0","Сверло коническое 4.0","","Стоматологические товары","piece","KZT","","","false","Публичная карточка каталога AMDgroup; цена и наличие требуют подтверждения поставщиком"
"amdgroup","ТОО AMDgroup","https://amdgroup.kz/catalog/kolpachki_/kolpachok_vremennyy_s_tsementnoy_fiksatsiey_4_5/","kolpachok_vremennyy_s_tsementnoy_fiksatsiey_4_5","Колпачок временный с цементной фиксацией 4,5","","Стоматологические товары","piece","KZT","","","false","Публичная карточка каталога AMDgroup; цена и наличие требуют подтверждения поставщиком"
"amdgroup","ТОО AMDgroup","https://amdgroup.kz/catalog/sverla/sverlo_konicheskoe_3_5/","sverlo_konicheskoe_3_5","Сверло коническое 3.5","","Стоматологические товары","piece","KZT","","","false","Публичная карточка каталога AMDgroup; цена и наличие требуют подтверждения поставщиком"
"amdgroup","ТОО AMDgroup","https://amdgroup.kz/catalog/komponenty/cocr_kolpachok_na_multi_unit_3_5/","cocr_kolpachok_na_multi_unit_3_5","CoCr колпачок на MULTI UNIT Ø3,5","","Стоматологические товары","piece","KZT","","","false","Публичная карточка каталога AMDgroup; цена и наличие требуют подтверждения поставщиком"
"amdgroup","ТОО AMDgroup","https://amdgroup.kz/catalog/komponenty/transfer_multi_unit_3_5_d_otkr_lozhki/","transfer_multi_unit_3_5_d_otkr_lozhki","Трансфер MULTI UNIT 3,5 д/откр.ложки","","Стоматологические товары","piece","KZT","","","false","Публичная карточка каталога AMDgroup; цена и наличие требуют подтверждения поставщиком"
"amdgroup","ТОО AMDgroup","https://amdgroup.kz/catalog/komponenty/abatment_titanovyy_dlya_multi_unit_polirovalnyy_4_8/","abatment_titanovyy_dlya_multi_unit_polirovalnyy_4_8","Абатмент титановый для MULTI UNIT полировальный 4.8","","Стоматологические товары","piece","KZT","","","false","Публичная карточка каталога AMDgroup; цена и наличие требуют подтверждения поставщиком"
"amdgroup","ТОО AMDgroup","https://amdgroup.kz/catalog/dlya_koronki/abatment_titanovyy_vremennyy_dlya_koronki_4_5_cf_gh_1_0_sp/","abatment_titanovyy_vremennyy_dlya_koronki_4_5_cf_gh_1_0_sp","Абатмент титановый временный для коронки 4,5 CF GH 1,0 SP","","Стоматологические товары","piece","KZT","","","false","Публичная карточка каталога AMDgroup; цена и наличие требуют подтверждения поставщиком"
"amdgroup","ТОО AMDgroup","https://amdgroup.kz/catalog/5_0/implantat_konicheskiy_cf_5_0x11_5_sp/","implantat_konicheskiy_cf_5_0x11_5_sp","Имплантат конический CF 5.0X11.5 SP","","Стоматологические товары","piece","KZT","","","false","Публичная карточка каталога AMDgroup; цена и наличие требуют подтверждения поставщиком"
"amdgroup","ТОО AMDgroup","https://amdgroup.kz/catalog/komponenty/abatment_titanovyy_dlya_multi_unit_polirovalnyy_3_5/","abatment_titanovyy_dlya_multi_unit_polirovalnyy_3_5","Абатмент титановый для MULTI UNIT полировальный 3.5","","Стоматологические товары","piece","KZT","","","false","Публичная карточка каталога AMDgroup; цена и наличие требуют подтверждения поставщиком"
"amdgroup","ТОО AMDgroup","https://amdgroup.kz/catalog/5_0/implantat_konicheskiy_cf_5_0x13_sp/","implantat_konicheskiy_cf_5_0x13_sp","Имплантат конический CF 5.0X13 SP","","Стоматологические товары","piece","KZT","","","false","Публичная карточка каталога AMDgroup; цена и наличие требуют подтверждения поставщиком"
"amdgroup","ТОО AMDgroup","https://amdgroup.kz/catalog/sverla/cverlo_cf_np_dlinnyy/","cverlo_cf_np_dlinnyy","Cверло CF NP длинный","","Стоматологические товары","piece","KZT","","","false","Публичная карточка каталога AMDgroup; цена и наличие требуют подтверждения поставщиком"
"amdgroup","ТОО AMDgroup","https://amdgroup.kz/catalog/dlya_koronki/abatment_titanovyy_vremennyy_dlya_koronki_3_5_cf_gh_1_0_np/","abatment_titanovyy_vremennyy_dlya_koronki_3_5_cf_gh_1_0_np","Абатмент титановый временный для коронки 3,5 CF GH 1,0 NP","","Стоматологические товары","piece","KZT","","","false","Публичная карточка каталога AMDgroup; цена и наличие требуют подтверждения поставщиком"
"amdgroup","ТОО AMDgroup","https://amdgroup.kz/catalog/4_0/implantat_konicheskiy_cf_4_0x18_sp/","implantat_konicheskiy_cf_4_0x18_sp","Имплантат конический CF 4.0X18 SP","","Стоматологические товары","piece","KZT","","","false","Публичная карточка каталога AMDgroup; цена и наличие требуют подтверждения поставщиком"
"amdgroup","ТОО AMDgroup","https://amdgroup.kz/catalog/komponenty/kolpachok_titanovyy_multi_unit_3_5/","kolpachok_titanovyy_multi_unit_3_5","Колпачок титановый MULTI UNIT. 3,5","","Стоматологические товары","piece","KZT","","","false","Публичная карточка каталога AMDgroup; цена и наличие требуют подтверждения поставщиком"
"amdgroup","ТОО AMDgroup","https://amdgroup.kz/catalog/abatmenty_multi_unit_/abatment_multi_unit_3_5_cf_gh_3_0_np/","abatment_multi_unit_3_5_cf_gh_3_0_np","Абатмент MULTI UNIT 3,5 CF GH 3,0 NP","","Стоматологические товары","piece","KZT","","","false","Публичная карточка каталога AMDgroup; цена и наличие требуют подтверждения поставщиком"
"amdgroup","ТОО AMDgroup","https://amdgroup.kz/catalog/uglovye_izmeriteli/uglovoy_izmeritel_17d_cf_np/","ирование облегчает ориентацию в инструментальном наборе","Угловой измеритель 17D CF NP","","Стоматологические товары","piece","KZT","","","false","Публичная карточка каталога AMDgroup; цена и наличие требуют подтверждения поставщиком"
"amdgroup","ТОО AMDgroup","https://amdgroup.kz/catalog/komponenty_/otvertka_shestigrannaya_1_2_dlya_treshchetki_korotkaya/","otvertka_shestigrannaya_1_2_dlya_treshchetki_korotkaya","Отвертка шестигранная 1,2 для трещетки/короткая","","Стоматологические товары","piece","KZT","","","false","Публичная карточка каталога AMDgroup; цена и наличие требуют подтверждения поставщиком"
"amdgroup","ТОО AMDgroup","https://amdgroup.kz/catalog/dlya_koronki/abatment_titanovyy_vremennyy_dlya_koronki_5_5_cf_gh_1_0_sp/","abatment_titanovyy_vremennyy_dlya_koronki_5_5_cf_gh_1_0_sp","Абатмент титановый временный для коронки 5,5 CF GH 1,0 SP","","Стоматологические товары","piece","KZT","","","false","Публичная карточка каталога AMDgroup; цена и наличие требуют подтверждения поставщиком"
"amdgroup","ТОО AMDgroup","https://amdgroup.kz/catalog/3_5/implantat_konicheskiy_cf_3_5x18_np/","implantat_konicheskiy_cf_3_5x18_np","Имплантат конический CF 3.5X18 NP","","Стоматологические товары","piece","KZT","","","false","Публичная карточка каталога AMDgroup; цена и наличие требуют подтверждения поставщиком"
"amdgroup","ТОО AMDgroup","https://amdgroup.kz/catalog/transfer_dlya_zakrytoy_lozhki/transfer_d_zakr_lozhki_dlya_koronki_cf_sp/","transfer_d_zakr_lozhki_dlya_koronki_cf_sp","Трансфер д/закр. ложки для коронки CF SP","","Стоматологические товары","piece","KZT","","","false","Публичная карточка каталога AMDgroup; цена и наличие требуют подтверждения поставщиком"
"amdgroup","ТОО AMDgroup","https://amdgroup.kz/catalog/sverla/sverlo_konicheskoe_4_3/","sverlo_konicheskoe_4_3","Сверло коническое 4.3","","Стоматологические товары","piece","KZT","","","false","Публичная карточка каталога AMDgroup; цена и наличие требуют подтверждения поставщиком"
"amdgroup","ТОО AMDgroup","https://amdgroup.kz/catalog/dlya_mostov/abatment_titanovyy_vremennyy_dlya_mostov_5_5_cf_gh_3_0_sp/","abatment_titanovyy_vremennyy_dlya_mostov_5_5_cf_gh_3_0_sp","Абатмент титановый временный для мостов 5,5 CF GH 3,0 SP","","Стоматологические товары","piece","KZT","","","false","Публичная карточка каталога AMDgroup; цена и наличие требуют подтверждения поставщиком"
"amdgroup","ТОО AMDgroup","https://amdgroup.kz/catalog/transfer_dlya_zakrytoy_lozhki/transfer_d_zakr_lozhki_dlya_koronki_cf_np/","transfer_d_zakr_lozhki_dlya_koronki_cf_np","Трансфер д/закр. ложки для коронки CF NP","","Стоматологические товары","piece","KZT","","","false","Публичная карточка каталога AMDgroup; цена и наличие требуют подтверждения поставщиком"
"amdgroup","ТОО AMDgroup","https://amdgroup.kz/catalog/transfer_dlya_otkrytoy_lozhki/vint_dlya_ottiska_implantata_s_otkrytym_lotkom_cfnp_long/","vint_dlya_ottiska_implantata_s_otkrytym_lotkom_cfnp_long","Винт для оттиска имплантата с открытым лотком CFNP LONG","","Стоматологические товары","piece","KZT","","","false","Публичная карточка каталога AMDgroup; цена и наличие требуют подтверждения поставщиком"
"amdgroup","ТОО AMDgroup","https://amdgroup.kz/catalog/stoppery/upor_13_0_dlya_sverla_d2_0/","upor_13_0_dlya_sverla_d2_0","Упор 13.0 для сверла D2.0","","Стоматологические товары","piece","KZT","","","false","Публичная карточка каталога AMDgroup; цена и наличие требуют подтверждения поставщиком"
"amdgroup","ТОО AMDgroup","https://amdgroup.kz/catalog/sverla/sverlo_cf_np_korotkiy_d_otvertki/","sverlo_cf_np_korotkiy_d_otvertki","Сверло CF NP короткий д/отвертки","","Стоматологические товары","piece","KZT","","","false","Публичная карточка каталога AMDgroup; цена и наличие требуют подтверждения поставщиком"
"amdgroup","ТОО AMDgroup","https://amdgroup.kz/catalog/dlya_koronki/abatment_titanovyy_vremennyy_dlya_koronki_4_5_cf_gh_3_0_sp/","abatment_titanovyy_vremennyy_dlya_koronki_4_5_cf_gh_3_0_sp","Абатмент титановый временный для коронки 4,5 CF GH 3,0 SP","","Стоматологические товары","piece","KZT","","","false","Публичная карточка каталога AMDgroup; цена и наличие требуют подтверждения поставщиком"
"amdgroup","ТОО AMDgroup","https://amdgroup.kz/catalog/komponenty_/rentg_manipulyator_dlya_ustanovki_implantatov_s_rezboy_4_0/","rentg_manipulyator_dlya_ustanovki_implantatov_s_rezboy_4_0","Рентг.манипулятор для установки имплантатов с резьбой 4.0","","Стоматологические товары","piece","KZT","","","false","Публичная карточка каталога AMDgroup; цена и наличие требуют подтверждения поставщиком"
"amdgroup","ТОО AMDgroup","https://amdgroup.kz/catalog/dlya_mostov/abatment_titanovyy_vremennyy_dlya_mostov_3_5_cf_gh_3_0_np/","abatment_titanovyy_vremennyy_dlya_mostov_3_5_cf_gh_3_0_np","Абатмент титановый временный для мостов 3,5 CF GH 3,0 NP","","Стоматологические товары","piece","KZT","","","false","Публичная карточка каталога AMDgroup; цена и наличие требуют подтверждения поставщиком"
"amdgroup","ТОО AMDgroup","https://amdgroup.kz/catalog/kolpachki_/kolpachok_litoy_s_tsementnoy_fiksatsiey_4_8/","kolpachok_litoy_s_tsementnoy_fiksatsiey_4_8","Колпачок литой с цементной фиксацией 4,8","","Стоматологические товары","piece","KZT","","","false","Публичная карточка каталога AMDgroup; цена и наличие требуют подтверждения поставщиком"
"amdgroup","ТОО AMDgroup","https://amdgroup.kz/catalog/stoppery/upor_7_0_dlya_sverla_d4_3_5_0/","upor_7_0_dlya_sverla_d4_3_5_0","Упор 7.0 для сверла D4.3/5.0","","Стоматологические товары","piece","KZT","","","false","Публичная карточка каталога AMDgroup; цена и наличие требуют подтверждения поставщиком"
"amdgroup","ТОО AMDgroup","https://amdgroup.kz/catalog/komponenty_/otvyertka_hex_1_2_korotkiy_d_otvertki/","otvyertka_hex_1_2_korotkiy_d_otvertki","Отвёртка HEX 1.2 короткий д/отвертки","","Стоматологические товары","piece","KZT","","","false","Публичная карточка каталога AMDgroup; цена и наличие требуют подтверждения поставщиком"
"amdgroup","ТОО AMDgroup","https://amdgroup.kz/catalog/dlya_koronki_/osnova_titanovaya_dlya_koronki_4_5kh6_0kh0_5_cf_np/","osnova_titanovaya_dlya_koronki_4_5kh6_0kh0_5_cf_np","Основа титановая для коронки 4,5Х6,0Х0,5 CF NP","","Стоматологические товары","piece","KZT","","","false","Публичная карточка каталога AMDgroup; цена и наличие требуют подтверждения поставщиком"
"amdgroup","ТОО AMDgroup","https://amdgroup.kz/catalog/transfer_dlya_otkrytoy_lozhki/transfer_d_otkr_lozhki_dlya_mostov_cf_sp_dlinnyy/","transfer_d_otkr_lozhki_dlya_mostov_cf_sp_dlinnyy","Трансфер д/откр. ложки для мостов CF SP (длинный)","","Стоматологические товары","piece","KZT","","","false","Публичная карточка каталога AMDgroup; цена и наличие требуют подтверждения поставщиком"
"amdgroup","ТОО AMDgroup","https://amdgroup.kz/catalog/abatmenty_multi_unit_/abatment_multi_unit_3_5_cf_gh_1_0_np/","abatment_multi_unit_3_5_cf_gh_1_0_np","Абатмент MULTI UNIT 3,5 CF GH 1,0 NP","","Стоматологические товары","piece","KZT","","","false","Публичная карточка каталога AMDgroup; цена и наличие требуют подтверждения поставщиком"
"amdgroup","ТОО AMDgroup","https://amdgroup.kz/catalog/komponenty/otvertka_dlya_multi_unit_s_fiksatorom/","otvertka_dlya_multi_unit_s_fiksatorom","Отвертка для MULTI UNIT с фиксатором","","Стоматологические товары","piece","KZT","","","false","Публичная карточка каталога AMDgroup; цена и наличие требуют подтверждения поставщиком"
"amdgroup","ТОО AMDgroup","https://amdgroup.kz/catalog/frezeruemyy_abatment_pre_milled/abatment_11_5_cf_sp/","abatment_11_5_cf_sp","Абатмент 11.5 CF SP","","Стоматологические товары","piece","KZT","","","false","Публичная карточка каталога AMDgroup; цена и наличие требуют подтверждения поставщиком"
"amdgroup","ТОО AMDgroup","https://amdgroup.kz/catalog/dlya_koronki_/osnova_titanovaya_dlya_koronki_5_5x6_0x0_5_cf_sp/","osnova_titanovaya_dlya_koronki_5_5x6_0x0_5_cf_sp","Основа титановая для коронки 5.5X6.0X0.5 CF SP","","Стоматологические товары","piece","KZT","","","false","Публичная карточка каталога AMDgroup; цена и наличие требуют подтверждения поставщиком"
"amdgroup","ТОО AMDgroup","https://amdgroup.kz/catalog/abatmenty_multi_unit_/abatment_multi_unit_3_5_cf_gh_2_0_np/","abatment_multi_unit_3_5_cf_gh_2_0_np","Абатмент MULTI UNIT 3,5 CF GH 2,0 NP","","Стоматологические товары","piece","KZT","","","false","Публичная карточка каталога AMDgroup; цена и наличие требуют подтверждения поставщиком"
"amdgroup","ТОО AMDgroup","https://amdgroup.kz/catalog/formirovateli_desny/formirovatel_desny_3_5_cf_gh_3_0_np/","formirovatel_desny_3_5_cf_gh_3_0_np","Формирователь десны 3.5 CF GH 3.0 NP","","Стоматологические товары","piece","KZT","","","false","Публичная карточка каталога AMDgroup; цена и наличие требуют подтверждения поставщиком"
"amdgroup","ТОО AMDgroup","https://amdgroup.kz/catalog/nabory/nabor_stopperov_drill_stop/","nabor_stopperov_drill_stop","Набор стопперов Drill Stop","","Стоматологические товары","piece","KZT","","","false","Публичная карточка каталога AMDgroup; цена и наличие требуют подтверждения поставщиком"
"amdgroup","ТОО AMDgroup","https://amdgroup.kz/catalog/komponenty_/drel_udlinitel/","drel_udlinitel","Дрель-удлинитель","","Стоматологические товары","piece","KZT","","","false","Публичная карточка каталога AMDgroup; цена и наличие требуют подтверждения поставщиком"
"amdgroup","ТОО AMDgroup","https://amdgroup.kz/catalog/komponenty_/otvertka_shestigrannaya_1_2_dlya_treshchetki_dlinnaya/","otvertka_shestigrannaya_1_2_dlya_treshchetki_dlinnaya","Отвертка шестигранная 1,2 для трещетки/длинная","","Стоматологические товары","piece","KZT","","","false","Публичная карточка каталога AMDgroup; цена и наличие требуют подтверждения поставщиком"
"amdgroup","ТОО AMDgroup","https://amdgroup.kz/catalog/analogi/implantat_analogovyy_cf_np/","implantat_analogovyy_cf_np","Имплантат аналоговый CF NP","","Стоматологические товары","piece","KZT","","","false","Публичная карточка каталога AMDgroup; цена и наличие требуют подтверждения поставщиком"
"amdgroup","ТОО AMDgroup","https://amdgroup.kz/catalog/komponenty_/rentg_manipulyator_dlya_ustanovki_implantatov_s_rezboy_4_3/","rentg_manipulyator_dlya_ustanovki_implantatov_s_rezboy_4_3","Рентг.манипулятор для установки имплантатов с резьбой 4.3","","Стоматологические товары","piece","KZT","","","false","Публичная карточка каталога AMDgroup; цена и наличие требуют подтверждения поставщиком"
"amdgroup","ТОО AMDgroup","https://amdgroup.kz/catalog/dlya_koronki_/osnova_titanovaya_dlya_koronki_3_5kh6_0kh0_5_cf_np/","osnova_titanovaya_dlya_koronki_3_5kh6_0kh0_5_cf_np","Основа титановая для коронки 3,5Х6,0Х0,5 CF NP","","Стоматологические товары","piece","KZT","","","false","Публичная карточка каталога AMDgroup; цена и наличие требуют подтверждения поставщиком"
"amdgroup","ТОО AMDgroup","https://amdgroup.kz/catalog/kolpachki_/kolpachok_laboratornyy_odnoetapnyy_cuzn_4_8/","kolpachok_laboratornyy_odnoetapnyy_cuzn_4_8","Колпачок лабораторный одноэтапный CuZn. 4,8","","Стоматологические товары","piece","KZT","","","false","Публичная карточка каталога AMDgroup; цена и наличие требуют подтверждения поставщиком"
"amdgroup","ТОО AMDgroup","https://amdgroup.kz/catalog/kolpachki_/kolpachok_vremennyy_s_tsementnoy_fiksatsiey_3_5/","kolpachok_vremennyy_s_tsementnoy_fiksatsiey_3_5","Колпачок временный с цементной фиксацией 3,5","","Стоматологические товары","piece","KZT","","","false","Публичная карточка каталога AMDgroup; цена и наличие требуют подтверждения поставщиком"
"amdgroup","ТОО AMDgroup","https://amdgroup.kz/catalog/formirovateli_desny/formirovatel_desny_4_5_cf_gh_1_0_np/","formirovatel_desny_4_5_cf_gh_1_0_np","Формирователь десны 4.5 CF GH 1.0 NP","","Стоматологические товары","piece","KZT","","","false","Публичная карточка каталога AMDgroup; цена и наличие требуют подтверждения поставщиком"
"amdgroup","ТОО AMDgroup","https://amdgroup.kz/catalog/abatmenty_multi_unit_/abatment_multi_unit_4_8_cf_17d_gh_3_0_np/","abatment_multi_unit_4_8_cf_17d_gh_3_0_np","Абатмент MULTI UNIT 4,8 CF 17D GH 3,0 NP","","Стоматологические товары","piece","KZT","","","false","Публичная карточка каталога AMDgroup; цена и наличие требуют подтверждения поставщиком"
"amdgroup","ТОО AMDgroup","https://amdgroup.kz/catalog/stoppery/upor_8_0_dlya_sverla_d2_0/","upor_8_0_dlya_sverla_d2_0","Упор 8.0 для сверла D2.0","","Стоматологические товары","piece","KZT","","","false","Публичная карточка каталога AMDgroup; цена и наличие требуют подтверждения поставщиком"
"amdgroup","ТОО AMDgroup","https://amdgroup.kz/catalog/stoppery/upor_13_0_dlya_sverla_d4_3_5_0/","upor_13_0_dlya_sverla_d4_3_5_0","Упор 13.0 для сверла D4.3/5.0","","Стоматологические товары","piece","KZT","","","false","Публичная карточка каталога AMDgroup; цена и наличие требуют подтверждения поставщиком"
"amdgroup","ТОО AMDgroup","https://amdgroup.kz/catalog/analog_multi_yunita/analog_multi_unit_3_5/","analog_multi_unit_3_5","Аналог MULTI UNIT 3,5","","Стоматологические товары","piece","KZT","","","false","Публичная карточка каталога AMDgroup; цена и наличие требуют подтверждения поставщиком"
"amdgroup","ТОО AMDgroup","https://amdgroup.kz/catalog/kobalt_khromovyy_abatment/abatment_vygoraemyy_dlya_koronki_3_5_cf_gh_1_0_np/","abatment_vygoraemyy_dlya_koronki_3_5_cf_gh_1_0_np","Абатмент выгораемый для коронки 3,5 CF GH 1,0 NP","","Стоматологические товары","piece","KZT","","","false","Публичная карточка каталога AMDgroup; цена и наличие требуют подтверждения поставщиком"
"amdgroup","ТОО AMDgroup","https://amdgroup.kz/catalog/kolpachki_/kolpachok_laboratornyy_odnoetapnyy_litoy_4_8/","kolpachok_laboratornyy_odnoetapnyy_litoy_4_8","Колпачок лабораторный одноэтапный литой . 4,8","","Стоматологические товары","piece","KZT","","","false","Публичная карточка каталога AMDgroup; цена и наличие требуют подтверждения поставщиком"
"amdgroup","ТОО AMDgroup","https://amdgroup.kz/catalog/stoppery/upor_11_5_dlya_sverla_d3_5/","upor_11_5_dlya_sverla_d3_5","Упор 11.5 для сверла D3.5","","Стоматологические товары","piece","KZT","","","false","Публичная карточка каталога AMDgroup; цена и наличие требуют подтверждения поставщиком"
"amdgroup","ТОО AMDgroup","https://amdgroup.kz/catalog/formirovateli_desny/formirovatel_healing_5_5_cf_gh_3_0_sp/","formirovatel_healing_5_5_cf_gh_3_0_sp","Формирователь HEALING 5.5 CF GH 3.0 SP","","Стоматологические товары","piece","KZT","","","false","Публичная карточка каталога AMDgroup; цена и наличие требуют подтверждения поставщиком"
"amdgroup","ТОО AMDgroup","https://amdgroup.kz/catalog/formirovateli_desny/formirovatel_desny_3_5_cf_gh_2_0_np_/","formirovatel_desny_3_5_cf_gh_2_0_np_","Формирователь десны 3.5 CF GH 2.0 NP","","Стоматологические товары","piece","KZT","","","false","Публичная карточка каталога AMDgroup; цена и наличие требуют подтверждения поставщиком"
"amdgroup","ТОО AMDgroup","https://amdgroup.kz/catalog/komponenty/kolpachok_litoy_multi_unit_unit_4_8_1/","kolpachok_litoy_multi_unit_unit_4_8_1","Колпачок литой MULTI UNIT UNIT. 4,8","","Стоматологические товары","piece","KZT","","","false","Публичная карточка каталога AMDgroup; цена и наличие требуют подтверждения поставщиком"
"amdgroup","ТОО AMDgroup","https://amdgroup.kz/catalog/sverla/sverlo_cf_sp_korotkiy_d_otvertki/","sverlo_cf_sp_korotkiy_d_otvertki","Сверло CF SP короткий д/отвертки","","Стоматологические товары","piece","KZT","","","false","Публичная карточка каталога AMDgroup; цена и наличие требуют подтверждения поставщиком"
"amdgroup","ТОО AMDgroup","https://amdgroup.kz/catalog/dlya_mostov/abatment_titanovyy_vremennyy_dlya_mostov_5_5_cf_gh_1_0_sp/","abatment_titanovyy_vremennyy_dlya_mostov_5_5_cf_gh_1_0_sp","Абатмент титановый временный для мостов 5,5 CF GH 1,0 SP","","Стоматологические товары","piece","KZT","","","false","Публичная карточка каталога AMDgroup; цена и наличие требуют подтверждения поставщиком"
"amdgroup","ТОО AMDgroup","https://amdgroup.kz/catalog/transfer_dlya_otkrytoy_lozhki/vint_dlya_ottiska_implantata_s_otkrytym_lotkom_cfnp/","vint_dlya_ottiska_implantata_s_otkrytym_lotkom_cfnp","Винт для оттиска имплантата с открытым лотком CFNP","","Стоматологические товары","piece","KZT","","","false","Публичная карточка каталога AMDgroup; цена и наличие требуют подтверждения поставщиком"
"amdgroup","ТОО AMDgroup","https://amdgroup.kz/catalog/formirovateli_desny/formirovatel_desny_4_5_cf_gh_4_0_sp/","formirovatel_desny_4_5_cf_gh_4_0_sp","Формирователь десны 4,5 CF GH 4,0 SP","","Стоматологические товары","piece","KZT","","","false","Публичная карточка каталога AMDgroup; цена и наличие требуют подтверждения поставщиком"
"amdgroup","ТОО AMDgroup","https://amdgroup.kz/catalog/stoppery/upor_13_0_dlya_sverla_d3_5/","upor_13_0_dlya_sverla_d3_5","Упор 13.0 для сверла D3.5","","Стоматологические товары","piece","KZT","","","false","Публичная карточка каталога AMDgroup; цена и наличие требуют подтверждения поставщиком"
"amdgroup","ТОО AMDgroup","https://amdgroup.kz/catalog/pryamoy_tip/abatment_s_tsementnoy_fiksatsiey_3_5_cf_gh_2_0_np/","abatment_s_tsementnoy_fiksatsiey_3_5_cf_gh_2_0_np","Абатмент с цементной фиксацией 3.5 CF GH 2.0 NP","","Стоматологические товары","piece","KZT","","","false","Публичная карточка каталога AMDgroup; цена и наличие требуют подтверждения поставщиком"
"amdgroup","ТОО AMDgroup","https://amdgroup.kz/catalog/abatmenty_multi_unit_/abatment_multi_unit_vintovoy_fiksirovkoy_4_8_cf_gh_5_0_sp/","abatment_multi_unit_vintovoy_fiksirovkoy_4_8_cf_gh_5_0_sp","Абатмент Multi unit винтовой фиксировкой 4.8 CF GH 5.0 SP","","Стоматологические товары","piece","KZT","","","false","Публичная карточка каталога AMDgroup; цена и наличие требуют подтверждения поставщиком"
"amdgroup","ТОО AMDgroup","https://amdgroup.kz/catalog/stoppery/upor_11_5_dlya_sverla_d2_0/","upor_11_5_dlya_sverla_d2_0","Упор 11.5 для сверла D2.0","","Стоматологические товары","piece","KZT","","","false","Публичная карточка каталога AMDgroup; цена и наличие требуют подтверждения поставщиком"
"amdgroup","ТОО AMDgroup","https://amdgroup.kz/catalog/formirovateli_desny/formirovatel_desny_4_5_cf_gh_4_0_np/","formirovatel_desny_4_5_cf_gh_4_0_np","Формирователь десны 4,5 CF GH 4,0 NP","","Стоматологические товары","piece","KZT","","","false","Публичная карточка каталога AMDgroup; цена и наличие требуют подтверждения поставщиком"
"amdgroup","ТОО AMDgroup","https://amdgroup.kz/catalog/uglovye_izmeriteli/ugloizmeritel_30_gradusov_dlya_sverla_2_0/","ugloizmeritel_30_gradusov_dlya_sverla_2_0","Углоизмеритель 30 градусов для сверла 2.0","","Стоматологические товары","piece","KZT","","","false","Публичная карточка каталога AMDgroup; цена и наличие требуют подтверждения поставщиком"
"amdgroup","ТОО AMDgroup","https://amdgroup.kz/catalog/sverla/sverlo_cf_np_/","sverlo_cf_np_","Сверло CF NP","","Стоматологические товары","piece","KZT","","","false","Публичная карточка каталога AMDgroup; цена и наличие требуют подтверждения поставщиком"
"amdgroup","ТОО AMDgroup","https://amdgroup.kz/catalog/frezeruemyy_abatment_pre_milled/abatment_15_8_cf_np/","abatment_15_8_cf_np","Абатмент 15.8 CF NP","","Стоматологические товары","piece","KZT","","","false","Публичная карточка каталога AMDgroup; цена и наличие требуют подтверждения поставщиком"
"amdgroup","ТОО AMDgroup","https://amdgroup.kz/catalog/komponenty_/otvyertka_hex_1_2_d_otvertki/","otvyertka_hex_1_2_d_otvertki","Отвёртка HEX 1.2 д/отвертки","","Стоматологические товары","piece","KZT","","","false","Публичная карточка каталога AMDgroup; цена и наличие требуют подтверждения поставщиком"
"amdgroup","ТОО AMDgroup","https://amdgroup.kz/catalog/kolpachki_/vint_laboratornyy_odnoetapnyy_gibridnyy_3_5_4_8/","vint_laboratornyy_odnoetapnyy_gibridnyy_3_5_4_8","Винт лабораторный одноэтапный гибридный 3,5/4,8","","Стоматологические товары","piece","KZT","","","false","Публичная карточка каталога AMDgroup; цена и наличие требуют подтверждения поставщиком"
"amdgroup","ТОО AMDgroup","https://amdgroup.kz/catalog/sverla/sverlo_s_rezbovym_uporom_2_0/","ировка облегчает идентификацию и последовательность использования сверл в хирургическом наборе.","Сверло с резьбовым упором 2.0","","Стоматологические товары","piece","KZT","","","false","Публичная карточка каталога AMDgroup; цена и наличие требуют подтверждения поставщиком"
"amdgroup","ТОО AMDgroup","https://amdgroup.kz/catalog/transfer_dlya_zakrytoy_lozhki/vint_dlya_ottiska_implantata_s_zakrytym_lotkom_cfsp_dlinnyy/","vint_dlya_ottiska_implantata_s_zakrytym_lotkom_cfsp_dlinnyy","Винт для оттиска имплантата с закрытым лотком CFSP длинный","","Стоматологические товары","piece","KZT","","","false","Публичная карточка каталога AMDgroup; цена и наличие требуют подтверждения поставщиком"
"amdgroup","ТОО AMDgroup","https://amdgroup.kz/catalog/komponenty_/otvertka_shestigrannaya_1_2_ruchnaya/","otvertka_shestigrannaya_1_2_ruchnaya","Отвертка шестигранная 1.2 ручная","","Стоматологические товары","piece","KZT","","","false","Публичная карточка каталога AMDgroup; цена и наличие требуют подтверждения поставщиком"
"amdgroup","ТОО AMDgroup","https://amdgroup.kz/catalog/dlya_mosta_/osnova_titanovaya_dlya_mosta_4_5kh4_5kh0_5_cf_np/","osnova_titanovaya_dlya_mosta_4_5kh4_5kh0_5_cf_np","Основа титановая для моста 4,5х4,5х0,5 CF NP","","Стоматологические товары","piece","KZT","","","false","Публичная карточка каталога AMDgroup; цена и наличие требуют подтверждения поставщиком"
"amdgroup","ТОО AMDgroup","https://amdgroup.kz/catalog/kobalt_khromovyy_abatment/abatment_vygoraemyy_dlya_mostov_3_5_cf_gh_1_0_np/","abatment_vygoraemyy_dlya_mostov_3_5_cf_gh_1_0_np","Абатмент выгораемый для мостов 3,5 CF GH 1,0 NP","","Стоматологические товары","piece","KZT","","","false","Публичная карточка каталога AMDgroup; цена и наличие требуют подтверждения поставщиком"
"amdgroup","ТОО AMDgroup","https://amdgroup.kz/catalog/3_5/implantat_konicheskiy_cf_3_5x11_5_np/","implantat_konicheskiy_cf_3_5x11_5_np","Имплантат конический CF 3,5X11,5 NP","","Стоматологические товары","piece","KZT","","","false","Публичная карточка каталога AMDgroup; цена и наличие требуют подтверждения поставщиком"
"amdgroup","ТОО AMDgroup","https://amdgroup.kz/catalog/abatmenty_multi_unit_/abatment_multi_unit_4_8_cf_17d_gh_2_5_sp/","abatment_multi_unit_4_8_cf_17d_gh_2_5_sp","Абатмент MULTI UNIT 4,8 CF 17D GH 2,5 SP","","Стоматологические товары","piece","KZT","","","false","Публичная карточка каталога AMDgroup; цена и наличие требуют подтверждения поставщиком"
"amdgroup","ТОО AMDgroup","https://amdgroup.kz/catalog/dlya_koronki_/osnova_titanovaya_dlya_koronki_5_5x6_0x1_0_cf_sp/","osnova_titanovaya_dlya_koronki_5_5x6_0x1_0_cf_sp","Основа титановая для коронки 5.5X6.0X1.0 CF SP","","Стоматологические товары","piece","KZT","","","false","Публичная карточка каталога AMDgroup; цена и наличие требуют подтверждения поставщиком"
"amdgroup","ТОО AMDgroup","https://amdgroup.kz/catalog/3_75/implantat_konicheskiy_cf_3_75x13_np/","implantat_konicheskiy_cf_3_75x13_np","Имплантат конический CF 3.75X13 NP","","Стоматологические товары","piece","KZT","","","false","Публичная карточка каталога AMDgroup; цена и наличие требуют подтверждения поставщиком"
"amdgroup","ТОО AMDgroup","https://amdgroup.kz/catalog/komponenty_/izmeritel_vysoty_cf_np/","izmeritel_vysoty_cf_np","Измеритель высоты CF NP","","Стоматологические товары","piece","KZT","","","false","Публичная карточка каталога AMDgroup; цена и наличие требуют подтверждения поставщиком"
"amdgroup","ТОО AMDgroup","https://amdgroup.kz/catalog/transfer_dlya_otkrytoy_lozhki/transfer_d_otkr_lozhki_dlya_mostov_cf_np_dlinnyy/","transfer_d_otkr_lozhki_dlya_mostov_cf_np_dlinnyy","Трансфер д/откр. ложки для мостов CF NP (длинный)","","Стоматологические товары","piece","KZT","","","false","Публичная карточка каталога AMDgroup; цена и наличие требуют подтверждения поставщиком"
"amdgroup","ТОО AMDgroup","https://amdgroup.kz/catalog/transfer_dlya_otkrytoy_lozhki/transfer_d_otkr_lozhki_dlya_koronki_cf_np_dlinnyy/","transfer_d_otkr_lozhki_dlya_koronki_cf_np_dlinnyy","Трансфер д/откр. ложки для коронки CF NP (длинный)","","Стоматологические товары","piece","KZT","","","false","Публичная карточка каталога AMDgroup; цена и наличие требуют подтверждения поставщиком"
"amdgroup","ТОО AMDgroup","https://amdgroup.kz/catalog/stoppery/upor_13_dlya_sverla_d3_75_4_0/","upor_13_dlya_sverla_d3_75_4_0","Упор 13 для сверла D3.75/4.0","","Стоматологические товары","piece","KZT","","","false","Публичная карточка каталога AMDgroup; цена и наличие требуют подтверждения поставщиком"
"amdgroup","ТОО AMDgroup","https://amdgroup.kz/catalog/dlya_mosta_/osnova_titanovaya_dlya_mosta_5_5kh4_5kh3_0_cf_sp/","osnova_titanovaya_dlya_mosta_5_5kh4_5kh3_0_cf_sp","Основа титановая для моста 5,5х4,5х3,0 CF SP","","Стоматологические товары","piece","KZT","","","false","Публичная карточка каталога AMDgroup; цена и наличие требуют подтверждения поставщиком"
"amdgroup","ТОО AMDgroup","https://amdgroup.kz/catalog/stoppery/upor_8_0_dlya_sverla_d4_3_5_0/","upor_8_0_dlya_sverla_d4_3_5_0","Упор 8.0 для сверла D4.3/5.0","","Стоматологические товары","piece","KZT","","","false","Публичная карточка каталога AMDgroup; цена и наличие требуют подтверждения поставщиком"
"amdgroup","ТОО AMDgroup","https://amdgroup.kz/catalog/dlya_koronki/abatment_titanovyy_vremennyy_dlya_koronki_4_5_cf_gh_1_0_np/","abatment_titanovyy_vremennyy_dlya_koronki_4_5_cf_gh_1_0_np","Абатмент титановый временный для коронки 4,5 CF GH 1,0 NP","","Стоматологические товары","piece","KZT","","","false","Публичная карточка каталога AMDgroup; цена и наличие требуют подтверждения поставщиком"
"amdgroup","ТОО AMDgroup","https://amdgroup.kz/catalog/transfer_dlya_otkrytoy_lozhki/vint_dlya_ottiska_implantata_s_otkrytym_lotkom_cfsp_dlinnyy/","vint_dlya_ottiska_implantata_s_otkrytym_lotkom_cfsp_dlinnyy","Винт для оттиска имплантата с открытым лотком CFSP длинный","","Стоматологические товары","piece","KZT","","","false","Публичная карточка каталога AMDgroup; цена и наличие требуют подтверждения поставщиком"
"amdgroup","ТОО AMDgroup","https://amdgroup.kz/catalog/komponenty/kolpachok_titanovyy_multi_unit_3_5_/","kolpachok_titanovyy_multi_unit_3_5_","Колпачок титановый MULTI UNIT 3,5","","Стоматологические товары","piece","KZT","","","false","Публичная карточка каталога AMDgroup; цена и наличие требуют подтверждения поставщиком"
"amdgroup","ТОО AMDgroup","https://amdgroup.kz/catalog/3_5/implantat_konicheskiy_cf_3_5x16_np/","implantat_konicheskiy_cf_3_5x16_np","Имплантат конический CF 3.5X16 NP","","Стоматологические товары","piece","KZT","","","false","Публичная карточка каталога AMDgroup; цена и наличие требуют подтверждения поставщиком"
"amdgroup","ТОО AMDgroup","https://amdgroup.kz/catalog/komponenty_/adapter_k_shestigranniku/","adapter_k_shestigranniku","Адаптер к шестиграннику","","Стоматологические товары","piece","KZT","","","false","Публичная карточка каталога AMDgroup; цена и наличие требуют подтверждения поставщиком"
"amdgroup","ТОО AMDgroup","https://amdgroup.kz/catalog/stoppery/upor_10_0_dlya_sverla_d3_5/","upor_10_0_dlya_sverla_d3_5","Упор 10.0 для сверла D3.5","","Стоматологические товары","piece","KZT","","","false","Публичная карточка каталога AMDgroup; цена и наличие требуют подтверждения поставщиком"
"amdgroup","ТОО AMDgroup","https://amdgroup.kz/catalog/dlya_koronki/abatment_titanovyy_vremennyy_dlya_koronki_4_5_cf_gh_3_0_np/","abatment_titanovyy_vremennyy_dlya_koronki_4_5_cf_gh_3_0_np","Абатмент титановый временный для коронки 4,5 CF GH 3,0 NP","","Стоматологические товары","piece","KZT","","","false","Публичная карточка каталога AMDgroup; цена и наличие требуют подтверждения поставщиком"
"amdgroup","ТОО AMDgroup","https://amdgroup.kz/catalog/abatmenty_multi_unit_/abatment_multi_unit_4_8_cf_30d_gh_4_0_sp/","abatment_multi_unit_4_8_cf_30d_gh_4_0_sp","Абатмент MULTI UNIT 4.8 CF 30D GH 4.0 SP","","Стоматологические товары","piece","KZT","","","false","Публичная карточка каталога AMDgroup; цена и наличие требуют подтверждения поставщиком"
"amdgroup","ТОО AMDgroup","https://amdgroup.kz/catalog/transfer_dlya_otkrytoy_lozhki/transfer_d_otkr_lozhki_dlya_mostov_cf_np/","transfer_d_otkr_lozhki_dlya_mostov_cf_np","Трансфер д/откр. ложки для мостов CF NP","","Стоматологические товары","piece","KZT","","","false","Публичная карточка каталога AMDgroup; цена и наличие требуют подтверждения поставщиком"
"amdgroup","ТОО AMDgroup","https://amdgroup.kz/catalog/uglovye_izmeriteli/uglovoy_izmeritel_30_dcf_sp/","uglovoy_izmeritel_30_dcf_sp","Угловой измеритель 30 DCF SP","","Стоматологические товары","piece","KZT","","","false","Публичная карточка каталога AMDgroup; цена и наличие требуют подтверждения поставщиком"
"amdgroup","ТОО AMDgroup","https://amdgroup.kz/catalog/nabory/khirurgicheskiy_nabor_cf_predvarit_ustanovl/","khirurgicheskiy_nabor_cf_predvarit_ustanovl","Хирургический набор CF предварит.установл.","","Стоматологические товары","piece","KZT","","","false","Публичная карточка каталога AMDgroup; цена и наличие требуют подтверждения поставщиком"
"amdgroup","ТОО AMDgroup","https://amdgroup.kz/catalog/kobalt_khromovyy_abatment/abatment_vygoraemyy_dlya_koronki_4_5_cf_gh_1_0_sp/","abatment_vygoraemyy_dlya_koronki_4_5_cf_gh_1_0_sp","Абатмент выгораемый для коронки 4.5 CF GH 1.0 SP","","Стоматологические товары","piece","KZT","","","false","Публичная карточка каталога AMDgroup; цена и наличие требуют подтверждения поставщиком"
"amdgroup","ТОО AMDgroup","https://amdgroup.kz/catalog/komponenty/kolpachok_zashchitnyy_dlya_multi_unit_3_5/","kolpachok_zashchitnyy_dlya_multi_unit_3_5","Колпачок защитный для MULTI UNIT 3,5","","Стоматологические товары","piece","KZT","","","false","Публичная карточка каталога AMDgroup; цена и наличие требуют подтверждения поставщиком"
"amdgroup","ТОО AMDgroup","https://amdgroup.kz/catalog/dlya_koronki_/osnova_titanovaya_dlya_koronki_4_5x6_0x0_5_cf_sp/","osnova_titanovaya_dlya_koronki_4_5x6_0x0_5_cf_sp","Основа титановая для коронки 4.5X6.0X0.5 CF SP","","Стоматологические товары","piece","KZT","","","false","Публичная карточка каталога AMDgroup; цена и наличие требуют подтверждения поставщиком"
"amdgroup","ТОО AMDgroup","https://amdgroup.kz/catalog/komponenty/kolpachok_litoy_multi_unit_unit_4_8/","kolpachok_litoy_multi_unit_unit_4_8","Колпачок литой MULTI UNIT UNIT. 4,8","","Стоматологические товары","piece","KZT","","","false","Публичная карточка каталога AMDgroup; цена и наличие требуют подтверждения поставщиком"
"amdgroup","ТОО AMDgroup","https://amdgroup.kz/catalog/abatmenty_multi_unit_/abatment_multi_unit_vintovoy_fiksirovkoy_4_8_cf_30d_gh_3_5_np/","abatment_multi_unit_vintovoy_fiksirovkoy_4_8_cf_30d_gh_3_5_np","Абатмент Multi unit винтовой фиксировкой 4.8 CF 30D GH 3.5 NP","","Стоматологические товары","piece","KZT","","","false","Публичная карточка каталога AMDgroup; цена и наличие требуют подтверждения поставщиком"
"amdgroup","ТОО AMDgroup","https://amdgroup.kz/catalog/transfer_dlya_otkrytoy_lozhki/transfer_d_otkr_lozhki_dlya_koronki_cf_sp_dlinnyy/","transfer_d_otkr_lozhki_dlya_koronki_cf_sp_dlinnyy","Трансфер д/откр. ложки для коронки CF SP (длинный)","","Стоматологические товары","piece","KZT","","","false","Публичная карточка каталога AMDgroup; цена и наличие требуют подтверждения поставщиком"
"amdgroup","ТОО AMDgroup","https://amdgroup.kz/catalog/transfer_dlya_zakrytoy_lozhki/vint_cfsp_dlya_fiksatsii_ottiska_implantata_v_zakrytom_lotke/","vint_cfsp_dlya_fiksatsii_ottiska_implantata_v_zakrytom_lotke","Винт CFSP для фиксации оттиска имплантата в закрытом лотке","","Стоматологические товары","piece","KZT","","","false","Публичная карточка каталога AMDgroup; цена и наличие требуют подтверждения поставщиком"
"amdgroup","ТОО AMDgroup","https://amdgroup.kz/catalog/dlya_koronki/abatment_titanovyy_vremennyy_dlya_koronki_5_5_cf_gh_3_0_sp/","abatment_titanovyy_vremennyy_dlya_koronki_5_5_cf_gh_3_0_sp","Абатмент титановый временный для коронки 5,5 CF GH 3,0 SP","","Стоматологические товары","piece","KZT","","","false","Публичная карточка каталога AMDgroup; цена и наличие требуют подтверждения поставщиком"
"amdgroup","ТОО AMDgroup","https://amdgroup.kz/catalog/komponenty_/otvertka_shestigrannaya_1_2_ruchnaya_dlinnaya/","otvertka_shestigrannaya_1_2_ruchnaya_dlinnaya","Отвертка шестигранная 1,2 ручная/длинная","","Стоматологические товары","piece","KZT","","","false","Публичная карточка каталога AMDgroup; цена и наличие требуют подтверждения поставщиком"
"amdgroup","ТОО AMDgroup","https://amdgroup.kz/catalog/dlya_mostov/abatment_titanovyy_vremennyy_dlya_mostov_4_5_cf_gh_1_0_np/","abatment_titanovyy_vremennyy_dlya_mostov_4_5_cf_gh_1_0_np","Абатмент титановый временный для мостов 4,5 CF GH 1,0 NP","","Стоматологические товары","piece","KZT","","","false","Публичная карточка каталога AMDgroup; цена и наличие требуют подтверждения поставщиком"
"amdgroup","ТОО AMDgroup","https://amdgroup.kz/catalog/formirovateli_desny/formirovatel_healing_4_5_cf_gh_2_0_sp/","formirovatel_healing_4_5_cf_gh_2_0_sp","Формирователь HEALING 4.5 CF GH 2.0 SP","","Стоматологические товары","piece","KZT","","","false","Публичная карточка каталога AMDgroup; цена и наличие требуют подтверждения поставщиком"
"amdgroup","ТОО AMDgroup","https://amdgroup.kz/catalog/sverla/sverlo_cf_np_dlinnyy_d_otvertki/","sverlo_cf_np_dlinnyy_d_otvertki","Сверло CF NP длинный д/отвертки","","Стоматологические товары","piece","KZT","","","false","Публичная карточка каталога AMDgroup; цена и наличие требуют подтверждения поставщиком"
"amdgroup","ТОО AMDgroup","https://amdgroup.kz/catalog/stoppery/upor_7_0_dlya_sverla_d3_75_4_0/","upor_7_0_dlya_sverla_d3_75_4_0","Упор 7.0 для сверла D3.75/4.0","","Стоматологические товары","piece","KZT","","","false","Публичная карточка каталога AMDgroup; цена и наличие требуют подтверждения поставщиком"
"amdgroup","ТОО AMDgroup","https://amdgroup.kz/catalog/dlya_mostov/abatment_titanovyy_vremennyy_dlya_mostov_5_5_cf_gh_0_5_sp/","abatment_titanovyy_vremennyy_dlya_mostov_5_5_cf_gh_0_5_sp","Абатмент титановый временный для мостов 5,5 CF GH 0,5 SP","","Стоматологические товары","piece","KZT","","","false","Публичная карточка каталога AMDgroup; цена и наличие требуют подтверждения поставщиком"
"amdgroup","ТОО AMDgroup","https://amdgroup.kz/catalog/sverla/sverlo_cf_sp_dlinnyy/","sverlo_cf_sp_dlinnyy","Сверло CF SP длинный","","Стоматологические товары","piece","KZT","","","false","Публичная карточка каталога AMDgroup; цена и наличие требуют подтверждения поставщиком"
"amdgroup","ТОО AMDgroup","https://amdgroup.kz/catalog/komponenty_/izmeritel_vysoty_cf_sp/","izmeritel_vysoty_cf_sp","Измеритель высоты CF SP","","Стоматологические товары","piece","KZT","","","false","Публичная карточка каталога AMDgroup; цена и наличие требуют подтверждения поставщиком"
"amdgroup","ТОО AMDgroup","https://amdgroup.kz/catalog/kolpachki_/kolpachok_litoy_s_tsementnoy_fiksatsiey_4_5/","kolpachok_litoy_s_tsementnoy_fiksatsiey_4_5","Колпачок литой с цементной фиксацией 4,5","","Стоматологические товары","piece","KZT","","","false","Публичная карточка каталога AMDgroup; цена и наличие требуют подтверждения поставщиком"
"amdgroup","ТОО AMDgroup","https://amdgroup.kz/catalog/frezeruemyy_abatment_pre_milled/abatment_15_8_cf_sp_/","abatment_15_8_cf_sp_","Абатмент 15.8 CF SP","","Стоматологические товары","piece","KZT","","","false","Публичная карточка каталога AMDgroup; цена и наличие требуют подтверждения поставщиком"
"amdgroup","ТОО AMDgroup","https://amdgroup.kz/catalog/dlya_mosta_/osnova_titanovaya_dlya_mosta_5_5x4_5x1_0_cf_sp/","osnova_titanovaya_dlya_mosta_5_5x4_5x1_0_cf_sp","Основа титановая для моста 5,5x4,5x1,0 CF SP","","Стоматологические товары","piece","KZT","","","false","Публичная карточка каталога AMDgroup; цена и наличие требуют подтверждения поставщиком"
"amdgroup","ТОО AMDgroup","https://amdgroup.kz/catalog/dlya_koronki/abatment_titanovyy_vremennyy_dlya_koronki_4_5_cf_gh_0_5_sp/","abatment_titanovyy_vremennyy_dlya_koronki_4_5_cf_gh_0_5_sp","Абатмент титановый временный для коронки 4,5 CF GH 0,5 SP","","Стоматологические товары","piece","KZT","","","false","Публичная карточка каталога AMDgroup; цена и наличие требуют подтверждения поставщиком"
"amdgroup","ТОО AMDgroup","https://amdgroup.kz/catalog/dlya_mostov/abatment_titanovyy_vremennyy_dlya_mostov_4_5_cf_gh_0_5_sp/","abatment_titanovyy_vremennyy_dlya_mostov_4_5_cf_gh_0_5_sp","Абатмент титановый временный для мостов 4,5 CF GH 0,5 SP","","Стоматологические товары","piece","KZT","","","false","Публичная карточка каталога AMDgroup; цена и наличие требуют подтверждения поставщиком"
"amdgroup","ТОО AMDgroup","https://amdgroup.kz/catalog/formirovateli_desny/formirovatel_desny_5_5_cf_gh_5_0_sp/","formirovatel_desny_5_5_cf_gh_5_0_sp","Формирователь десны 5,5 CF GH 5,0 SP","","Стоматологические товары","piece","KZT","","","false","Публичная карточка каталога AMDgroup; цена и наличие требуют подтверждения поставщиком"
"amdgroup","ТОО AMDgroup","https://amdgroup.kz/catalog/3_75/implantat_konicheskiy_cf_3_75x16_np/","implantat_konicheskiy_cf_3_75x16_np","Имплантат конический CF 3.75X16 NP","","Стоматологические товары","piece","KZT","","","false","Публичная карточка каталога AMDgroup; цена и наличие требуют подтверждения поставщиком"
"amdgroup","ТОО AMDgroup","https://amdgroup.kz/catalog/kobalt_khromovyy_abatment/abatment_vygoraemyy_dlya_mostov_4_5_cf_gh_1_0_sp/","abatment_vygoraemyy_dlya_mostov_4_5_cf_gh_1_0_sp","Абатмент выгораемый для мостов 4,5 CF GH 1,0 SP","","Стоматологические товары","piece","KZT","","","false","Публичная карточка каталога AMDgroup; цена и наличие требуют подтверждения поставщиком"
"amdgroup","ТОО AMDgroup","https://amdgroup.kz/catalog/komponenty_/drel_nachalnaya/","drel_nachalnaya","Дрель начальная","","Стоматологические товары","piece","KZT","","","false","Публичная карточка каталога AMDgroup; цена и наличие требуют подтверждения поставщиком"
"amdgroup","ТОО AMDgroup","https://amdgroup.kz/catalog/stoppery/upor_10_0_dlya_sverla_d2_0/","upor_10_0_dlya_sverla_d2_0","Упор 10.0 для сверла D2.0","","Стоматологические товары","piece","KZT","","","false","Публичная карточка каталога AMDgroup; цена и наличие требуют подтверждения поставщиком"
"amdgroup","ТОО AMDgroup","https://amdgroup.kz/catalog/stoppery/upor_7_0_dlya_sverla_d3_5/","upor_7_0_dlya_sverla_d3_5","Упор 7.0 для сверла D3.5","","Стоматологические товары","piece","KZT","","","false","Публичная карточка каталога AMDgroup; цена и наличие требуют подтверждения поставщиком"
"amdgroup","ТОО AMDgroup","https://amdgroup.kz/catalog/analogi/implantat_analogovyy_cf_sp/","implantat_analogovyy_cf_sp","Имплантат аналоговый CF SP","","Стоматологические товары","piece","KZT","","","false","Публичная карточка каталога AMDgroup; цена и наличие требуют подтверждения поставщиком"
"amdgroup","ТОО AMDgroup","https://amdgroup.kz/catalog/transfer_dlya_zakrytoy_lozhki/transfer_d_zakr_lozhki_dlya_koronki_cf_np_dlinnyy/","transfer_d_zakr_lozhki_dlya_koronki_cf_np_dlinnyy","Трансфер д/закр. ложки для коронки CF NP (длинный)","","Стоматологические товары","piece","KZT","","","false","Публичная карточка каталога AMDgroup; цена и наличие требуют подтверждения поставщиком"
"amdgroup","ТОО AMDgroup","https://amdgroup.kz/catalog/dlya_mostov/abatment_titanovyy_vremennyy_dlya_mostov_4_5_cf_gh_3_0_np/","abatment_titanovyy_vremennyy_dlya_mostov_4_5_cf_gh_3_0_np","Абатмент титановый временный для мостов 4,5 CF GH 3,0 NP","","Стоматологические товары","piece","KZT","","","false","Публичная карточка каталога AMDgroup; цена и наличие требуют подтверждения поставщиком"
"amdgroup","ТОО AMDgroup","https://amdgroup.kz/catalog/transfer_dlya_zakrytoy_lozhki/transfer_d_zakr_lozhki_dlya_koronki_cf_sp_dlinnyy/","transfer_d_zakr_lozhki_dlya_koronki_cf_sp_dlinnyy","Трансфер д/закр. ложки для коронки CF SP (длинный)","","Стоматологические товары","piece","KZT","","","false","Публичная карточка каталога AMDgroup; цена и наличие требуют подтверждения поставщиком"
"amdgroup","ТОО AMDgroup","https://amdgroup.kz/catalog/dlya_koronki/abatment_titanovyy_vremennyy_dlya_koronki_4_5_cf_gh_0_5_np/","abatment_titanovyy_vremennyy_dlya_koronki_4_5_cf_gh_0_5_np","Абатмент титановый временный для коронки 4,5 CF GH 0,5 NP","","Стоматологические товары","piece","KZT","","","false","Публичная карточка каталога AMDgroup; цена и наличие требуют подтверждения поставщиком"
"amdgroup","ТОО AMDgroup","https://amdgroup.kz/catalog/stoppery/upor_7_0_dlya_sverla_d2_0/","upor_7_0_dlya_sverla_d2_0","Упор 7.0 для сверла D2.0","","Стоматологические товары","piece","KZT","","","false","Публичная карточка каталога AMDgroup; цена и наличие требуют подтверждения поставщиком"
"amdgroup","ТОО AMDgroup","https://amdgroup.kz/catalog/dlya_mostov/abatment_titanovyy_vremennyy_dlya_mostov_4_5_cf_gh_1_0_sp/","abatment_titanovyy_vremennyy_dlya_mostov_4_5_cf_gh_1_0_sp","Абатмент титановый временный для мостов 4,5 CF GH 1,0 SP","","Стоматологические товары","piece","KZT","","","false","Публичная карточка каталога AMDgroup; цена и наличие требуют подтверждения поставщиком"
"amdgroup","ТОО AMDgroup","https://amdgroup.kz/catalog/formirovateli_desny/formirovatel_desny_3_5_cf_gh_4_0_np/","formirovatel_desny_3_5_cf_gh_4_0_np","Формирователь десны 3,5 CF GH 4,0 NP","","Стоматологические товары","piece","KZT","","","false","Публичная карточка каталога AMDgroup; цена и наличие требуют подтверждения поставщиком"
"amdgroup","ТОО AMDgroup","https://amdgroup.kz/catalog/abatmenty_multi_unit_/abatment_multi_unit_4_8_cf_gh_3_0_np/","abatment_multi_unit_4_8_cf_gh_3_0_np","Абатмент MULTI UNIT 4,8 CF GH 3,0 NP","","Стоматологические товары","piece","KZT","","","false","Публичная карточка каталога AMDgroup; цена и наличие требуют подтверждения поставщиком"
"amdgroup","ТОО AMDgroup","https://amdgroup.kz/catalog/dlya_mosta_/osnova_titanovaya_dlya_mosta_5_5kh4_5kh0_5_cf_sp/","osnova_titanovaya_dlya_mosta_5_5kh4_5kh0_5_cf_sp","Основа титановая для моста 5,5х4,5х0,5 CF SP","","Стоматологические товары","piece","KZT","","","false","Публичная карточка каталога AMDgroup; цена и наличие требуют подтверждения поставщиком"
"amdgroup","ТОО AMDgroup","https://amdgroup.kz/catalog/abatmenty_multi_unit_/abatment_multi_unit_4_8_cf_17d_gh_2_5_np/","abatment_multi_unit_4_8_cf_17d_gh_2_5_np","Абатмент MULTI UNIT 4,8 CF 17D GH 2,5 NP","","Стоматологические товары","piece","KZT","","","false","Публичная карточка каталога AMDgroup; цена и наличие требуют подтверждения поставщиком"
"amdgroup","ТОО AMDgroup","https://amdgroup.kz/catalog/kobalt_khromovyy_abatment/abatment_vygoraemyy_dlya_mostov_5_5_cf_gh_1_0_sp/","abatment_vygoraemyy_dlya_mostov_5_5_cf_gh_1_0_sp","Абатмент выгораемый для мостов 5.5 CF GH 1.0 SP","","Стоматологические товары","piece","KZT","","","false","Публичная карточка каталога AMDgroup; цена и наличие требуют подтверждения поставщиком"
"amdgroup","ТОО AMDgroup","https://amdgroup.kz/catalog/stoppery/upor_11_5_dlya_sverla_d3_75_4_0/","upor_11_5_dlya_sverla_d3_75_4_0","Упор 11.5 для сверла D3.75/4.0","","Стоматологические товары","piece","KZT","","","false","Публичная карточка каталога AMDgroup; цена и наличие требуют подтверждения поставщиком"
"amdgroup","ТОО AMDgroup","https://amdgroup.kz/catalog/zaglushki/vint_zaglushka_cf_gh_2_0_np/","vint_zaglushka_cf_gh_2_0_np","Винт заглушка CF GH 2.0 NP","","Стоматологические товары","piece","KZT","","","false","Публичная карточка каталога AMDgroup; цена и наличие требуют подтверждения поставщиком"
"amdgroup","ТОО AMDgroup","https://amdgroup.kz/catalog/formirovateli_desny/formirovatel_desny_4_5_cf_gh_5_0_np/","formirovatel_desny_4_5_cf_gh_5_0_np","Формирователь десны 4,5 CF GH 5,0 NP","","Стоматологические товары","piece","KZT","","","false","Публичная карточка каталога AMDgroup; цена и наличие требуют подтверждения поставщиком"
"amdgroup","ТОО AMDgroup","https://amdgroup.kz/catalog/stoppery/upor_10_0_dlya_sverla_d3_75_4_0/","upor_10_0_dlya_sverla_d3_75_4_0","Упор 10.0 для сверла D3.75/4.0","","Стоматологические товары","piece","KZT","","","false","Публичная карточка каталога AMDgroup; цена и наличие требуют подтверждения поставщиком"
"amdgroup","ТОО AMDgroup","https://amdgroup.kz/catalog/komponenty/skanbodi_multi_unit_3_5/","skanbodi_multi_unit_3_5","Сканбоди MULTI UNIT 3,5","","Стоматологические товары","piece","KZT","","","false","Публичная карточка каталога AMDgroup; цена и наличие требуют подтверждения поставщиком"
"amdgroup","ТОО AMDgroup","https://amdgroup.kz/catalog/kobalt_khromovyy_abatment/abatment_vygoraemyy_dlya_koronki_4_5_cf_gh_1_0_np/","abatment_vygoraemyy_dlya_koronki_4_5_cf_gh_1_0_np","Абатмент выгораемый для коронки 4,5 CF GH 1,0 NP","","Стоматологические товары","piece","KZT","","","false","Публичная карточка каталога AMDgroup; цена и наличие требуют подтверждения поставщиком"
"amdgroup","ТОО AMDgroup","https://amdgroup.kz/catalog/stoppery/upor_10_0_dlya_sverla_d4_3_5_0/","upor_10_0_dlya_sverla_d4_3_5_0","Упор 10.0 для сверла D4.3/5.0","","Стоматологические товары","piece","KZT","","","false","Публичная карточка каталога AMDgroup; цена и наличие требуют подтверждения поставщиком"
"amdgroup","ТОО AMDgroup","https://amdgroup.kz/catalog/dlya_mostov/abatment_titanovyy_vremennyy_dlya_mostov_4_5_cf_gh_0_5_np/","abatment_titanovyy_vremennyy_dlya_mostov_4_5_cf_gh_0_5_np","Абатмент титановый временный для мостов 4,5 CF GH 0,5 NP","","Стоматологические товары","piece","KZT","","","false","Публичная карточка каталога AMDgroup; цена и наличие требуют подтверждения поставщиком"
"amdgroup","ТОО AMDgroup","https://amdgroup.kz/catalog/zaglushki/vint_proteznyy_cf_np/","vint_proteznyy_cf_np","Винт протезный CF NP","","Стоматологические товары","piece","KZT","","","false","Публичная карточка каталога AMDgroup; цена и наличие требуют подтверждения поставщиком"
"amdgroup","ТОО AMDgroup","https://amdgroup.kz/catalog/dlya_koronki/abatment_titanovyy_vremennyy_dlya_koronki_3_5_cf_gh_0_5_np/","abatment_titanovyy_vremennyy_dlya_koronki_3_5_cf_gh_0_5_np","Абатмент титановый временный для коронки 3,5 CF GH 0,5 NP","","Стоматологические товары","piece","KZT","","","false","Публичная карточка каталога AMDgroup; цена и наличие требуют подтверждения поставщиком"
"amdgroup","ТОО AMDgroup","https://amdgroup.kz/catalog/komponenty_/adapter_ruchnoy_dlya_abat_i_transf/","adapter_ruchnoy_dlya_abat_i_transf","Адаптер ручной для абат.и трансф.","","Стоматологические товары","piece","KZT","","","false","Публичная карточка каталога AMDgroup; цена и наличие требуют подтверждения поставщиком"
"amdgroup","ТОО AMDgroup","https://amdgroup.kz/catalog/stoppery/upor_8_0_dlya_sverla_d3_75_4_0/","upor_8_0_dlya_sverla_d3_75_4_0","Упор 8.0 для сверла D3.75/4.0","","Стоматологические товары","piece","KZT","","","false","Публичная карточка каталога AMDgroup; цена и наличие требуют подтверждения поставщиком"
"amdgroup","ТОО AMDgroup","https://amdgroup.kz/catalog/stoppery/upor_11_5_dlya_sverla_d4_3_5_0/","upor_11_5_dlya_sverla_d4_3_5_0","Упор 11.5 для сверла D4.3/5.0","","Стоматологические товары","piece","KZT","","","false","Публичная карточка каталога AMDgroup; цена и наличие требуют подтверждения поставщиком"
"amdgroup","ТОО AMDgroup","https://amdgroup.kz/catalog/dlya_koronki/abatment_titanovyy_vremennyy_dlya_koronki_5_5_cf_gh_0_5_sp/","abatment_titanovyy_vremennyy_dlya_koronki_5_5_cf_gh_0_5_sp","Абатмент титановый временный для коронки 5,5 CF GH 0,5 SP","","Стоматологические товары","piece","KZT","","","false","Публичная карточка каталога AMDgroup; цена и наличие требуют подтверждения поставщиком"
"amdgroup","ТОО AMDgroup","https://amdgroup.kz/catalog/stoppery/upor_8_0_dlya_sverla_d3_5/","upor_8_0_dlya_sverla_d3_5","Упор 8.0 для сверла D3.5","","Стоматологические товары","piece","KZT","","","false","Публичная карточка каталога AMDgroup; цена и наличие требуют подтверждения поставщиком"
"amdgroup","ТОО AMDgroup","https://amdgroup.kz/catalog/sverla/sverlo_konicheskoe_3_75/","sverlo_konicheskoe_3_75","Сверло коническое 3.75","","Стоматологические товары","piece","KZT","","","false","Публичная карточка каталога AMDgroup; цена и наличие требуют подтверждения поставщиком"
"amdgroup","ТОО AMDgroup","https://amdgroup.kz/catalog/dlya_mostov/abatment_titanovyy_vremennyy_dlya_mostov_3_5_cf_gh_0_5_np/","abatment_titanovyy_vremennyy_dlya_mostov_3_5_cf_gh_0_5_np","Абатмент титановый временный для мостов 3,5 CF GH 0,5 NP","","Стоматологические товары","piece","KZT","","","false","Публичная карточка каталога AMDgroup; цена и наличие требуют подтверждения поставщиком"
"amdgroup","ТОО AMDgroup","https://amdgroup.kz/catalog/komponenty_/rentg_manipulyator_dlya_ustanovki_implantatov_s_rezboy_5_0/","rentg_manipulyator_dlya_ustanovki_implantatov_s_rezboy_5_0","Рентг.манипулятор для установки имплантатов с резьбой 5.0","","Стоматологические товары","piece","KZT","","","false","Публичная карточка каталога AMDgroup; цена и наличие требуют подтверждения поставщиком"
"amdgroup","ТОО AMDgroup","https://amdgroup.kz/catalog/uglovye_izmeriteli/uglovoy_izmeritel_30d_cf_np/","uglovoy_izmeritel_30d_cf_np","Угловой измеритель 30D CF NP","","Стоматологические товары","piece","KZT","","","false","Публичная карточка каталога AMDgroup; цена и наличие требуют подтверждения поставщиком"
"amdgroup","ТОО AMDgroup","https://amdgroup.kz/catalog/formirovateli_desny/formirovatel_desny_5_5_cf_gh_4_0_sp/","formirovatel_desny_5_5_cf_gh_4_0_sp","Формирователь десны 5,5 CF GH 4,0 SP","","Стоматологические товары","piece","KZT","","","false","Публичная карточка каталога AMDgroup; цена и наличие требуют подтверждения поставщиком"
"amdgroup","ТОО AMDgroup","https://amdgroup.kz/catalog/sverla/sverlo_konicheskoe_5_0/","sverlo_konicheskoe_5_0","Сверло коническое 5.0","","Стоматологические товары","piece","KZT","","","false","Публичная карточка каталога AMDgroup; цена и наличие требуют подтверждения поставщиком"
"amdgroup","ТОО AMDgroup","https://amdgroup.kz/catalog/dlya_koronki/abatment_titanovyy_vremennyy_dlya_koronki_3_5_cf_gh_3_0_np/","abatment_titanovyy_vremennyy_dlya_koronki_3_5_cf_gh_3_0_np","Абатмент титановый временный для коронки 3,5 CF GH 3,0 NP","","Стоматологические товары","piece","KZT","","","false","Публичная карточка каталога AMDgroup; цена и наличие требуют подтверждения поставщиком"
"amdgroup","ТОО AMDgroup","https://amdgroup.kz/catalog/frezeruemyy_abatment_pre_milled/abatment_11_5_cf_np/","abatment_11_5_cf_np","Абатмент 11,5 CF NP","","Стоматологические товары","piece","KZT","","","false","Публичная карточка каталога AMDgroup; цена и наличие требуют подтверждения поставщиком"
"amdgroup","ТОО AMDgroup","https://amdgroup.kz/catalog/transfer_dlya_zakrytoy_lozhki/vint_dlya_ottiska_implantata_s_zakrytym_lotkom_cfnp_dlinnyy/","vint_dlya_ottiska_implantata_s_zakrytym_lotkom_cfnp_dlinnyy","Винт для оттиска имплантата с закрытым лотком CFNP длинный","","Стоматологические товары","piece","KZT","","","false","Публичная карточка каталога AMDgroup; цена и наличие требуют подтверждения поставщиком"
"amdgroup","ТОО AMDgroup","https://amdgroup.kz/catalog/3_75/implantat_konicheskiy_cf_3_75x18_np/","implantat_konicheskiy_cf_3_75x18_np","Имплантат конический CF 3.75X18 NP","","Стоматологические товары","piece","KZT","","","false","Публичная карточка каталога AMDgroup; цена и наличие требуют подтверждения поставщиком"
"amdgroup","ТОО AMDgroup","https://amdgroup.kz/catalog/transfer_dlya_otkrytoy_lozhki/vint_dlya_ottiska_implantata_s_otkrytym_lotkom_cfsp/","vint_dlya_ottiska_implantata_s_otkrytym_lotkom_cfsp","Винт для оттиска имплантата с открытым лотком CFSP","","Стоматологические товары","piece","KZT","","","false","Публичная карточка каталога AMDgroup; цена и наличие требуют подтверждения поставщиком"
"amdgroup","ТОО AMDgroup","https://amdgroup.kz/catalog/transfer_dlya_zakrytoy_lozhki/vint_dlya_ottiska_implantata_s_zakrytym_lotkom_cfnp/","vint_dlya_ottiska_implantata_s_zakrytym_lotkom_cfnp","Винт для оттиска имплантата с закрытым лотком CFNP","","Стоматологические товары","piece","KZT","","","false","Публичная карточка каталога AMDgroup; цена и наличие требуют подтверждения поставщиком"
"amdgroup","ТОО AMDgroup","https://amdgroup.kz/catalog/dlya_mostov/abatment_titanovyy_vremennyy_dlya_mostov_3_5_cf_gh_1_0_np/","abatment_titanovyy_vremennyy_dlya_mostov_3_5_cf_gh_1_0_np","Абатмент титановый временный для мостов 3,5 CF GH 1,0 NP","","Стоматологические товары","piece","KZT","","","false","Публичная карточка каталога AMDgroup; цена и наличие требуют подтверждения поставщиком"
"amdgroup","ТОО AMDgroup","https://amdgroup.kz/catalog/sverla/sverlo_cf_sp_dlinnyy_d_otvertki_/","sverlo_cf_sp_dlinnyy_d_otvertki_","Сверло CF SP длинный д/отвертки","","Стоматологические товары","piece","KZT","","","false","Публичная карточка каталога AMDgroup; цена и наличие требуют подтверждения поставщиком"
"amdgroup","ТОО AMDgroup","https://amdgroup.kz/catalog/5_0/implantat_konicheskiy_cf_5_0x16_sp/","implantat_konicheskiy_cf_5_0x16_sp","Имплантат конический CF 5.0X16 SP","","Стоматологические товары","piece","KZT","","","false","Публичная карточка каталога AMDgroup; цена и наличие требуют подтверждения поставщиком"
"amdgroup","ТОО AMDgroup","https://amdgroup.kz/catalog/uglovye_izmeriteli/ugloizmeritel_17_gradusov_dlya_sverla_2_0/","ugloizmeritel_17_gradusov_dlya_sverla_2_0","Углоизмеритель 17 градусов для сверла 2.0","","Стоматологические товары","piece","KZT","","","false","Публичная карточка каталога AMDgroup; цена и наличие требуют подтверждения поставщиком"
"amdgroup","ТОО AMDgroup","https://amdgroup.kz/catalog/plombirovochnye_materialy/plombirovochnyy_material_tetric_n_flow_2_refill_1x2g_a3_5/","plombirovochnyy_material_tetric_n_flow_2_refill_1x2g_a3_5","Пломбировочный материал TETRIC N-FLOW 2 REFILL 1X2G A3.5","","Стоматологические товары","piece","KZT","","","false","Публичная карточка каталога AMDgroup; цена и наличие требуют подтверждения поставщиком"
"amdgroup","ТОО AMDgroup","https://amdgroup.kz/catalog/plombirovochnye_materialy/plombirovochnyy_material_tetric_n_ceram_2_refill_1x3_5g_b2_1/","plombirovochnyy_material_tetric_n_ceram_2_refill_1x3_5g_b2_1","Пломбировочный материал TETRIC N-CERAM 2 REFILL 1X3.5G B2","","Стоматологические товары","piece","KZT","","","false","Публичная карточка каталога AMDgroup; цена и наличие требуют подтверждения поставщиком"
"amdgroup","ТОО AMDgroup","https://amdgroup.kz/catalog/plombirovochnye_materialy/plombirovochnyy_material_tetric_n_ceram_2_refill_1x3_5g_a3_5/","plombirovochnyy_material_tetric_n_ceram_2_refill_1x3_5g_a3_5","Пломбировочный материал TETRIC N-CERAM 2 REFILL 1X3.5G A3.5","","Стоматологические товары","piece","KZT","","","false","Публичная карточка каталога AMDgroup; цена и наличие требуют подтверждения поставщиком"
"amdgroup","ТОО AMDgroup","https://amdgroup.kz/catalog/plombirovochnye_materialy/kraska_empress_direct_ref_1x1g_ochre/","kraska_empress_direct_ref_1x1g_ochre","Краска EMPRESS DIRECT REF 1X1G OCHRE","","Стоматологические товары","piece","KZT","","","false","Публичная карточка каталога AMDgroup; цена и наличие требуют подтверждения поставщиком"
"amdgroup","ТОО AMDgroup","https://amdgroup.kz/catalog/plombirovochnye_materialy/kraska_empress_direct_ref_1x1g_blue/","kraska_empress_direct_ref_1x1g_blue","Краска EMPRESS DIRECT REF 1X1G BLUE","","Стоматологические товары","piece","KZT","","","false","Публичная карточка каталога AMDgroup; цена и наличие требуют подтверждения поставщиком"
"amdgroup","ТОО AMDgroup","https://amdgroup.kz/catalog/plombirovochnye_materialy/plombirovochnyy_material_tetric_n_bond_universal_ref_btl_1x6g/","plombirovochnyy_material_tetric_n_bond_universal_ref_btl_1x6g","Пломбировочный материал TETRIC N-BOND UNIVERSAL REF. BTL 1X6G","","Стоматологические товары","piece","KZT","","","false","Публичная карточка каталога AMDgroup; цена и наличие требуют подтверждения поставщиком"
"amdgroup","ТОО AMDgroup","https://amdgroup.kz/catalog/plombirovochnye_materialy/plombirovochnyy_material_tetric_n_ceram_2_refill_1x3_5g_b1/","plombirovochnyy_material_tetric_n_ceram_2_refill_1x3_5g_b1","Пломбировочный материал TETRIC N-CERAM 2 REFILL 1X3.5G B1","","Стоматологические товары","piece","KZT","","","false","Публичная карточка каталога AMDgroup; цена и наличие требуют подтверждения поставщиком"
"amdgroup","ТОО AMDgroup","https://amdgroup.kz/catalog/plombirovochnye_materialy/plombirovochnyy_material_tetric_n_flow_2refill_1x2g_a2_dentin/","plombirovochnyy_material_tetric_n_flow_2refill_1x2g_a2_dentin","Пломбировочный материал TETRIC N-FLOW 2REFILL 1X2G A2 DENTIN","","Стоматологические товары","piece","KZT","","","false","Публичная карточка каталога AMDgroup; цена и наличие требуют подтверждения поставщиком"
"amdgroup","ТОО AMDgroup","https://amdgroup.kz/catalog/plombirovochnye_materialy/kraska_empress_direct_ref_1x1g_white/","kraska_empress_direct_ref_1x1g_white","Краска EMPRESS DIRECT REF 1X1G WHITE","","Стоматологические товары","piece","KZT","","","false","Публичная карточка каталога AMDgroup; цена и наличие требуют подтверждения поставщиком"
"amdgroup","ТОО AMDgroup","https://amdgroup.kz/catalog/plombirovochnye_materialy/plombirovochnyy_material_tetric_n_flow_2_refill1x2g_a3/","plombirovochnyy_material_tetric_n_flow_2_refill1x2g_a3","Пломбировочный материал TETRIC N-FLOW 2 REFILL1X2G A3","","Стоматологические товары","piece","KZT","","","false","Публичная карточка каталога AMDgroup; цена и наличие требуют подтверждения поставщиком"
"amdgroup","ТОО AMDgroup","https://amdgroup.kz/catalog/plombirovochnye_materialy/kraska_empress_direct_ref_1x1g_honey/","kraska_empress_direct_ref_1x1g_honey","Краска EMPRESS DIRECT REF 1X1G HONEY","","Стоматологические товары","piece","KZT","","","false","Публичная карточка каталога AMDgroup; цена и наличие требуют подтверждения поставщиком"
"amdgroup","ТОО AMDgroup","https://amdgroup.kz/catalog/plombirovochnye_materialy/kraska_empress_direct_ref_1x1g_grey/","kraska_empress_direct_ref_1x1g_grey","Краска EMPRESS DIRECT REF 1X1G GREY","","Стоматологические товары","piece","KZT","","","false","Публичная карточка каталога AMDgroup; цена и наличие требуют подтверждения поставщиком"
"amdgroup","ТОО AMDgroup","https://amdgroup.kz/catalog/plombirovochnye_materialy/plombirovochnyy_material_tetric_n_ceram_2_refill_1x3_5g_a2_dent/","plombirovochnyy_material_tetric_n_ceram_2_refill_1x3_5g_a2_dent","Пломбировочный материал TETRIC N-CERAM 2 REFILL 1X3.5G A2 DENT","","Стоматологические товары","piece","KZT","","","false","Публичная карточка каталога AMDgroup; цена и наличие требуют подтверждения поставщиком"
"amdgroup","ТОО AMDgroup","https://amdgroup.kz/catalog/plombirovochnye_materialy/plombirovochnyy_material_tetric_n_ceram_2_refill_1x3_5g_a3_5_dentin/","plombirovochnyy_material_tetric_n_ceram_2_refill_1x3_5g_a3_5_dentin","Пломбировочный материал TETRIC N-CERAM 2 REFILL 1X3.5G A3.5 dentin","","Стоматологические товары","piece","KZT","","","false","Публичная карточка каталога AMDgroup; цена и наличие требуют подтверждения поставщиком"
"amdgroup","ТОО AMDgroup","https://amdgroup.kz/catalog/plombirovochnye_materialy/plombirovochnyy_material_tetric_n_ceram_2_refill_1x3_5g_a1/","plombirovochnyy_material_tetric_n_ceram_2_refill_1x3_5g_a1","Пломбировочный материал TETRIC N-CERAM 2 REFILL 1X3.5G A1","","Стоматологические товары","piece","KZT","","","false","Публичная карточка каталога AMDgroup; цена и наличие требуют подтверждения поставщиком"
"amdgroup","ТОО AMDgroup","https://amdgroup.kz/catalog/plombirovochnye_materialy/plombirovochnyy_material_tetric_n_flow_2_refill_1x2g_t/","plombirovochnyy_material_tetric_n_flow_2_refill_1x2g_t","Пломбировочный материал TETRIC N-FLOW 2 REFILL 1X2G T","","Стоматологические товары","piece","KZT","","","false","Публичная карточка каталога AMDgroup; цена и наличие требуют подтверждения поставщиком"
"amdgroup","ТОО AMDgroup","https://amdgroup.kz/catalog/plombirovochnye_materialy/plombirovochnyy_material_tetric_n_ceram_2_refill_1x3_5g_b2/","plombirovochnyy_material_tetric_n_ceram_2_refill_1x3_5g_b2","Пломбировочный материал TETRIC N-CERAM 2 REFILL 1X3.5G B2","","Стоматологические товары","piece","KZT","","","false","Публичная карточка каталога AMDgroup; цена и наличие требуют подтверждения поставщиком"
"amdgroup","ТОО AMDgroup","https://amdgroup.kz/catalog/plombirovochnye_materialy/plombirovochnyy_material_tetric_n_flow_2_refill1x2g_a2/","plombirovochnyy_material_tetric_n_flow_2_refill1x2g_a2","Пломбировочный материал TETRIC N-FLOW 2 REFILL1X2G A2","","Стоматологические товары","piece","KZT","","","false","Публичная карточка каталога AMDgroup; цена и наличие требуют подтверждения поставщиком"
"amdgroup","ТОО AMDgroup","https://amdgroup.kz/catalog/plombirovochnye_materialy/plombirovochnyy_material_tetric_n_ceram_2_refill_1x3_5g_a2/","plombirovochnyy_material_tetric_n_ceram_2_refill_1x3_5g_a2","Пломбировочный материал TETRIC N-CERAM 2 REFILL 1X3.5G A2","","Стоматологические товары","piece","KZT","","","false","Публичная карточка каталога AMDgroup; цена и наличие требуют подтверждения поставщиком"
"amdgroup","ТОО AMDgroup","https://amdgroup.kz/catalog/terapevticheskaya_stomatologiya/plombirovochnyy_material_tetric_n_powerflow_2_refill_1x2g_iva/","plombirovochnyy_material_tetric_n_powerflow_2_refill_1x2g_iva","Пломбировочный материал TETRIC N-POWERFLOW 2 REFILL 1X2G IVA","","Стоматологические товары","piece","KZT","","","false","Публичная карточка каталога AMDgroup; цена и наличие требуют подтверждения поставщиком"
"amdgroup","ТОО AMDgroup","https://amdgroup.kz/catalog/plombirovochnye_materialy/kraska_empress_direct_ref_1x1g_brown/","kraska_empress_direct_ref_1x1g_brown","Краска EMPRESS DIRECT REF 1X1G BROWN","","Стоматологические товары","piece","KZT","","","false","Публичная карточка каталога AMDgroup; цена и наличие требуют подтверждения поставщиком"
"amdgroup","ТОО AMDgroup","https://amdgroup.kz/catalog/plombirovochnye_materialy/plombirovochnyy_material_tetric_n_flow_2_refill1x2g_a1/","plombirovochnyy_material_tetric_n_flow_2_refill1x2g_a1","Пломбировочный материал TETRIC N-FLOW 2 REFILL1X2G A1","","Стоматологические товары","piece","KZT","","","false","Публичная карточка каталога AMDgroup; цена и наличие требуют подтверждения поставщиком"
"amdgroup","ТОО AMDgroup","https://amdgroup.kz/catalog/plombirovochnye_materialy/karizma_topaz_4g_cl/","karizma_topaz_4g_cl","Каризма Topaz 4г CL","","Стоматологические товары","piece","KZT","","","false","Публичная карточка каталога AMDgroup; цена и наличие требуют подтверждения поставщиком"
"amdgroup","ТОО AMDgroup","https://amdgroup.kz/catalog/plombirovochnye_materialy/karizma_topaz_4g_b2/","karizma_topaz_4g_b2","Каризма Topaz 4г B2","","Стоматологические товары","piece","KZT","","","false","Публичная карточка каталога AMDgroup; цена и наличие требуют подтверждения поставщиком"
"amdgroup","ТОО AMDgroup","https://amdgroup.kz/catalog/plombirovochnye_materialy/karizma_smart_4g_a1_/","karizma_smart_4g_a1_","Каризма Smart 4г А1","","Стоматологические товары","piece","KZT","","","false","Публичная карточка каталога AMDgroup; цена и наличие требуют подтверждения поставщиком"
"amdgroup","ТОО AMDgroup","https://amdgroup.kz/catalog/plombirovochnye_materialy/karizma_topaz_4g_co/","karizma_topaz_4g_co","Каризма Topaz 4г CO","","Стоматологические товары","piece","KZT","","","false","Публичная карточка каталога AMDgroup; цена и наличие требуют подтверждения поставщиком"
"amdgroup","ТОО AMDgroup","https://amdgroup.kz/catalog/prokladochnye_lechebnye_i_izoliruyushchie_materialy/bifluorid_12_4g_/","bifluorid_12_4g_","Бифлуорид 12 4г","","Стоматологические товары","piece","KZT","","","false","Публичная карточка каталога AMDgroup; цена и наличие требуют подтверждения поставщиком"
"amdgroup","ТОО AMDgroup","https://amdgroup.kz/catalog/plombirovochnye_materialy/karizma_topaz_4g_b1_/","karizma_topaz_4g_b1_","Каризма Topaz 4г B1","","Стоматологические товары","piece","KZT","","","false","Публичная карточка каталога AMDgroup; цена и наличие требуют подтверждения поставщиком"
"amdgroup","ТОО AMDgroup","https://amdgroup.kz/catalog/plombirovochnye_materialy/karizma_topaz_4g_om/","karizma_topaz_4g_om","Каризма Topaz 4г OM","","Стоматологические товары","piece","KZT","","","false","Публичная карточка каталога AMDgroup; цена и наличие требуют подтверждения поставщиком"
"amdgroup","ТОО AMDgroup","https://amdgroup.kz/catalog/prokladochnye_lechebnye_i_izoliruyushchie_materialy/ionosil_3kh2_5g_/","ionosil_3kh2_5g_","Ионосил 3х2,5г","","Стоматологические товары","piece","KZT","","","false","Публичная карточка каталога AMDgroup; цена и наличие требуют подтверждения поставщиком"
"amdgroup","ТОО AMDgroup","https://amdgroup.kz/catalog/plombirovochnye_materialy/karizma_bulk_syr_1_x_2g_one/","karizma_bulk_syr_1_x_2g_one","Каризма Bulk SYR 1 X 2G ONE","","Стоматологические товары","piece","KZT","","","false","Публичная карточка каталога AMDgroup; цена и наличие требуют подтверждения поставщиком"
"amdgroup","ТОО AMDgroup","https://amdgroup.kz/catalog/bondingovye_sistemy/glyuma_bond_universal_bottle_refill_1_4ml/","glyuma_bond_universal_bottle_refill_1_4ml","Глюма bond universal bottle refill 1*4ml","","Стоматологические товары","piece","KZT","","","false","Публичная карточка каталога AMDgroup; цена и наличие требуют подтверждения поставщиком"
"amdgroup","ТОО AMDgroup","https://amdgroup.kz/catalog/endodontiya/apekslokator_dpex_v_/","apekslokator_dpex_v_","Апекслокатор DPEX V","","Стоматологические товары","piece","KZT","","","false","Публичная карточка каталога AMDgroup; цена и наличие требуют подтверждения поставщиком"
"amdgroup","ТОО AMDgroup","https://amdgroup.kz/catalog/endodontiya/guttapercha_fi_e_/","guttapercha_fi_e_","Гуттаперча FI-E","","Стоматологические товары","piece","KZT","","","false","Публичная карточка каталога AMDgroup; цена и наличие требуют подтверждения поставщиком"
"amdgroup","ТОО AMDgroup","https://amdgroup.kz/catalog/endodontiya/tipsy_endo_3_modeli_e70_e71_e96_e96/","tipsy_endo_3_modeli_e70_e71_e96_e96","Типсы ENDO 3,модели (Е70,Е71,Е96,Е96)","","Стоматологические товары","piece","KZT","","","false","Публичная карточка каталога AMDgroup; цена и наличие требуют подтверждения поставщиком"
"amdgroup","ТОО AMDgroup","https://amdgroup.kz/catalog/instrumenty2/endofayl_6825_210_5sht/","endofayl_6825_210_5sht","ЭндоФайл 6825-210 (5шт)","","Стоматологические товары","piece","KZT","","","false","Публичная карточка каталога AMDgroup; цена и наличие требуют подтверждения поставщиком"
"amdgroup","ТОО AMDgroup","https://amdgroup.kz/catalog/instrumenty2/endofayl_6820_300_5sht/","endofayl_6820_300_5sht","ЭндоФайл 6820-300 (5шт)","","Стоматологические товары","piece","KZT","","","false","Публичная карточка каталога AMDgroup; цена и наличие требуют подтверждения поставщиком"
"amdgroup","ТОО AMDgroup","https://amdgroup.kz/catalog/instrumenty2/endofayl_6825_630/","endofayl_6825_630","ЭндоФайл 6825-630","","Стоматологические товары","piece","KZT","","","false","Публичная карточка каталога AMDgroup; цена и наличие требуют подтверждения поставщиком"
"amdgroup","ТОО AMDgroup","https://amdgroup.kz/catalog/instrumenty2/endofayl_6825_215/","endofayl_6825_215","ЭндоФайл 6825-215","","Стоматологические товары","piece","KZT","","","false","Публичная карточка каталога AMDgroup; цена и наличие требуют подтверждения поставщиком"
"amdgroup","ТОО AMDgroup","https://amdgroup.kz/catalog/instrumenty2/endofayl_6820_231_/","endofayl_6820_231_","ЭндоФайл 6820-231","","Стоматологические товары","piece","KZT","","","false","Публичная карточка каталога AMDgroup; цена и наличие требуют подтверждения поставщиком"
"amdgroup","ТОО AMDgroup","https://amdgroup.kz/catalog/instrumenty2/endofayl_6820_835_5sht/","endofayl_6820_835_5sht","ЭндоФайл 6820-835 (5шт)","","Стоматологические товары","piece","KZT","","","false","Публичная карточка каталога AMDgroup; цена и наличие требуют подтверждения поставщиком"
"amdgroup","ТОО AMDgroup","https://amdgroup.kz/catalog/instrumenty2/endofayl_6820_225_/","endofayl_6820_225_","ЭндоФайл 6820-225","","Стоматологические товары","piece","KZT","","","false","Публичная карточка каталога AMDgroup; цена и наличие требуют подтверждения поставщиком"
"amdgroup","ТОО AMDgroup","https://amdgroup.kz/catalog/instrumenty2/endofayl_6825_220_5sht/","endofayl_6825_220_5sht","ЭндоФайл 6825-220 (5шт)","","Стоматологические товары","piece","KZT","","","false","Публичная карточка каталога AMDgroup; цена и наличие требуют подтверждения поставщиком"
"amdgroup","ТОО AMDgroup","https://amdgroup.kz/catalog/instrumenty2/endofayl_6820_325_5sht/","endofayl_6820_325_5sht","ЭндоФайл 6820-325 (5шт)","","Стоматологические товары","piece","KZT","","","false","Публичная карточка каталога AMDgroup; цена и наличие требуют подтверждения поставщиком"
"amdgroup","ТОО AMDgroup","https://amdgroup.kz/catalog/dlya_apparata_vektor/dez_sr_vo_vector_cleaner_2_5l/","dez_sr_vo_vector_cleaner_2_5l","Дез.ср-во Vector cleaner 2,5л","","Стоматологические товары","piece","KZT","","","false","Публичная карточка каталога AMDgroup; цена и наличие требуют подтверждения поставщиком"
"amdgroup","ТОО AMDgroup","https://amdgroup.kz/catalog/dlya_poverkhnosti/dez_sr_vo_fd_366_2_5l_d_analizatora_gematologicheskogo_abx_micros_es_60_/","dez_sr_vo_fd_366_2_5l_d_analizatora_gematologicheskogo_abx_micros_es_60_","Дез.ср-во FD 366 2,5л","","Стоматологические товары","piece","KZT","","","false","Публичная карточка каталога AMDgroup; цена и наличие требуют подтверждения поставщиком"
"amdgroup","ТОО AMDgroup","https://amdgroup.kz/catalog/dlya_poverkhnosti/salfetki_dlya_dezinfektsii_cdf35ca0152_/","salfetki_dlya_dezinfektsii_cdf35ca0152_","Салфетки для дезинфекции CDF35CA0152","","Стоматологические товары","piece","KZT","","","false","Публичная карточка каталога AMDgroup; цена и наличие требуют подтверждения поставщиком"
"amdgroup","ТОО AMDgroup","https://amdgroup.kz/catalog/dlya_aspiratsionnykh_sistem/dez_sr_vo_orotol_plus_d_stom_ust_2_5l_/","dez_sr_vo_orotol_plus_d_stom_ust_2_5l_","Дез.ср-во Orotol plus д/стом.уст. 2,5л","","Стоматологические товары","piece","KZT","","","false","Публичная карточка каталога AMDgroup; цена и наличие требуют подтверждения поставщиком"
"amdgroup","ТОО AMDgroup","https://amdgroup.kz/catalog/ortopedicheskaya_stomatologiya/multilink_n_primer_refill_a_3g/","multilink_n_primer_refill_a_3g","MULTILINK N PRIMER REFILL A 3G","","Стоматологические товары","piece","KZT","","","false","Публичная карточка каталога AMDgroup; цена и наличие требуют подтверждения поставщиком"
"amdgroup","ТОО AMDgroup","https://amdgroup.kz/catalog/ortopedicheskaya_stomatologiya/multilink_n_refill_yellow/","multilink_n_refill_yellow","MULTILINK N REFILL YELLOW","","Стоматологические товары","piece","KZT","","","false","Публичная карточка каталога AMDgroup; цена и наличие требуют подтверждения поставщиком"
"amdgroup","ТОО AMDgroup","https://amdgroup.kz/catalog/ortopedicheskaya_stomatologiya/multilink_n_primer_refill_b_3g/","multilink_n_primer_refill_b_3g","MULTILINK N PRIMER REFILL B 3G","","Стоматологические товары","piece","KZT","","","false","Публичная карточка каталога AMDgroup; цена и наличие требуют подтверждения поставщиком"
"amdgroup","ТОО AMDgroup","https://amdgroup.kz/catalog/ortopedicheskaya_stomatologiya/multilink_n_refill_transparent/","multilink_n_refill_transparent","MULTILINK N REFILL TRANSPARENT","","Стоматологические товары","piece","KZT","","","false","Публичная карточка каталога AMDgroup; цена и наличие требуют подтверждения поставщиком"
"amdgroup","ТОО AMDgroup","https://amdgroup.kz/catalog/ortopedicheskaya_stomatologiya/sistema_dlya_adgezivnoy_fiksatsii_multilink_hybrid_abutment_refill_ho_0/","sistema_dlya_adgezivnoy_fiksatsii_multilink_hybrid_abutment_refill_ho_0","Система для адгезивной фиксации MULTILINK HYBRID ABUTMENT REFILL HO 0","","Стоматологические товары","piece","KZT","","","false","Публичная карточка каталога AMDgroup; цена и наличие требуют подтверждения поставщиком"
"amdgroup","ТОО AMDgroup","https://amdgroup.kz/catalog/ortopedicheskaya_stomatologiya/sistema_dlya_adgezivnoy_fiksatsii_monobond_plus_refill_5g/","sistema_dlya_adgezivnoy_fiksatsii_monobond_plus_refill_5g","Система для адгезивной фиксации MONOBOND PLUS REFILL 5G","","Стоматологические товары","piece","KZT","","","false","Публичная карточка каталога AMDgroup; цена и наличие требуют подтверждения поставщиком"
"amdgroup","ТОО AMDgroup","https://amdgroup.kz/catalog/ortopedicheskaya_stomatologiya/sistema_dlya_adgezivnoy_fiksatsii_monobond_n_refill_5g/","sistema_dlya_adgezivnoy_fiksatsii_monobond_n_refill_5g","Система для адгезивной фиксации MONOBOND N REFILL 5G","","Стоматологические товары","piece","KZT","","","false","Публичная карточка каталога AMDgroup; цена и наличие требуют подтверждения поставщиком"
"amdgroup","ТОО AMDgroup","https://amdgroup.kz/catalog/materialy_/struktur_2_sc_75_g_a3/","struktur_2_sc_75_g_a3","Структур 2 SC 75 г А3","","Стоматологические товары","piece","KZT","","","false","Публичная карточка каталога AMDgroup; цена и наличие требуют подтверждения поставщиком"
"amdgroup","ТОО AMDgroup","https://amdgroup.kz/catalog/materialy_/ufi_gel_p_50ml_50ml_kat10_10_10adg_/","ufi_gel_p_50ml_50ml_kat10_10_10adg_","Уфи Гель П-50мл 50мл кат10+10+10адг","","Стоматологические товары","piece","KZT","","","false","Публичная карточка каталога AMDgroup; цена и наличие требуют подтверждения поставщиком"
"amdgroup","ТОО AMDgroup","https://amdgroup.kz/catalog/materialy_/struktur_2_sc_75g_a1_/","struktur_2_sc_75g_a1_","Структур 2 SC 75г А1","","Стоматологические товары","piece","KZT","","","false","Публичная карточка каталога AMDgroup; цена и наличие требуют подтверждения поставщиком"
"amdgroup","ТОО AMDgroup","https://amdgroup.kz/catalog/materialy_/meron_poroshok_35g_zhidkost_15ml_/","meron_poroshok_35g_zhidkost_15ml_","Мерон порошок 35г, жидкость 15мл","","Стоматологические товары","piece","KZT","","","false","Публичная карточка каталога AMDgroup; цена и наличие требуют подтверждения поставщиком"
"amdgroup","ТОО AMDgroup","https://amdgroup.kz/catalog/nabory2/lm_aktivatorp_2_vysokiy_korotkiy_40_/","lm_aktivatorp_2_vysokiy_korotkiy_40_","LM-Активаторп 2 высокий короткий 40","","Стоматологические товары","piece","KZT","","","false","Публичная карточка каталога AMDgroup; цена и наличие требуют подтверждения поставщиком"
"amdgroup","ТОО AMDgroup","https://amdgroup.kz/catalog/konicheskie/bory_almaznye_h134_014_fg/","bory_almaznye_h134_014_fg","Боры алмазные H134-014-FG","","Стоматологические товары","piece","KZT","","","false","Публичная карточка каталога AMDgroup; цена и наличие требуют подтверждения поставщиком"
"amdgroup","ТОО AMDgroup","https://amdgroup.kz/catalog/tsilindricheskiebory/bory_tverdosplavnye_h21l_010_ra/","bory_tverdosplavnye_h21l_010_ra","Боры твердосплавные H21L-010-RA","","Стоматологические товары","piece","KZT","","","false","Публичная карточка каталога AMDgroup; цена и наличие требуют подтверждения поставщиком"
"amdgroup","ТОО AMDgroup","https://amdgroup.kz/catalog/sharovidnye/bory_almaznye_801_007f_fg/","806 314 001 514 007","Боры алмазные 801-007F-FG","","Стоматологические товары","piece","KZT","","","false","Публичная карточка каталога AMDgroup; цена и наличие требуют подтверждения поставщиком"
"amdgroup","ТОО AMDgroup","https://amdgroup.kz/catalog/zondy_/zond_17_23xsi/","zond_17_23xsi","Зонд 17-23XSI","","Стоматологические товары","piece","KZT","","","false","Публичная карточка каталога AMDgroup; цена и наличие требуют подтверждения поставщиком"
"amdgroup","ТОО AMDgroup","https://amdgroup.kz/catalog/tsilindricheskie/bory_almaznye_836kr_016c_fg/","bory_almaznye_836kr_016c_fg","Боры алмазные 836KR-016C-FG","","Стоматологические товары","piece","KZT","","","false","Публичная карточка каталога AMDgroup; цена и наличие требуют подтверждения поставщиком"
"amdgroup","ТОО AMDgroup","https://amdgroup.kz/catalog/kyurety/kyureta_parodontologicheskaya_15_16_225_226xsi/","kyureta_parodontologicheskaya_15_16_225_226xsi","Кюрета пародонтологическая 15/16 225-226XSI","","Стоматологические товары","piece","KZT","","","false","Публичная карточка каталога AMDgroup; цена и наличие требуют подтверждения поставщиком"
"amdgroup","ТОО AMDgroup","https://amdgroup.kz/catalog/retraktory/derzhatel_dlya_nabora_sverlilnykh_nakonechnikov/","derzhatel_dlya_nabora_sverlilnykh_nakonechnikov","Держатель для набора сверлильных наконечников","","Стоматологические товары","piece","KZT","","","false","Публичная карточка каталога AMDgroup; цена и наличие требуют подтверждения поставщиком"
"amdgroup","ТОО AMDgroup","https://amdgroup.kz/catalog/khirurgicheskie_bory/freza_khirurgicheskaya_h141ax_050_hp/","freza_khirurgicheskaya_h141ax_050_hp","Фреза хирургическая H141AX-050-HP","","Стоматологические товары","piece","KZT","","","false","Публичная карточка каталога AMDgroup; цена и наличие требуют подтверждения поставщиком"
"amdgroup","ТОО AMDgroup","https://amdgroup.kz/catalog/lyuksatory/lyuksator_lm_slimlift_c4_812840/","lyuksator_lm_slimlift_c4_812840","Люксатор LM-SLIMLIFT C4 812840","","Стоматологические товары","piece","KZT","","","false","Публичная карточка каталога AMDgroup; цена и наличие требуют подтверждения поставщиком"
"amdgroup","ТОО AMDgroup","https://amdgroup.kz/catalog/skeylery/skeyler_146_147xsi/","skeyler_146_147xsi","Скейлер 146-147XSI","","Стоматологические товары","piece","KZT","","","false","Публичная карточка каталога AMDgroup; цена и наличие требуют подтверждения поставщиком"
"amdgroup","ТОО AMDgroup","https://amdgroup.kz/catalog/sharovidnye/bory_almaznye_801_010f_fg/","bory_almaznye_801_010f_fg","Боры алмазные 801-010F-FG","","Стоматологические товары","piece","KZT","","","false","Публичная карточка каталога AMDgroup; цена и наличие требуют подтверждения поставщиком"
"amdgroup","ТОО AMDgroup","https://amdgroup.kz/catalog/tsilindricheskie/bory_almaznye_835kr_010c_fg/","bory_almaznye_835kr_010c_fg","Боры алмазные 835KR-010C-FG","","Стоматологические товары","piece","KZT","","","false","Публичная карточка каталога AMDgroup; цена и наличие требуют подтверждения поставщиком"
"amdgroup","ТОО AMDgroup","https://amdgroup.kz/catalog/skeylery/skeyler_parodontologicheskiy_333_334xsi/","skeyler_parodontologicheskiy_333_334xsi","Скейлер пародонтологический 333-334XSI","","Стоматологические товары","piece","KZT","","","false","Публичная карточка каталога AMDgroup; цена и наличие требуют подтверждения поставщиком"
"amdgroup","ТОО AMDgroup","https://amdgroup.kz/catalog/tsilindricheskie/bory_almaznye_835_009m_fg/","bory_almaznye_835_009m_fg","Боры алмазные 835-009M-FG","","Стоматологические товары","piece","KZT","","","false","Публичная карточка каталога AMDgroup; цена и наличие требуют подтверждения поставщиком"
"amdgroup","ТОО AMDgroup","https://amdgroup.kz/catalog/konusovidnye/bory_almaznye_857_014m_fg/","bory_almaznye_857_014m_fg","Боры алмазные 857-014M-FG","","Стоматологические товары","piece","KZT","","","false","Публичная карточка каталога AMDgroup; цена и наличие требуют подтверждения поставщиком"
"amdgroup","ТОО AMDgroup","https://amdgroup.kz/catalog/konusovidnye/bory_almaznye_859cl_010f_fg/","bory_almaznye_859cl_010f_fg","Боры алмазные 859CL-010F-FG","","Стоматологические товары","piece","KZT","","","false","Публичная карточка каталога AMDgroup; цена и наличие требуют подтверждения поставщиком"
"amdgroup","ТОО AMDgroup","https://amdgroup.kz/catalog/nabory2/nabor_nasadok_7626/","nabor_nasadok_7626","Набор насадок 7626","","Стоматологические товары","piece","KZT","","","false","Публичная карточка каталога AMDgroup; цена и наличие требуют подтверждения поставщиком"
"amdgroup","ТОО AMDgroup","https://amdgroup.kz/catalog/kyurety/kyureta_parodontologicheskaya_283_284xsi/","kyureta_parodontologicheskaya_283_284xsi","Кюрета пародонтологическая 283-284XSI","","Стоматологические товары","piece","KZT","","","false","Публичная карточка каталога AMDgroup; цена и наличие требуют подтверждения поставщиком"
"amdgroup","ТОО AMDgroup","https://amdgroup.kz/catalog/kyurety/kyureta_209_210xsi/","kyureta_209_210xsi","Кюрета 209-210XSI","","Стоматологические товары","piece","KZT","","","false","Публичная карточка каталога AMDgroup; цена и наличие требуют подтверждения поставщиком"
"amdgroup","ТОО AMDgroup","https://amdgroup.kz/catalog/retraktory/prisheechnye_matritsy_dlya_molyarov_7608/","prisheechnye_matritsy_dlya_molyarov_7608","Пришеечные матрицы для моляров 7608","","Стоматологические товары","piece","KZT","","","false","Публичная карточка каталога AMDgroup; цена и наличие требуют подтверждения поставщиком"
"amdgroup","ТОО AMDgroup","https://amdgroup.kz/catalog/olivovidnye/bory_almaznye_379_014c_fg/","bory_almaznye_379_014c_fg","Боры алмазные 379-014C-FG","","Стоматологические товары","piece","KZT","","","false","Публичная карточка каталога AMDgroup; цена и наличие требуют подтверждения поставщиком"
"amdgroup","ТОО AMDgroup","https://amdgroup.kz/catalog/butonovidnye/bory_almaznye_368_023m_fg/","bory_almaznye_368_023m_fg","Боры алмазные 368-023М-FG","","Стоматологические товары","piece","KZT","","","false","Публичная карточка каталога AMDgroup; цена и наличие требуют подтверждения поставщиком"
"amdgroup","ТОО AMDgroup","https://amdgroup.kz/catalog/obratnokonusnye/bory_almaznye_802_014m_fg/","bory_almaznye_802_014m_fg","Боры алмазные 802-014M-FG","","Стоматологические товары","piece","KZT","","","false","Публичная карточка каталога AMDgroup; цена и наличие требуют подтверждения поставщиком"
"amdgroup","ТОО AMDgroup","https://amdgroup.kz/catalog/kyurety/kyureta_parodontologicheskaya_233_234xsi/","kyureta_parodontologicheskaya_233_234xsi","Кюрета пародонтологическая 233-234XSI","","Стоматологические товары","piece","KZT","","","false","Публичная карточка каталога AMDgroup; цена и наличие требуют подтверждения поставщиком"
"amdgroup","ТОО AMDgroup","https://amdgroup.kz/catalog/nabory2/instrumenty_izmeritelnye_6820es/","instrumenty_izmeritelnye_6820es","Инструменты измерительные 6820ES","","Стоматологические товары","piece","KZT","","","false","Публичная карточка каталога AMDgroup; цена и наличие требуют подтверждения поставщиком"
"amdgroup","ТОО AMDgroup","https://amdgroup.kz/catalog/tsilindricheskie/bory_almaznye_835kr_010f_fg/","bory_almaznye_835kr_010f_fg","Боры алмазные 835KR-010F-FG","","Стоматологические товары","piece","KZT","","","false","Публичная карточка каталога AMDgroup; цена и наличие требуют подтверждения поставщиком"
"amdgroup","ТОО AMDgroup","https://amdgroup.kz/catalog/skeylery/skeyler_148_149xsi/","skeyler_148_149xsi","Скейлер 148-149XSI","","Стоматологические товары","piece","KZT","","","false","Публичная карточка каталога AMDgroup; цена и наличие требуют подтверждения поставщиком"
"amdgroup","ТОО AMDgroup","https://amdgroup.kz/catalog/ekskavatory/ekskavator_65_66xsi/","ekskavator_65_66xsi","Экскаватор 65-66XSI","","Стоматологические товары","piece","KZT","","","false","Публичная карточка каталога AMDgroup; цена и наличие требуют подтверждения поставщиком"
"amdgroup","ТОО AMDgroup","https://amdgroup.kz/catalog/konusovidnye/bory_almaznye_845_016c_fg/","bory_almaznye_845_016c_fg","Боры алмазные 845-016C-FG","","Стоматологические товары","piece","KZT","","","false","Публичная карточка каталога AMDgroup; цена и наличие требуют подтверждения поставщиком"
"amdgroup","ТОО AMDgroup","https://amdgroup.kz/catalog/tsilindricheskie/bory_almaznye_837kr_010f_fg/","bory_almaznye_837kr_010f_fg","Боры алмазные 837KR-010F-FG","","Стоматологические товары","piece","KZT","","","false","Публичная карточка каталога AMDgroup; цена и наличие требуют подтверждения поставщиком"
"amdgroup","ТОО AMDgroup","https://amdgroup.kz/catalog/tsilindricheskie/bory_almaznye_836_008m_fg/","bory_almaznye_836_008m_fg","Боры алмазные 836-008M-FG","","Стоматологические товары","piece","KZT","","","false","Публичная карточка каталога AMDgroup; цена и наличие требуют подтверждения поставщиком"
"amdgroup","ТОО AMDgroup","https://amdgroup.kz/catalog/konicheskie/bory_almaznye_h132_008_fg/","bory_almaznye_h132_008_fg","Боры алмазные H132-008-FG","","Стоматологические товары","piece","KZT","","","false","Публичная карточка каталога AMDgroup; цена и наличие требуют подтверждения поставщиком"
"amdgroup","ТОО AMDgroup","https://amdgroup.kz/catalog/grushevidnye/822_010_m_/","822_010_m_","822 - 010 M","","Стоматологические товары","piece","KZT","","","false","Публичная карточка каталога AMDgroup; цена и наличие требуют подтверждения поставщиком"
"amdgroup","ТОО AMDgroup","https://amdgroup.kz/catalog/konusovidnye/bory_almaznye_859_010m_fg/","bory_almaznye_859_010m_fg","Боры алмазные 859-010M-FG","","Стоматологические товары","piece","KZT","","","false","Публичная карточка каталога AMDgroup; цена и наличие требуют подтверждения поставщиком"
"amdgroup","ТОО AMDgroup","https://amdgroup.kz/catalog/retraktory/prisheechnye_matritsy_dlya_reztsov/","prisheechnye_matritsy_dlya_reztsov","Пришеечные матрицы для резцов","","Стоматологические товары","piece","KZT","","","false","Публичная карточка каталога AMDgroup; цена и наличие требуют подтверждения поставщиком"
"amdgroup","ТОО AMDgroup","https://amdgroup.kz/catalog/tsilindricheskie/bory_almaznye_838_007m_kid_fg/","bory_almaznye_838_007m_kid_fg","Боры алмазные 838-007M-KID FG","","Стоматологические товары","piece","KZT","","","false","Публичная карточка каталога AMDgroup; цена и наличие требуют подтверждения поставщиком"
"amdgroup","ТОО AMDgroup","https://amdgroup.kz/catalog/restavratsiya/instrument_univers_s_rezhushchey_granyu_71_72xsi/","instrument_univers_s_rezhushchey_granyu_71_72xsi","Инструмент универс.с режущей гранью 71-72XSI","","Стоматологические товары","piece","KZT","","","false","Публичная карточка каталога AMDgroup; цена и наличие требуют подтверждения поставщиком"
"amdgroup","ТОО AMDgroup","https://amdgroup.kz/catalog/zondy_/zond_8_520bxsi/","zond_8_520bxsi","Зонд 8-520BXSI","","Стоматологические товары","piece","KZT","","","false","Публичная карточка каталога AMDgroup; цена и наличие требуют подтверждения поставщиком"
"amdgroup","ТОО AMDgroup","https://amdgroup.kz/catalog/butonovidnye/bory_almaznye_368_016m_fg/","bory_almaznye_368_016m_fg","Боры алмазные 368-016M-FG","","Стоматологические товары","piece","KZT","","","false","Публичная карточка каталога AMDgroup; цена и наличие требуют подтверждения поставщиком"
"amdgroup","ТОО AMDgroup","https://amdgroup.kz/catalog/tsilindricheskie/bory_almaznye_836kr_012c_fg/","bory_almaznye_836kr_012c_fg","Боры алмазные 836KR-012C-FG","","Стоматологические товары","piece","KZT","","","false","Публичная карточка каталога AMDgroup; цена и наличие требуют подтверждения поставщиком"
"amdgroup","ТОО AMDgroup","https://amdgroup.kz/catalog/kyurety/kyureta_parodontologicheskaya_222_223xsi/","kyureta_parodontologicheskaya_222_223xsi","Кюрета пародонтологическая 222-223XSI","","Стоматологические товары","piece","KZT","","","false","Публичная карточка каталога AMDgroup; цена и наличие требуют подтверждения поставщиком"
"amdgroup","ТОО AMDgroup","https://amdgroup.kz/catalog/ruchki_dlya_zerkal_/ruchka_d_instrumenta_25_esigrey/","ruchka_d_instrumenta_25_esigrey","Ручка д/инструмента 25 ESIGREY","","Стоматологические товары","piece","KZT","","","false","Публичная карточка каталога AMDgroup; цена и наличие требуют подтверждения поставщиком"
"amdgroup","ТОО AMDgroup","https://amdgroup.kz/catalog/konusovidnye/bory_almaznye_998_021f_fg/","bory_almaznye_998_021f_fg","Боры алмазные 998-021F-FG","","Стоматологические товары","piece","KZT","","","false","Публичная карточка каталога AMDgroup; цена и наличие требуют подтверждения поставщиком"
"amdgroup","ТОО AMDgroup","https://amdgroup.kz/catalog/poliry/poliry_p20039g/","P20039G","Полиры P20039G","","Стоматологические товары","piece","KZT","","","false","Публичная карточка каталога AMDgroup; цена и наличие требуют подтверждения поставщиком"
"amdgroup","ТОО AMDgroup","https://amdgroup.kz/catalog/konusovidnye/bory_almaznye_850_016f_fg_kruglyy_/","806 314 199 514 016","Боры алмазные 850-016F-FG круглый","","Стоматологические товары","piece","KZT","","","false","Публичная карточка каталога AMDgroup; цена и наличие требуют подтверждения поставщиком"
"amdgroup","ТОО AMDgroup","https://amdgroup.kz/catalog/butonovidnye/bory_almaznye_368_018f_fg/","bory_almaznye_368_018f_fg","Боры алмазные 368-018F-FG","","Стоматологические товары","piece","KZT","","","false","Публичная карточка каталога AMDgroup; цена и наличие требуют подтверждения поставщиком"
"amdgroup","ТОО AMDgroup","https://amdgroup.kz/catalog/konusovidnye/bory_almaznye_848_016c_fg/","bory_almaznye_848_016c_fg","Боры алмазные 848-016C-FG","","Стоматологические товары","piece","KZT","","","false","Публичная карточка каталога AMDgroup; цена и наличие требуют подтверждения поставщиком"
"amdgroup","ТОО AMDgroup","https://amdgroup.kz/catalog/obratnokonusnye/diski_almaznye_806_104_505_504_190/","ержателем.","Диски алмазные 806.104.505.504.190","","Стоматологические товары","piece","KZT","","","false","Публичная карточка каталога AMDgroup; цена и наличие требуют подтверждения поставщиком"
"amdgroup","ТОО AMDgroup","https://amdgroup.kz/catalog/skeylery/skeyler_parodontologicheskiy_crane_kaplan_322_323es/","skeyler_parodontologicheskiy_crane_kaplan_322_323es","Скейлер пародонтологический CRANE KAPLAN 322-323ES","","Стоматологические товары","piece","KZT","","","false","Публичная карточка каталога AMDgroup; цена и наличие требуют подтверждения поставщиком"
"amdgroup","ТОО AMDgroup","https://amdgroup.kz/catalog/obratnokonusnye/bory_almaznye_802l_013m_fg/","bory_almaznye_802l_013m_fg","Боры алмазные 802L-013M-FG","","Стоматологические товары","piece","KZT","","","false","Публичная карточка каталога AMDgroup; цена и наличие требуют подтверждения поставщиком"
"amdgroup","ТОО AMDgroup","https://amdgroup.kz/catalog/torpedovidnye/bory_almaznye_konisch_879kse_021c_fg_/","bory_almaznye_konisch_879kse_021c_fg_","Боры алмазные KONISCH 879KSE-021C-FG","","Стоматологические товары","piece","KZT","","","false","Публичная карточка каталога AMDgroup; цена и наличие требуют подтверждения поставщиком"
"amdgroup","ТОО AMDgroup","https://amdgroup.kz/catalog/elevatory/retraktory_desnevye_7500/","retraktory_desnevye_7500","Ретракторы десневые 7500","","Стоматологические товары","piece","KZT","","","false","Публичная карточка каталога AMDgroup; цена и наличие требуют подтверждения поставщиком"
"amdgroup","ТОО AMDgroup","https://amdgroup.kz/catalog/olivovidnye/bory_almaznye_379_016m_fg/","bory_almaznye_379_016m_fg","Боры алмазные 379-016M-FG","","Стоматологические товары","piece","KZT","","","false","Публичная карточка каталога AMDgroup; цена и наличие требуют подтверждения поставщиком"
"amdgroup","ТОО AMDgroup","https://amdgroup.kz/catalog/olivovidnye/bory_almaznye_detskie_379_009m_kid/","379-009M-KID","Боры алмазные детские 379-009M-KID","","Стоматологические товары","piece","KZT","","","false","Публичная карточка каталога AMDgroup; цена и наличие требуют подтверждения поставщиком"
"amdgroup","ТОО AMDgroup","https://amdgroup.kz/catalog/skeylery/skeyler_parodontologicheskiy_156_157xsi/","skeyler_parodontologicheskiy_156_157xsi","Скейлер пародонтологический 156-157XSI","","Стоматологические товары","piece","KZT","","","false","Публичная карточка каталога AMDgroup; цена и наличие требуют подтверждения поставщиком"
"amdgroup","ТОО AMDgroup","https://amdgroup.kz/catalog/tsilindricheskie/bory_almaznye_882_012c_fg/","bory_almaznye_882_012c_fg","Боры алмазные 882-012C-FG","","Стоматологические товары","piece","KZT","","","false","Публичная карточка каталога AMDgroup; цена и наличие требуют подтверждения поставщиком"
"amdgroup","ТОО AMDgroup","https://amdgroup.kz/catalog/tsilindricheskie/bory_almaznye_882_014c_fg/","bory_almaznye_882_014c_fg","Боры алмазные 882-014C-FG","","Стоматологические товары","piece","KZT","","","false","Публичная карточка каталога AMDgroup; цена и наличие требуют подтверждения поставщиком"
"amdgroup","ТОО AMDgroup","https://amdgroup.kz/catalog/konusovidnye/bory_almaznye_856_014sf_fg/","bory_almaznye_856_014sf_fg","Боры алмазные 856-014SF-FG","","Стоматологические товары","piece","KZT","","","false","Публичная карточка каталога AMDgroup; цена и наличие требуют подтверждения поставщиком"
"amdgroup","ТОО AMDgroup","https://amdgroup.kz/catalog/kolesovidnye/bory_almaznye_828_030m_fg/","bory_almaznye_828_030m_fg","Боры алмазные 828-030M-FG","","Стоматологические товары","piece","KZT","","","false","Публичная карточка каталога AMDgroup; цена и наличие требуют подтверждения поставщиком"
"amdgroup","ТОО AMDgroup","https://amdgroup.kz/catalog/retraktory/prisheechnye_matritsy_dlya_molyarov/","prisheechnye_matritsy_dlya_molyarov","Пришеечные матрицы для моляров","","Стоматологические товары","piece","KZT","","","false","Публичная карточка каталога AMDgroup; цена и наличие требуют подтверждения поставщиком"
"amdgroup","ТОО AMDgroup","https://amdgroup.kz/catalog/konusovidnye/bory_almaznye_856_009m_fg/","bory_almaznye_856_009m_fg","Боры алмазные 856-009M-FG","","Стоматологические товары","piece","KZT","","","false","Публичная карточка каталога AMDgroup; цена и наличие требуют подтверждения поставщиком"
"amdgroup","ТОО AMDgroup","https://amdgroup.kz/catalog/olivovidnye/bory_almaznye_379_018_m_/","806 314 277 524 018","Боры алмазные 379-018 М","","Стоматологические товары","piece","KZT","","","false","Публичная карточка каталога AMDgroup; цена и наличие требуют подтверждения поставщиком"
"amdgroup","ТОО AMDgroup","https://amdgroup.kz/catalog/ekskavatory/gladilka_6321_6421xsi/","gladilka_6321_6421xsi","Гладилка 6321-6421XSI","","Стоматологические товары","piece","KZT","","","false","Публичная карточка каталога AMDgroup; цена и наличие требуют подтверждения поставщиком"
"amdgroup","ТОО AMDgroup","https://amdgroup.kz/catalog/torpedovidnye/bory_almaznye_878k_012sc_fg/","bory_almaznye_878k_012sc_fg","Боры алмазные 878K-012SC-FG","","Стоматологические товары","piece","KZT","","","false","Публичная карточка каталога AMDgroup; цена и наличие требуют подтверждения поставщиком"
"amdgroup","ТОО AMDgroup","https://amdgroup.kz/catalog/konusovidnye/bory_almaznye_847kr_018c_fg/","bory_almaznye_847kr_018c_fg","Боры алмазные 847KR-018C-FG","","Стоматологические товары","piece","KZT","","","false","Публичная карточка каталога AMDgroup; цена и наличие требуют подтверждения поставщиком"
"amdgroup","ТОО AMDgroup","https://amdgroup.kz/catalog/sharovidnye/bory_almaznye_801_012f_fg/","806 314 001 514 012","Боры алмазные 801-012F-FG","","Стоматологические товары","piece","KZT","","","false","Публичная карточка каталога AMDgroup; цена и наличие требуют подтверждения поставщиком"
"amdgroup","ТОО AMDgroup","https://amdgroup.kz/catalog/konusovidnye/bory_almaznye_848l_014m_fg/","bory_almaznye_848l_014m_fg","Боры алмазные 848L-014M-FG","","Стоматологические товары","piece","KZT","","","false","Публичная карточка каталога AMDgroup; цена и наличие требуют подтверждения поставщиком"
"amdgroup","ТОО AMDgroup","https://amdgroup.kz/catalog/ruchki_dlya_zerkal_/ruchka_dlya_zerkala_25esblue/","ruchka_dlya_zerkala_25esblue","Ручка для зеркала 25ESBLUE","","Стоматологические товары","piece","KZT","","","false","Публичная карточка каталога AMDgroup; цена и наличие требуют подтверждения поставщиком"
"amdgroup","ТОО AMDgroup","https://amdgroup.kz/catalog/lyuksatory/lyuksator_pryamoy_lm_liftout_s2_812220/","ировка, легко отличать инструменты друг от друга","Люксатор прямой LM-LIFTOUT S2 812220","","Стоматологические товары","piece","KZT","","","false","Публичная карточка каталога AMDgroup; цена и наличие требуют подтверждения поставщиком"
"amdgroup","ТОО AMDgroup","https://amdgroup.kz/catalog/obratnokonusnye/bory_almaznye_802_010m_fg/","bory_almaznye_802_010m_fg","Боры алмазные 802-010M-FG","","Стоматологические товары","piece","KZT","","","false","Публичная карточка каталога AMDgroup; цена и наличие требуют подтверждения поставщиком"
"amdgroup","ТОО AMDgroup","https://amdgroup.kz/catalog/grushevidnye/bory_almaznye_830_008m_fg/","bory_almaznye_830_008m_fg","Боры алмазные 830-008M-FG","","Стоматологические товары","piece","KZT","","","false","Публичная карточка каталога AMDgroup; цена и наличие требуют подтверждения поставщиком"
"amdgroup","ТОО AMDgroup","https://amdgroup.kz/catalog/konusovidnye/bory_almaznye_247_009f_fg/","bory_almaznye_247_009f_fg","Боры алмазные 247-009F-FG","","Стоматологические товары","piece","KZT","","","false","Публичная карточка каталога AMDgroup; цена и наличие требуют подтверждения поставщиком"
"amdgroup","ТОО AMDgroup","https://amdgroup.kz/catalog/grushevidnye/bory_almaznye_830l_014m_fg/","bory_almaznye_830l_014m_fg","Боры алмазные 830L-014M-FG","","Стоматологические товары","piece","KZT","","","false","Публичная карточка каталога AMDgroup; цена и наличие требуют подтверждения поставщиком"
"amdgroup","ТОО AMDgroup","https://amdgroup.kz/catalog/lyuksatory/lyuksator_lm_liftout_c5_812450/","A-Н00014519","Люксатор LM-LIFTOUT C5 812450","","Стоматологические товары","piece","KZT","","","false","Публичная карточка каталога AMDgroup; цена и наличие требуют подтверждения поставщиком"
"amdgroup","ТОО AMDgroup","https://amdgroup.kz/catalog/tsilindricheskie/bory_almaznye_835kr_014c_fg/","bory_almaznye_835kr_014c_fg","Боры алмазные 835KR-014C-FG","","Стоматологические товары","piece","KZT","","","false","Публичная карточка каталога AMDgroup; цена и наличие требуют подтверждения поставщиком"
"amdgroup","ТОО AMDgroup","https://amdgroup.kz/catalog/butonovidnye/bory_almaznye_368_010m_fg/","806 314 257 524 010","Боры алмазные 368-010M-FG","","Стоматологические товары","piece","KZT","","","false","Публичная карточка каталога AMDgroup; цена и наличие требуют подтверждения поставщиком"
"amdgroup","ТОО AMDgroup","https://amdgroup.kz/catalog/kyurety/kyureta_parodont_d_reztsov_i_premolyarov_203_204xsi/","kyureta_parodont_d_reztsov_i_premolyarov_203_204xsi","Кюрета пародонт.д/резцов и премоляров 203-204XSI","","Стоматологические товары","piece","KZT","","","false","Публичная карточка каталога AMDgroup; цена и наличие требуют подтверждения поставщиком"
"amdgroup","ТОО AMDgroup","https://amdgroup.kz/catalog/restavratsiya/gladilka_708_709xsi/","gladilka_708_709xsi","Гладилка 708-709XSI","","Стоматологические товары","piece","KZT","","","false","Публичная карточка каталога AMDgroup; цена и наличие требуют подтверждения поставщиком"
"amdgroup","ТОО AMDgroup","https://amdgroup.kz/catalog/ruchki_dlya_zerkal_/ruchka_k_stomatologicheskim_zerkalam_25xsigrey/","ruchka_k_stomatologicheskim_zerkalam_25xsigrey","Ручка к стоматологическим зеркалам 25XSIGREY","","Стоматологические товары","piece","KZT","","","false","Публичная карточка каталога AMDgroup; цена и наличие требуют подтверждения поставщиком"
"amdgroup","ТОО AMDgroup","https://amdgroup.kz/catalog/konusovidnye/bory_almaznye_859l_018c_fg/","bory_almaznye_859l_018c_fg","Боры алмазные 859L-018C-FG","","Стоматологические товары","piece","KZT","","","false","Публичная карточка каталога AMDgroup; цена и наличие требуют подтверждения поставщиком"
"amdgroup","ТОО AMDgroup","https://amdgroup.kz/catalog/tsilindricheskie/bory_almaznye_836_010f_fg/","bory_almaznye_836_010f_fg","Боры алмазные 836-010F-FG","","Стоматологические товары","piece","KZT","","","false","Публичная карточка каталога AMDgroup; цена и наличие требуют подтверждения поставщиком"
"amdgroup","ТОО AMDgroup","https://amdgroup.kz/catalog/lyuksatory/elevator_lm_twistout_s3_814230/","elevator_lm_twistout_s3_814230","Элеватор LM-TWISTOUT S3 814230","","Стоматологические товары","piece","KZT","","","false","Публичная карточка каталога AMDgroup; цена и наличие требуют подтверждения поставщиком"
"amdgroup","ТОО AMDgroup","https://amdgroup.kz/catalog/plamevidnye/bory_almaznye_889_009c_fg/","bory_almaznye_889_009c_fg","Боры алмазные 889-009C-FG","","Стоматологические товары","piece","KZT","","","false","Публичная карточка каталога AMDgroup; цена и наличие требуют подтверждения поставщиком"
"amdgroup","ТОО AMDgroup","https://amdgroup.kz/catalog/lyuksatory/lyuksator_lm_twistout_c3_814430/","lyuksator_lm_twistout_c3_814430","Люксатор LM-TWISTOUT C3 814430","","Стоматологические товары","piece","KZT","","","false","Публичная карточка каталога AMDgroup; цена и наличие требуют подтверждения поставщиком"
"amdgroup","ТОО AMDgroup","https://amdgroup.kz/catalog/tsilindricheskie/bory_almaznye_835kr_008f_fg/","bory_almaznye_835kr_008f_fg","Боры алмазные 835KR-008F-FG","","Стоматологические товары","piece","KZT","","","false","Публичная карточка каталога AMDgroup; цена и наличие требуют подтверждения поставщиком"
"amdgroup","ТОО AMDgroup","https://amdgroup.kz/catalog/kolesovidnye/bory_almaznye_817_047c_fg/","bory_almaznye_817_047c_fg","Боры алмазные 817-047C-FG","","Стоматологические товары","piece","KZT","","","false","Публичная карточка каталога AMDgroup; цена и наличие требуют подтверждения поставщиком"
"amdgroup","ТОО AMDgroup","https://amdgroup.kz/catalog/obratnokonusnye/bory_almaznye_807_018m_fg/","bory_almaznye_807_018m_fg","Боры алмазные 807-018M-FG","","Стоматологические товары","piece","KZT","","","false","Публичная карточка каталога AMDgroup; цена и наличие требуют подтверждения поставщиком"
"amdgroup","ТОО AMDgroup","https://amdgroup.kz/catalog/sharovidnye/bory_almaznye_801_012_m_fg_sharovidnyy/","806 314 001 524 012","Боры алмазные 801-012 M-FG шаровидный","","Стоматологические товары","piece","KZT","","","false","Публичная карточка каталога AMDgroup; цена и наличие требуют подтверждения поставщиком"
"amdgroup","ТОО AMDgroup","https://amdgroup.kz/catalog/emalevye_nozhy/nozh_emaleyy_distalnyy_1_2_mm_/","nozh_emaleyy_distalnyy_1_2_mm_","Нож эмалеый-дистальный 1,2 мм","","Стоматологические товары","piece","KZT","","","false","Публичная карточка каталога AMDgroup; цена и наличие требуют подтверждения поставщиком"
"amdgroup","ТОО AMDgroup","https://amdgroup.kz/catalog/zondy_/endo_spreder_d_uplotneniya_materiala_24xsi/","endo_spreder_d_uplotneniya_materiala_24xsi","Эндо спредер д/уплотнения материала 24XSI","","Стоматологические товары","piece","KZT","","","false","Публичная карточка каталога AMDgroup; цена и наличие требуют подтверждения поставщиком"
"amdgroup","ТОО AMDgroup","https://amdgroup.kz/catalog/konusovidnye/bory_almaznye_847kr_016f_fg/","bory_almaznye_847kr_016f_fg","Боры алмазные 847KR-016F-FG","","Стоматологические товары","piece","KZT","","","false","Публичная карточка каталога AMDgroup; цена и наличие требуют подтверждения поставщиком"
"amdgroup","ТОО AMDgroup","https://amdgroup.kz/catalog/konusovidnye/bory_almaznye_850_016m_fg/","bory_almaznye_850_016m_fg","Боры алмазные 850-016M-FG","","Стоматологические товары","piece","KZT","","","false","Публичная карточка каталога AMDgroup; цена и наличие требуют подтверждения поставщиком"
"amdgroup","ТОО AMDgroup","https://amdgroup.kz/catalog/konusovidnye/bory_almaznye_845kr_025m_fg/","bory_almaznye_845kr_025m_fg","Боры алмазные 845KR-025M-FG","","Стоматологические товары","piece","KZT","","","false","Публичная карточка каталога AMDgroup; цена и наличие требуют подтверждения поставщиком"
"amdgroup","ТОО AMDgroup","https://amdgroup.kz/catalog/olivovidnye/bory_almaznye_379_018sf_fg/","bory_almaznye_379_018sf_fg","Боры алмазные 379-018SF-FG","","Стоматологические товары","piece","KZT","","","false","Публичная карточка каталога AMDgroup; цена и наличие требуют подтверждения поставщиком"
"amdgroup","ТОО AMDgroup","https://amdgroup.kz/catalog/konusovidnye/bory_almaznye_850_014sf_fg/","bory_almaznye_850_014sf_fg","Боры алмазные 850-014SF-FG","","Стоматологические товары","piece","KZT","","","false","Публичная карточка каталога AMDgroup; цена и наличие требуют подтверждения поставщиком"
"amdgroup","ТОО AMDgroup","https://amdgroup.kz/catalog/obratnokonusnye/bory_almaznye_808_018m_fg/","bory_almaznye_808_018m_fg","Боры алмазные 808-018M-FG","","Стоматологические товары","piece","KZT","","","false","Публичная карточка каталога AMDgroup; цена и наличие требуют подтверждения поставщиком"
"amdgroup","ТОО AMDgroup","https://amdgroup.kz/catalog/olivovidnye/bory_almaznye_379_029f_fg/","bory_almaznye_379_029f_fg","Боры алмазные 379-029F-FG","","Стоматологические товары","piece","KZT","","","false","Публичная карточка каталога AMDgroup; цена и наличие требуют подтверждения поставщиком"
"amdgroup","ТОО AMDgroup","https://amdgroup.kz/catalog/konusovidnye/bory_almaznye_857_014f_fg/","bory_almaznye_857_014f_fg","Боры алмазные 857-014F-FG","","Стоматологические товары","piece","KZT","","","false","Публичная карточка каталога AMDgroup; цена и наличие требуют подтверждения поставщиком"
"amdgroup","ТОО AMDgroup","https://amdgroup.kz/catalog/konusovidnye/bory_almaznye_855_014c_fg/","bory_almaznye_855_014c_fg","Боры алмазные 855-014C-FG","","Стоматологические товары","piece","KZT","","","false","Публичная карточка каталога AMDgroup; цена и наличие требуют подтверждения поставщиком"
"amdgroup","ТОО AMDgroup","https://amdgroup.kz/catalog/tsilindricheskie/bory_almaznye_835kr_010m_fg/","bory_almaznye_835kr_010m_fg","Боры алмазные 835KR-010M-FG","","Стоматологические товары","piece","KZT","","","false","Публичная карточка каталога AMDgroup; цена и наличие требуют подтверждения поставщиком"
"amdgroup","ТОО AMDgroup","https://amdgroup.kz/catalog/lyuksatory/elevator_lm_twistout_c5_814450/","elevator_lm_twistout_c5_814450","Элеватор LM-TWISTOUT C5 814450","","Стоматологические товары","piece","KZT","","","false","Публичная карточка каталога AMDgroup; цена и наличие требуют подтверждения поставщиком"
"amdgroup","ТОО AMDgroup","https://amdgroup.kz/catalog/konusovidnye/bory_almaznye_856_016sc_fg/","bory_almaznye_856_016sc_fg","Боры алмазные 856-016SC-FG","","Стоматологические товары","piece","KZT","","","false","Публичная карточка каталога AMDgroup; цена и наличие требуют подтверждения поставщиком"
"amdgroup","ТОО AMDgroup","https://amdgroup.kz/catalog/sharovidnye/bory_almaznye_801_014m_fgm/","bory_almaznye_801_014m_fgm","Боры алмазные 801-014M-FGM","","Стоматологические товары","piece","KZT","","","false","Публичная карточка каталога AMDgroup; цена и наличие требуют подтверждения поставщиком"
"amdgroup","ТОО AMDgroup","https://amdgroup.kz/catalog/butonovidnye/bory_almaznye_368_018sc_fg/","bory_almaznye_368_018sc_fg","Боры алмазные 368-018SC-FG","","Стоматологические товары","piece","KZT","","","false","Публичная карточка каталога AMDgroup; цена и наличие требуют подтверждения поставщиком"
"amdgroup","ТОО AMDgroup","https://amdgroup.kz/catalog/konusovidnye/bory_almaznye_858_016c_fg/","bory_almaznye_858_016c_fg","Боры алмазные 858-016C-FG","","Стоматологические товары","piece","KZT","","","false","Публичная карточка каталога AMDgroup; цена и наличие требуют подтверждения поставщиком"
"amdgroup","ТОО AMDgroup","https://amdgroup.kz/catalog/skeylery/skeyler_303_304em/","skeyler_303_304em","Скейлер 303-304EM","","Стоматологические товары","piece","KZT","","","false","Публичная карточка каталога AMDgroup; цена и наличие требуют подтверждения поставщиком"
"amdgroup","ТОО AMDgroup","https://amdgroup.kz/catalog/zondy_/zond_9_17cxsi/","zond_9_17cxsi","Зонд 9-17CXSI","","Стоматологические товары","piece","KZT","","","false","Публичная карточка каталога AMDgroup; цена и наличие требуют подтверждения поставщиком"
"amdgroup","ТОО AMDgroup","https://amdgroup.kz/catalog/konusovidnye/bory_almaznye_856_016c_fg/","bory_almaznye_856_016c_fg","Боры алмазные 856-016C-FG","","Стоматологические товары","piece","KZT","","","false","Публичная карточка каталога AMDgroup; цена и наличие требуют подтверждения поставщиком"
"amdgroup","ТОО AMDgroup","https://amdgroup.kz/catalog/kolesovidnye/bory_almaznye_817_047m_fg/","bory_almaznye_817_047m_fg","Боры алмазные 817-047M-FG","","Стоматологические товары","piece","KZT","","","false","Публичная карточка каталога AMDgroup; цена и наличие требуют подтверждения поставщиком"
"amdgroup","ТОО AMDgroup","https://amdgroup.kz/catalog/lyuksatory/lyuksator_lm_twistout_c4_814440/","lyuksator_lm_twistout_c4_814440","Люксатор LM-TWISTOUT C4 814440","","Стоматологические товары","piece","KZT","","","false","Публичная карточка каталога AMDgroup; цена и наличие требуют подтверждения поставщиком"
"amdgroup","ТОО AMDgroup","https://amdgroup.kz/catalog/grenadovidnye/bory_almaznye_390_016m_fg/","bory_almaznye_390_016m_fg","Боры алмазные 390-016M-FG","","Стоматологические товары","piece","KZT","","","false","Публичная карточка каталога AMDgroup; цена и наличие требуют подтверждения поставщиком"
"amdgroup","ТОО AMDgroup","https://amdgroup.kz/catalog/retraktory/derzhateli_dlya_nasadok_752_756xsi/","derzhateli_dlya_nasadok_752_756xsi","Держатели для насадок 752-756XSI","","Стоматологические товары","piece","KZT","","","false","Публичная карточка каталога AMDgroup; цена и наличие требуют подтверждения поставщиком"
"amdgroup","ТОО AMDgroup","https://amdgroup.kz/catalog/kyurety/kyureta_parodontologicheskaya_217_218xsi/","kyureta_parodontologicheskaya_217_218xsi","Кюрета пародонтологическая 217-218XSI","","Стоматологические товары","piece","KZT","","","false","Публичная карточка каталога AMDgroup; цена и наличие требуют подтверждения поставщиком"
"amdgroup","ТОО AMDgroup","https://amdgroup.kz/catalog/torpedovidnye/878k_012_m/","878k_012_m","878K - 012 M","","Стоматологические товары","piece","KZT","","","false","Публичная карточка каталога AMDgroup; цена и наличие требуют подтверждения поставщиком"
"amdgroup","ТОО AMDgroup","https://amdgroup.kz/catalog/sharovidnye/bory_almaznye_801_010m_fgxl/","bory_almaznye_801_010m_fgxl","Боры алмазные 801-010M-FGXL","","Стоматологические товары","piece","KZT","","","false","Публичная карточка каталога AMDgroup; цена и наличие требуют подтверждения поставщиком"
"amdgroup","ТОО AMDgroup","https://amdgroup.kz/catalog/tsilindricheskie/bory_almaznye_838_012m_fg/","bory_almaznye_838_012m_fg","Боры алмазные 838-012M-FG","","Стоматологические товары","piece","KZT","","","false","Публичная карточка каталога AMDgroup; цена и наличие требуют подтверждения поставщиком"
"amdgroup","ТОО AMDgroup","https://amdgroup.kz/catalog/konusovidnye/bory_almaznye_847_010sf_fg/","bory_almaznye_847_010sf_fg","Боры алмазные 847-010SF-FG","","Стоматологические товары","piece","KZT","","","false","Публичная карточка каталога AMDgroup; цена и наличие требуют подтверждения поставщиком"
"amdgroup","ТОО AMDgroup","https://amdgroup.kz/catalog/tsilindricheskie/bory_almaznye_835_009c_fg/","bory_almaznye_835_009c_fg","Боры алмазные 835-009C-FG","","Стоматологические товары","piece","KZT","","","false","Публичная карточка каталога AMDgroup; цена и наличие требуют подтверждения поставщиком"
"amdgroup","ТОО AMDgroup","https://amdgroup.kz/catalog/konusovidnye/bory_almaznye_856l_016c_fg/","bory_almaznye_856l_016c_fg","Боры алмазные 856L-016C-FG","","Стоматологические товары","piece","KZT","","","false","Публичная карточка каталога AMDgroup; цена и наличие требуют подтверждения поставщиком"
"amdgroup","ТОО AMDgroup","https://amdgroup.kz/catalog/restavratsiya/gladilka_shtopfer_43_47xsi/","gladilka_shtopfer_43_47xsi","Гладилка-штопфер 43-47XSI","","Стоматологические товары","piece","KZT","","","false","Публичная карточка каталога AMDgroup; цена и наличие требуют подтверждения поставщиком"
"amdgroup","ТОО AMDgroup","https://amdgroup.kz/catalog/restavratsiya/mikropaker_330_331xsi/","mikropaker_330_331xsi","Микропакер 330-331XSI","","Стоматологические товары","piece","KZT","","","false","Публичная карточка каталога AMDgroup; цена и наличие требуют подтверждения поставщиком"
"amdgroup","ТОО AMDgroup","https://amdgroup.kz/catalog/grushevidnye/bory_almaznye_830l_016c_fg/","bory_almaznye_830l_016c_fg","Боры алмазные 830L-016C-FG","","Стоматологические товары","piece","KZT","","","false","Публичная карточка каталога AMDgroup; цена и наличие требуют подтверждения поставщиком"
"amdgroup","ТОО AMDgroup","https://amdgroup.kz/catalog/retraktory/derzhateli_dlya_nasadok_7556kxsi/","derzhateli_dlya_nasadok_7556kxsi","Держатели для насадок 7556KXSI","","Стоматологические товары","piece","KZT","","","false","Публичная карточка каталога AMDgroup; цена и наличие требуют подтверждения поставщиком"
"amdgroup","ТОО AMDgroup","https://amdgroup.kz/catalog/nabory2/nabor_retraktorov_7506/","nabor_retraktorov_7506","Набор ретракторов 7506","","Стоматологические товары","piece","KZT","","","false","Публичная карточка каталога AMDgroup; цена и наличие требуют подтверждения поставщиком"
"amdgroup","ТОО AMDgroup","https://amdgroup.kz/catalog/kyurety/kyureta_parodontologicheskaya_225_226es/","kyureta_parodontologicheskaya_225_226es","Кюрета пародонтологическая 225-226ES","","Стоматологические товары","piece","KZT","","","false","Публичная карточка каталога AMDgroup; цена и наличие требуют подтверждения поставщиком"
"amdgroup","ТОО AMDgroup","https://amdgroup.kz/catalog/ortodontiya2/zagibatel_dlya_ligatur_414_415xsi/","zagibatel_dlya_ligatur_414_415xsi","Загибатель для лигатур 414-415XSI","","Стоматологические товары","piece","KZT","","","false","Публичная карточка каталога AMDgroup; цена и наличие требуют подтверждения поставщиком"
"amdgroup","ТОО AMDgroup","https://amdgroup.kz/catalog/tsilindricheskie/bory_almaznye_909_040m_fg/","bory_almaznye_909_040m_fg","Боры алмазные 909-040M-FG","","Стоматологические товары","piece","KZT","","","false","Публичная карточка каталога AMDgroup; цена и наличие требуют подтверждения поставщиком"
"amdgroup","ТОО AMDgroup","https://amdgroup.kz/catalog/khirurgicheskie_bory/frezy_khirurgicheskie_h141ax_027_hp/","frezy_khirurgicheskie_h141ax_027_hp","Фрезы хирургические H141AX-027-HP","","Стоматологические товары","piece","KZT","","","false","Публичная карточка каталога AMDgroup; цена и наличие требуют подтверждения поставщиком"
"amdgroup","ТОО AMDgroup","https://amdgroup.kz/catalog/konusovidnye/bory_almaznye_859l_014sf_fg/","bory_almaznye_859l_014sf_fg","Боры алмазные 859L-014SF-FG","","Стоматологические товары","piece","KZT","","","false","Публичная карточка каталога AMDgroup; цена и наличие требуют подтверждения поставщиком"
"amdgroup","ТОО AMDgroup","https://amdgroup.kz/catalog/skeylery/skeyler_313_314xsi/","skeyler_313_314xsi","Скейлер 313-314XSI","","Стоматологические товары","piece","KZT","","","false","Публичная карточка каталога AMDgroup; цена и наличие требуют подтверждения поставщиком"
"amdgroup","ТОО AMDgroup","https://amdgroup.kz/catalog/konusovidnye/bory_almaznye_859l_010sf_fg/","bory_almaznye_859l_010sf_fg","Боры алмазные 859L-010SF-FG","","Стоматологические товары","piece","KZT","","","false","Публичная карточка каталога AMDgroup; цена и наличие требуют подтверждения поставщиком"
"amdgroup","ТОО AMDgroup","https://amdgroup.kz/catalog/bory_po_tsirkonu/bory_almaznye_k879_014f_fg/","bory_almaznye_k879_014f_fg","Боры алмазные K879-014F-FG","","Стоматологические товары","piece","KZT","","","false","Публичная карточка каталога AMDgroup; цена и наличие требуют подтверждения поставщиком"
"amdgroup","ТОО AMDgroup","https://amdgroup.kz/catalog/zondy_/zond_izognutyy_paro_3_sht_2030_151_03e/","A-Н00000946","Зонд изогнутый Paro (3 шт) 2030-151-03E","","Стоматологические товары","piece","KZT","","","false","Публичная карточка каталога AMDgroup; цена и наличие требуют подтверждения поставщиком"
"amdgroup","ТОО AMDgroup","https://amdgroup.kz/catalog/shtripsy/strippery_5503d/","strippery_5503d","Стрипперы 5503D","","Стоматологические товары","piece","KZT","","","false","Публичная карточка каталога AMDgroup; цена и наличие требуют подтверждения поставщиком"
"amdgroup","ТОО AMDgroup","https://amdgroup.kz/catalog/konusovidnye/bory_almaznye_859_018m_fg/","bory_almaznye_859_018m_fg","Боры алмазные 859-018M-FG","","Стоматологические товары","piece","KZT","","","false","Публичная карточка каталога AMDgroup; цена и наличие требуют подтверждения поставщиком"
"amdgroup","ТОО AMDgroup","https://amdgroup.kz/catalog/restavratsiya/gladilka_serpovidnaya_483_703xsi/","gladilka_serpovidnaya_483_703xsi","Гладилка серповидная 483-703XSI","","Стоматологические товары","piece","KZT","","","false","Публичная карточка каталога AMDgroup; цена и наличие требуют подтверждения поставщиком"
"amdgroup","ТОО AMDgroup","https://amdgroup.kz/catalog/restavratsiya/derzhatel_d_nasadok_750_756xsi/","derzhatel_d_nasadok_750_756xsi","Держатель д/насадок 750-756XSI","","Стоматологические товары","piece","KZT","","","false","Публичная карточка каталога AMDgroup; цена и наличие требуют подтверждения поставщиком"
"amdgroup","ТОО AMDgroup","https://amdgroup.kz/catalog/kyurety/kyureta_greysi_11_12_mini_sd_211_212msdes/","kyureta_greysi_11_12_mini_sd_211_212msdes","Кюрета Грейси 11/12 MINI SD 211-212MSDES","","Стоматологические товары","piece","KZT","","","false","Публичная карточка каталога AMDgroup; цена и наличие требуют подтверждения поставщиком"
"amdgroup","ТОО AMDgroup","https://amdgroup.kz/catalog/grushevidnye/bory_almaznye_830l_016m_fg_2_/","806 314 239 524 016","Боры алмазные 830L-016M-FG (-2-)","","Стоматологические товары","piece","KZT","","","false","Публичная карточка каталога AMDgroup; цена и наличие требуют подтверждения поставщиком"
"amdgroup","ТОО AMDgroup","https://amdgroup.kz/catalog/konusovidnye/bory_almaznye_858_012f_fg/","bory_almaznye_858_012f_fg","Боры алмазные 858-012F-FG","","Стоматологические товары","piece","KZT","","","false","Публичная карточка каталога AMDgroup; цена и наличие требуют подтверждения поставщиком"
"amdgroup","ТОО AMDgroup","https://amdgroup.kz/catalog/konusovidnye/bory_almaznye_850l_014m_fg/","bory_almaznye_850l_014m_fg","Боры алмазные 850L-014M-FG","","Стоматологические товары","piece","KZT","","","false","Публичная карточка каталога AMDgroup; цена и наличие требуют подтверждения поставщиком"
"amdgroup","ТОО AMDgroup","https://amdgroup.kz/catalog/konusovidnye/bory_almaznye_848l_012m_fg/","806 314 174 524 012","Боры алмазные 848L-012M-FG","","Стоматологические товары","piece","KZT","","","false","Публичная карточка каталога AMDgroup; цена и наличие требуют подтверждения поставщиком"
"amdgroup","ТОО AMDgroup","https://amdgroup.kz/catalog/obratnokonusnye/bory_almaznye_802_012c_fg/","bory_almaznye_802_012c_fg","Боры алмазные 802-012C-FG","","Стоматологические товары","piece","KZT","","","false","Публичная карточка каталога AMDgroup; цена и наличие требуют подтверждения поставщиком"
"amdgroup","ТОО AMDgroup","https://amdgroup.kz/catalog/konusovidnye/bory_almaznye_850_016c_fg/","bory_almaznye_850_016c_fg","Боры алмазные 850-016C-FG","","Стоматологические товары","piece","KZT","","","false","Публичная карточка каталога AMDgroup; цена и наличие требуют подтверждения поставщиком"
"amdgroup","ТОО AMDgroup","https://amdgroup.kz/catalog/olivovidnye/bory_almaznye_379_012c_fg/","bory_almaznye_379_012c_fg","Боры алмазные 379-012C-FG","","Стоматологические товары","piece","KZT","","","false","Публичная карточка каталога AMDgroup; цена и наличие требуют подтверждения поставщиком"
"amdgroup","ТОО AMDgroup","https://amdgroup.kz/catalog/poroshki_air_flow/poroshok_air_flow_300g_so_vkusom_lemon_/","исперсные частицы &#40;~40 мкм&#41;","Порошок Air Flow 300г со вкусом lemon","","Стоматологические товары","piece","KZT","","","false","Публичная карточка каталога AMDgroup; цена и наличие требуют подтверждения поставщиком"
"amdgroup","ТОО AMDgroup","https://amdgroup.kz/catalog/uglovye_/nakonechnik_uglovoy_we_99_led_g_1_4_5_povysh_10259900/","nakonechnik_uglovoy_we_99_led_g_1_4_5_povysh_10259900","Наконечник угловой WE-99 LED G (1:4,5 повыш) 10259900","","Стоматологические товары","piece","KZT","","","false","Публичная карточка каталога AMDgroup; цена и наличие требуют подтверждения поставщиком"
"amdgroup","ТОО AMDgroup","https://amdgroup.kz/catalog/uglovye_/nakonechnik_uglovoy_v_komplekte_4h_par_4hx_o_2540_300/","nakonechnik_uglovoy_v_komplekte_4h_par_4hx_o_2540_300","Наконечник угловой в комплекте 4H PAR 4HX-O 2540-300","","Стоматологические товары","piece","KZT","","","false","Публичная карточка каталога AMDgroup; цена и наличие требуют подтверждения поставщиком"
"amdgroup","ТОО AMDgroup","https://amdgroup.kz/catalog/turbinnye/nakonechnik_turbinnyy_tg_98_lrm_synea_30198000/","nakonechnik_turbinnyy_tg_98_lrm_synea_30198000","Наконечник турбинный TG 98 LRM SYNEA 30198000","","Стоматологические товары","piece","KZT","","","false","Публичная карточка каталога AMDgroup; цена и наличие требуют подтверждения поставщиком"
"amdgroup","ТОО AMDgroup","https://amdgroup.kz/catalog/turbinnye/nakonechnik_turbinnyy_s_fibrooptikoy_twinpower/","nakonechnik_turbinnyy_s_fibrooptikoy_twinpower","Наконечник турбинный с фиброоптикой TWINPOWER","","Стоматологические товары","piece","KZT","","","false","Публичная карточка каталога AMDgroup; цена и наличие требуют подтверждения поставщиком"
"amdgroup","ТОО AMDgroup","https://amdgroup.kz/catalog/bystrosemnoe_soedinenie_/adapter_d_sistemy_quick_rm_assistina_twin_06395100/","adapter_d_sistemy_quick_rm_assistina_twin_06395100","Адаптер д/системы Quick Rm Assistina Twin 06395100","","Стоматологические товары","piece","KZT","","","false","Публичная карточка каталога AMDgroup; цена и наличие требуют подтверждения поставщиком"
"amdgroup","ТОО AMDgroup","https://amdgroup.kz/catalog/khirurgicheskie_/nakonechnik_pryamoy_s_9_lg_1_1/","nakonechnik_pryamoy_s_9_lg_1_1","Наконечник прямой S-9 LG, 1:1","","Стоматологические товары","piece","KZT","","","false","Публичная карточка каталога AMDgroup; цена и наличие требуют подтверждения поставщиком"
"amdgroup","ТОО AMDgroup","https://amdgroup.kz/catalog/turbinnye/nakonechnik_turbinnyy_s_knop_zazhimom_4_kh_kanal_rc_95_rm/","nakonechnik_turbinnyy_s_knop_zazhimom_4_kh_kanal_rc_95_rm","Наконечник турбинный с кноп. зажимом 4-х канал.RC-95 RM","","Стоматологические товары","piece","KZT","","","false","Публичная карточка каталога AMDgroup; цена и наличие требуют подтверждения поставщиком"
"amdgroup","ТОО AMDgroup","https://amdgroup.kz/catalog/maslo_dlya_smazki_nakonechnikov_/maslo_servisnoe_f1_md_400/","maslo_servisnoe_f1_md_400","Масло сервисное F1, MD-400","","Стоматологические товары","piece","KZT","","","false","Публичная карточка каталога AMDgroup; цена и наличие требуют подтверждения поставщиком"
"amdgroup","ТОО AMDgroup","https://amdgroup.kz/catalog/khirurgicheskie_/nakonechnik_uglovoy_wi_75_e_km_10207550/","nakonechnik_uglovoy_wi_75_e_km_10207550","Наконечник угловой WI-75 Е/КМ 10207550","","Стоматологические товары","piece","KZT","","","false","Публичная карточка каталога AMDgroup; цена и наличие требуют подтверждения поставщиком"
"amdgroup","ТОО AMDgroup","https://amdgroup.kz/catalog/bystrosemnoe_soedinenie_/rotokvik_dlya_nakonechnika_rq_24_924_10402400/","rotokvik_dlya_nakonechnika_rq_24_924_10402400","Ротоквик для наконечника RQ-24 (924) 10402400","","Стоматологические товары","piece","KZT","","","false","Публичная карточка каталога AMDgroup; цена и наличие требуют подтверждения поставщиком"
"amdgroup","ТОО AMDgroup","https://amdgroup.kz/catalog/turbinnye/nakonechnik_turbinnyy_s_fibrooptikoy_twinpower_/","nakonechnik_turbinnyy_s_fibrooptikoy_twinpower_","Наконечник турбинный с фиброоптикой TWINPOWER","","Стоматологические товары","piece","KZT","","","false","Публичная карточка каталога AMDgroup; цена и наличие требуют подтверждения поставщиком"
"amdgroup","ТОО AMDgroup","https://amdgroup.kz/catalog/bystrosemnoe_soedinenie_/adapter_d_sistemy_roto_quick_assistina_twin_02690400/","adapter_d_sistemy_roto_quick_assistina_twin_02690400","Адаптер д/системы Roto Quick Assistina Twin 02690400","","Стоматологические товары","piece","KZT","","","false","Публичная карточка каталога AMDgroup; цена и наличие требуют подтверждения поставщиком"
"amdgroup","ТОО AMDgroup","https://amdgroup.kz/catalog/turbinnye/nakonechnik_turb_twinpower_par_4hx_0_clean_torge_2530/","nakonechnik_turb_twinpower_par_4hx_0_clean_torge_2530","Наконечник турб.TwinPower PAR-4HX-0 Clean&Torge 2530","","Стоматологические товары","piece","KZT","","","false","Публичная карточка каталога AMDgroup; цена и наличие требуют подтверждения поставщиком"
"amdgroup","ТОО AMDgroup","https://amdgroup.kz/catalog/khirurgicheskie_/nakonechnik_uglovoy_khir_razb_ws_75_led_g_30032000_/","nakonechnik_uglovoy_khir_razb_ws_75_led_g_30032000_","Наконечник угловой хир.разб.WS-75 Led G 30032000","","Стоматологические товары","piece","KZT","","","false","Публичная карточка каталога AMDgroup; цена и наличие требуют подтверждения поставщиком"
"amdgroup","ТОО AMDgroup","https://amdgroup.kz/catalog/turbinnye/nakonechnik_turbinnyy_synea_fusion_tg_98_l_/","nakonechnik_turbinnyy_synea_fusion_tg_98_l_","Наконечник турбинный Synea Fusion TG-98 L","","Стоматологические товары","piece","KZT","","","false","Публичная карточка каталога AMDgroup; цена и наличие требуют подтверждения поставщиком"
"amdgroup","ТОО AMDgroup","https://amdgroup.kz/catalog/turbinnye/nakonechnik_turbinnyy_synea_fusion_tg_97l_30004000/","nakonechnik_turbinnyy_synea_fusion_tg_97l_30004000","Наконечник турбинный Synea fusion TG-97L 30004000","","Стоматологические товары","piece","KZT","","","false","Публичная карточка каталога AMDgroup; цена и наличие требуют подтверждения поставщиком"
"amdgroup","ТОО AMDgroup","https://amdgroup.kz/catalog/bystrosemnoe_soedinenie_/rotokvik_rq_54_dlya_nakonechnika_te_97_lq_10405400/","rotokvik_rq_54_dlya_nakonechnika_te_97_lq_10405400","Ротоквик RQ-54 для наконечника TE-97 LQ 10405400","","Стоматологические товары","piece","KZT","","","false","Публичная карточка каталога AMDgroup; цена и наличие требуют подтверждения поставщиком"
"amdgroup","ТОО AMDgroup","https://amdgroup.kz/catalog/turbinnye/nakonechniki_turbinnye_par_4hex_o_45_clean_torqe/","nakonechniki_turbinnye_par_4hex_o_45_clean_torqe","Наконечники турбинные PAR-4HEX-O-45 CLEAN&TORQE","","Стоматологические товары","piece","KZT","","","false","Публичная карточка каталога AMDgroup; цена и наличие требуют подтверждения поставщиком"
"amdgroup","ТОО AMDgroup","https://amdgroup.kz/catalog/bystrosemnoe_soedinenie_/nosiki_d_nakonechnika_40sht/","nosiki_d_nakonechnika_40sht","Носики д/наконечника (40шт)","","Стоматологические товары","piece","KZT","","","false","Публичная карточка каталога AMDgroup; цена и наличие требуют подтверждения поставщиком"
"amdgroup","ТОО AMDgroup","https://amdgroup.kz/catalog/komplektuyushchie/silicon_size_3_koltsa_d_3_dlya_kompressora_tornado/","silicon_size_3_koltsa_d_3_dlya_kompressora_tornado","Silicon Size 3 кольца D-3,для компрессора TORNADO","","Стоматологические товары","piece","KZT","","","false","Публичная карточка каталога AMDgroup; цена и наличие требуют подтверждения поставщиком"
"amdgroup","ТОО AMDgroup","https://amdgroup.kz/catalog/komplektuyushchie/silicon_size_6_koltsa_d_6_dlya_kompressora_tornado/","silicon_size_6_koltsa_d_6_dlya_kompressora_tornado","Silicon Size 6 кольца D-6 ,для компрессора TORNADO","","Стоматологические товары","piece","KZT","","","false","Публичная карточка каталога AMDgroup; цена и наличие требуют подтверждения поставщиком"
"amdgroup","ТОО AMDgroup","https://amdgroup.kz/catalog/rentgen_apparaty_/intraoralnaya_rentgenovskaya_sistema_veraview_ix_type_r/","intraoralnaya_rentgenovskaya_sistema_veraview_ix_type_r","Интраоральная рентгеновская система Veraview iX Type R","","Стоматологические товары","piece","KZT","","","false","Публичная карточка каталога AMDgroup; цена и наличие требуют подтверждения поставщиком"
"amdgroup","ТОО AMDgroup","https://amdgroup.kz/catalog/oborudovanie_dlya_professionalnoy_gigieny_/air_flow_so_skalerom_pt_a/","air_flow_so_skalerom_pt_a","Air flow со скалером PT-A","","Стоматологические товары","piece","KZT","","","false","Публичная карточка каталога AMDgroup; цена и наличие требуют подтверждения поставщиком"
"amdgroup","ТОО AMDgroup","https://amdgroup.kz/catalog/oborudovanie_dlya_professionalnoy_gigieny_/nabor_airflowmax_fs_476/","nabor_airflowmax_fs_476","Набор AIRFLOWMAX FS-476","","Стоматологические товары","piece","KZT","","","false","Публичная карточка каталога AMDgroup; цена и наличие требуют подтверждения поставщиком"
"amdgroup","ТОО AMDgroup","https://amdgroup.kz/catalog/nasadki_dlya_pezo_apparata/nasadka_okruglaya_d_formir_kostnogo_okna_s2_05534700/","nasadka_okruglaya_d_formir_kostnogo_okna_s2_05534700","Насадка округлая д/формир.костного окна S2 05534700","","Стоматологические товары","piece","KZT","","","false","Публичная карточка каталога AMDgroup; цена и наличие требуют подтверждения поставщиком"
"amdgroup","ТОО AMDgroup","https://amdgroup.kz/catalog/nasadki_dlya_air_flow/nakonechnik_air_flow_handy_2_120_anthracite_/","nakonechnik_air_flow_handy_2_120_anthracite_","Наконечник Air Flow Handy 2+ 120° Anthracite","","Стоматологические товары","piece","KZT","","","false","Публичная карточка каталога AMDgroup; цена и наличие требуют подтверждения поставщиком"
"amdgroup","ТОО AMDgroup","https://amdgroup.kz/catalog/nasadki_dlya_pezo_apparata/instrument_v7/","instrument_v7","Инструмент В7","","Стоматологические товары","piece","KZT","","","false","Публичная карточка каталога AMDgroup; цена и наличие требуют подтверждения поставщиком"
"amdgroup","ТОО AMDgroup","https://amdgroup.kz/catalog/nasadki_dlya_air_flow/nakonechnik_air_flow_handy_2_revision_kit_eq_140/","nakonechnik_air_flow_handy_2_revision_kit_eq_140","Наконечник Air Flow Handy 2+Revision Kit EQ-140","","Стоматологические товары","piece","KZT","","","false","Публичная карточка каталога AMDgroup; цена и наличие требуют подтверждения поставщиком"
"amdgroup","ТОО AMDgroup","https://amdgroup.kz/catalog/avtoklavy_/apparat_dlya_termoskleivaniya_paketov_seal/","ержателем, подходящим для рулонов различной ширины.","Аппарат для термосклеивания пакетов Seal","","Стоматологические товары","piece","KZT","","","false","Публичная карточка каталога AMDgroup; цена и наличие требуют подтверждения поставщиком"
"amdgroup","ТОО AMDgroup","https://amdgroup.kz/catalog/nasadki_dlya_pezo_apparata/nasadka_pilka_dlya_kosti_b2l_05544400/","nasadka_pilka_dlya_kosti_b2l_05544400","Насадка-пилка для кости B2L 05544400","","Стоматологические товары","piece","KZT","","","false","Публичная карточка каталога AMDgroup; цена и наличие требуют подтверждения поставщиком"
"amdgroup","ТОО AMDgroup","https://amdgroup.kz/catalog/nasadki_dlya_air_flow/nakonechnik_air_flow_handy_2_120_orange_/","nakonechnik_air_flow_handy_2_120_orange_","Наконечник Air Flow Handy 2+ 120° Orange","","Стоматологические товары","piece","KZT","","","false","Публичная карточка каталога AMDgroup; цена и наличие требуют подтверждения поставщиком"
"amdgroup","ТОО AMDgroup","https://amdgroup.kz/catalog/nasadki_dlya_apparata_vektor/nabor_instrumentov_recall_implant_iz_3_sht_2031_460_00/","nabor_instrumentov_recall_implant_iz_3_sht_2031_460_00","Набор инструментов Recall Implant из 3 шт 2031-460-00","","Стоматологические товары","piece","KZT","","","false","Публичная карточка каталога AMDgroup; цена и наличие требуют подтверждения поставщиком"
"amdgroup","ТОО AMDgroup","https://amdgroup.kz/catalog/nasadki_dlya_pezo_apparata/nasadka_d_kosti_b1_05530100/","nasadka_d_kosti_b1_05530100","Насадка д/кости B1 05530100","","Стоматологические товары","piece","KZT","","","false","Публичная карточка каталога AMDgroup; цена и наличие требуют подтверждения поставщиком"
"amdgroup","ТОО AMDgroup","https://amdgroup.kz/catalog/nasadki_dlya_pezo_apparata/nasadka_pilka_dlya_kosti_b2r_06958600/","nasadka_pilka_dlya_kosti_b2r_06958600","Насадка-пилка для кости B2R 06958600","","Стоматологические товары","piece","KZT","","","false","Публичная карточка каталога AMDgroup; цена и наличие требуют подтверждения поставщиком"
"amdgroup","ТОО AMDgroup","https://amdgroup.kz/catalog/nasadki_dlya_skeylera/nakonechnik_skeyler_2032_200_00/","nakonechnik_skeyler_2032_200_00","Наконечник скейлер 2032-200-00","","Стоматологические товары","piece","KZT","","","false","Публичная карточка каталога AMDgroup; цена и наличие требуют подтверждения поставщиком"
"amdgroup","ТОО AMDgroup","https://amdgroup.kz/catalog/avtoklavy_/uplotnenie_k_dveri_dlya_sterilizatora_lina_f460504x/","uplotnenie_k_dveri_dlya_sterilizatora_lina_f460504x","Уплотнение к двери для стерилизатора LINA F460504X","","Стоматологические товары","piece","KZT","","","false","Публичная карточка каталога AMDgroup; цена и наличие требуют подтверждения поставщиком"
"amdgroup","ТОО AMDgroup","https://amdgroup.kz/catalog/nasadki_dlya_apparata_vektor/nasadka_periimplant_soft_3_sht_2031_474_01e/","nasadka_periimplant_soft_3_sht_2031_474_01e","Насадка Periimplant Soft -3 шт 2031-474-01E","","Стоматологические товары","piece","KZT","","","false","Публичная карточка каталога AMDgroup; цена и наличие требуют подтверждения поставщиком"
"amdgroup","ТОО AMDgroup","https://amdgroup.kz/catalog/avtoklavy_/ultrozvukovaya_vanna_hygosonic_6035_50/","ultrozvukovaya_vanna_hygosonic_6035_50","Ультрозвуковая ванна HYGOSONIC 6035-50","","Стоматологические товары","piece","KZT","","","false","Публичная карточка каталога AMDgroup; цена и наличие требуют подтверждения поставщиком"
"amdgroup","ТОО AMDgroup","https://amdgroup.kz/catalog/avtoklavy_/filtr_pylevoy_dlya_sterilizatora_lina_f364502x/","filtr_pylevoy_dlya_sterilizatora_lina_f364502x","Фильтр пылевой для стерилизатора LINA F364502X","","Стоматологические товары","piece","KZT","","","false","Публичная карточка каталога AMDgroup; цена и наличие требуют подтверждения поставщиком"
"amdgroup","ТОО AMDgroup","https://amdgroup.kz/catalog/nasadki_dlya_pezo_apparata/instrument_b3/","instrument_b3","Инструмент B3","","Стоматологические товары","piece","KZT","","","false","Публичная карточка каталога AMDgroup; цена и наличие требуют подтверждения поставщиком"
"amdgroup","ТОО AMDgroup","https://amdgroup.kz/catalog/nasadki_dlya_apparata_vektor/nasadka_periimplant_hard_3_sht_2031_473_01e/","nasadka_periimplant_hard_3_sht_2031_473_01e","Насадка Periimplant Hard -3 шт 2031-473-01E","","Стоматологические товары","piece","KZT","","","false","Публичная карточка каталога AMDgroup; цена и наличие требуют подтверждения поставщиком"
"amdgroup","ТОО AMDgroup","https://amdgroup.kz/catalog/avtoklavy_/filtr_pylevoy_f364511kh/","filtr_pylevoy_f364511kh","Фильтр пылевой F364511Х","","Стоматологические товары","piece","KZT","","","false","Публичная карточка каталога AMDgroup; цена и наличие требуют подтверждения поставщиком"
"amdgroup","ТОО AMDgroup","https://amdgroup.kz/catalog/fiziodispenser/apparat_ultrazvuk_khirurgicheskiy_sa_320_piezomed/","apparat_ultrazvuk_khirurgicheskiy_sa_320_piezomed","Аппарат ультразвук. хирургический SA-320 Piezomed","","Стоматологические товары","piece","KZT","","","false","Публичная карточка каталога AMDgroup; цена и наличие требуют подтверждения поставщиком"
"amdgroup","ТОО AMDgroup","https://amdgroup.kz/catalog/nasadki_dlya_apparata_vektor/nakonechnik_vector_paro_2031_700_00/","nakonechnik_vector_paro_2031_700_00","Наконечник Vector Paro 2031-700-00","","Стоматологические товары","piece","KZT","","","false","Публичная карточка каталога AMDgroup; цена и наличие требуют подтверждения поставщиком"
"amdgroup","ТОО AMDgroup","https://amdgroup.kz/catalog/nasadki_dlya_air_flow/nakonechnik_air_flow_handy_2_120_blue_/","nakonechnik_air_flow_handy_2_120_blue_","Наконечник Air Flow Handy 2+ 120° Blue","","Стоматологические товары","piece","KZT","","","false","Публичная карточка каталога AMDgroup; цена и наличие требуют подтверждения поставщиком"
"amdgroup","ТОО AMDgroup","https://amdgroup.kz/catalog/materialy_dlya_zubotekhnicheskoy_laboratorii/begosol_ne_1l/","begosol_ne_1l","Бегосол НЕ 1L","","Стоматологические товары","piece","KZT","","","false","Публичная карточка каталога AMDgroup; цена и наличие требуют подтверждения поставщиком"
"amdgroup","ТОО AMDgroup","https://amdgroup.kz/catalog/lumex/lumex_ac_opaque_dentine_0m3_12_g_massa_d_bezmetal_keramiki/","lumex_ac_opaque_dentine_0m3_12_g_massa_d_bezmetal_keramiki","LUMEX AC Opaque dentine 0M3, 12 g масса д/безметал.керамики","","Стоматологические товары","piece","KZT","","","false","Публичная карточка каталога AMDgroup; цена и наличие требуют подтверждения поставщиком"
"amdgroup","ТОО AMDgroup","https://amdgroup.kz/catalog/lumex/lumex_ac_opaque_dentine_a2_50_g_massa_d_bezmetal_keramiki/","lumex_ac_opaque_dentine_a2_50_g_massa_d_bezmetal_keramiki","LUMEX AC Opaque dentine A2, 50 g масса д/безметал.керамики","","Стоматологические товары","piece","KZT","","","false","Публичная карточка каталога AMDgroup; цена и наличие требуют подтверждения поставщиком"
"amdgroup","ТОО AMDgroup","https://amdgroup.kz/catalog/ambria/ambria_tabletki_d_press_keram_a1_ht_l_3_pcs/","ambria_tabletki_d_press_keram_a1_ht_l_3_pcs","AMBRIA Таблетки д/пресс керам. A1-HT L 3 pcs","","Стоматологические товары","piece","KZT","","","false","Публичная карточка каталога AMDgroup; цена и наличие требуют подтверждения поставщиком"
"amdgroup","ТОО AMDgroup","https://amdgroup.kz/catalog/lumex/lumex_ac_opaque_dentine_b1_12_g_massa_d_bezmetal_keramiki/","lumex_ac_opaque_dentine_b1_12_g_massa_d_bezmetal_keramiki","LUMEX AC Opaque dentine B1 12 g масса д/безметал.керамики","","Стоматологические товары","piece","KZT","","","false","Публичная карточка каталога AMDgroup; цена и наличие требуют подтверждения поставщиком"
"amdgroup","ТОО AMDgroup","https://amdgroup.kz/catalog/lumex/lumex_ac_dentine_a3_5_12_g_massa_d_bezmetal_keramiki/","lumex_ac_dentine_a3_5_12_g_massa_d_bezmetal_keramiki","LUMEX AC Dentine A3,5, 12 g масса д/безметал.керамики","","Стоматологические товары","piece","KZT","","","false","Публичная карточка каталога AMDgroup; цена и наличие требуют подтверждения поставщиком"
"amdgroup","ТОО AMDgroup","https://amdgroup.kz/catalog/lumex/lumex_ac_zhidk_mod_50_ml/","lumex_ac_zhidk_mod_50_ml","LUMEX AC Жидк.мод. 50 ml","","Стоматологические товары","piece","KZT","","","false","Публичная карточка каталога AMDgroup; цена и наличие требуют подтверждения поставщиком"
"amdgroup","ТОО AMDgroup","https://amdgroup.kz/catalog/lumex/lumex_ac_opaque_opaque_0_12_g_massa_d_bezmetal_keramiki/","lumex_ac_opaque_opaque_0_12_g_massa_d_bezmetal_keramiki","LUMEX AC Opaque/Opaque-0 12 g масса д/безметал.керамики","","Стоматологические товары","piece","KZT","","","false","Публичная карточка каталога AMDgroup; цена и наличие требуют подтверждения поставщиком"
"amdgroup","ТОО AMDgroup","https://amdgroup.kz/catalog/lumex/limex_ac_translucent_12_g_d_oblitsovki_keram_karkasnykh_materialov/","limex_ac_translucent_12_g_d_oblitsovki_keram_karkasnykh_materialov","LIMEX AC Translucent 12 g д/облицовки керам.каркасных материалов","","Стоматологические товары","piece","KZT","","","false","Публичная карточка каталога AMDgroup; цена и наличие требуют подтверждения поставщиком"
"amdgroup","ТОО AMDgroup","https://amdgroup.kz/catalog/lumex/lumex_ac_dentine_2m2_12_g_massa_d_bezmetal_keramiki/","lumex_ac_dentine_2m2_12_g_massa_d_bezmetal_keramiki","LUMEX AC Dentine 2M2,12 g масса д/безметал.керамики","","Стоматологические товары","piece","KZT","","","false","Публичная карточка каталога AMDgroup; цена и наличие требуют подтверждения поставщиком"
"amdgroup","ТОО AMDgroup","https://amdgroup.kz/catalog/lumex/lumex_ac_opaque_dentine_0m1_12_g_massa_d_bezmetal_keramiki/","lumex_ac_opaque_dentine_0m1_12_g_massa_d_bezmetal_keramiki","LUMEX AC Opaque dentine 0M1,12 g масса д/безметал.керамики","","Стоматологические товары","piece","KZT","","","false","Публичная карточка каталога AMDgroup; цена и наличие требуют подтверждения поставщиком"
"amdgroup","ТОО AMDgroup","https://amdgroup.kz/catalog/lumex/lumex_ac_enamel_light_12_g_massa_d_bezmetal_keramiki/","lumex_ac_enamel_light_12_g_massa_d_bezmetal_keramiki","LUMEX AC Enamel light 12 g масса д/безметал.керамики","","Стоматологические товары","piece","KZT","","","false","Публичная карточка каталога AMDgroup; цена и наличие требуют подтверждения поставщиком"
"amdgroup","ТОО AMDgroup","https://amdgroup.kz/catalog/lumex/lumex_ac_dentine_2m2_50_g_massa_d_bezmetal_keramiki/","lumex_ac_dentine_2m2_50_g_massa_d_bezmetal_keramiki","LUMEX AC Dentine 2M2,50 g масса д/безметал.керамики","","Стоматологические товары","piece","KZT","","","false","Публичная карточка каталога AMDgroup; цена и наличие требуют подтверждения поставщиком"
"amdgroup","ТОО AMDgroup","https://amdgroup.kz/catalog/lumex/lumex_ac_dentine_0m1_12_g_massa_d_bezmetal_keramiki/","lumex_ac_dentine_0m1_12_g_massa_d_bezmetal_keramiki","LUMEX AC Dentine 0M1,12 g масса д/безметал.керамики","","Стоматологические товары","piece","KZT","","","false","Публичная карточка каталога AMDgroup; цена и наличие требуют подтверждения поставщиком"
"amdgroup","ТОО AMDgroup","https://amdgroup.kz/catalog/lumex/lumex_ac_opaque_dentine_a3_5_12_g_massa_d_bezmetal_keramiki/","lumex_ac_opaque_dentine_a3_5_12_g_massa_d_bezmetal_keramiki","LUMEX AC Opaque dentine A3,5 12 g масса д/безметал.керамики","","Стоматологические товары","piece","KZT","","","false","Публичная карточка каталога AMDgroup; цена и наличие требуют подтверждения поставщиком"
"amdgroup","ТОО AMDgroup","https://amdgroup.kz/catalog/lumex/limex_ac_mamelon_saffron_12_g_d_oblitsovki_keram_karkasnykh_materialov/","limex_ac_mamelon_saffron_12_g_d_oblitsovki_keram_karkasnykh_materialov","LIMEX AC Mamelon Saffron 12 g д/облицовки керам.каркасных материалов","","Стоматологические товары","piece","KZT","","","false","Публичная карточка каталога AMDgroup; цена и наличие требуют подтверждения поставщиком"
"amdgroup","ТОО AMDgroup","https://amdgroup.kz/catalog/ambria/ambria_plunger_d_press_keram_d13mm_/","ambria_plunger_d_press_keram_d13mm_","AMBRIA Plunger д/пресс керам. D13mm","","Стоматологические товары","piece","KZT","","","false","Публичная карточка каталога AMDgroup; цена и наличие требуют подтверждения поставщиком"
"amdgroup","ТОО AMDgroup","https://amdgroup.kz/catalog/lumex/lumex_ac_zhidk_mod_250_ml/","lumex_ac_zhidk_mod_250_ml","LUMEX AC Жидк.мод. 250 ml","","Стоматологические товары","piece","KZT","","","false","Публичная карточка каталога AMDgroup; цена и наличие требуют подтверждения поставщиком"
"amdgroup","ТОО AMDgroup","https://amdgroup.kz/catalog/lumex/lumex_ac_opaque_opaque_2_12_g_massa_d_bezmetal_keramiki/","lumex_ac_opaque_opaque_2_12_g_massa_d_bezmetal_keramiki","LUMEX AC Opaque/Opaque-2 12 g масса д/безметал.керамики","","Стоматологические товары","piece","KZT","","","false","Публичная карточка каталога AMDgroup; цена и наличие требуют подтверждения поставщиком"
"amdgroup","ТОО AMDgroup","https://amdgroup.kz/catalog/lumex/limex_ac_pearl_shell_12_g_d_oblitsovki_keram_karkasnykh_materialov/","limex_ac_pearl_shell_12_g_d_oblitsovki_keram_karkasnykh_materialov","LIMEX AC Pearl SHELL, 12 g д/облицовки керам.каркасных материалов","","Стоматологические товары","piece","KZT","","","false","Публичная карточка каталога AMDgroup; цена и наличие требуют подтверждения поставщиком"
"amdgroup","ТОО AMDgroup","https://amdgroup.kz/catalog/lumex/lumex_ac_dentine_a2_12_g_massa_d_bezmetal_keramiki/","lumex_ac_dentine_a2_12_g_massa_d_bezmetal_keramiki","LUMEX AC Dentine A2 12 g масса д/безметал.керамики","","Стоматологические товары","piece","KZT","","","false","Публичная карточка каталога AMDgroup; цена и наличие требуют подтверждения поставщиком"
"amdgroup","ТОО AMDgroup","https://amdgroup.kz/catalog/ambria/ambria_tabletki_d_press_keram_a2_ht_s_5_pcs/","ambria_tabletki_d_press_keram_a2_ht_s_5_pcs","AMBRIA Таблетки д/пресс керам. A2-HT S 5 PCS.","","Стоматологические товары","piece","KZT","","","false","Публичная карточка каталога AMDgroup; цена и наличие требуют подтверждения поставщиком"
"amdgroup","ТОО AMDgroup","https://amdgroup.kz/catalog/ambria/ambria_tabletki_d_press_keram_a2_t_l_3_psc_/","ambria_tabletki_d_press_keram_a2_t_l_3_psc_","AMBRIA Таблетки д/пресс керам. A2-T L 3 psc","","Стоматологические товары","piece","KZT","","","false","Публичная карточка каталога AMDgroup; цена и наличие требуют подтверждения поставщиком"
"amdgroup","ТОО AMDgroup","https://amdgroup.kz/catalog/ambria/ambria_nabor_d_press_keramiki_classical_a1_d4/","ambria_nabor_d_press_keramiki_classical_a1_d4","AMBRIA набор д/пресс керамики classical A1-D4","","Стоматологические товары","piece","KZT","","","false","Публичная карточка каталога AMDgroup; цена и наличие требуют подтверждения поставщиком"
"amdgroup","ТОО AMDgroup","https://amdgroup.kz/catalog/lumex/lumex_ac_corrective_neutral_12_g_massa_d_bezmetal_keramiki/","lumex_ac_corrective_neutral_12_g_massa_d_bezmetal_keramiki","LUMEX AC Corrective neutral 12 g масса д/безметал.керамики","","Стоматологические товары","piece","KZT","","","false","Публичная карточка каталога AMDgroup; цена и наличие требуют подтверждения поставщиком"
"amdgroup","ТОО AMDgroup","https://amdgroup.kz/catalog/lumex/lumex_ac_enamel_medium_12_g_massa_d_bezmetal_keramiki/","lumex_ac_enamel_medium_12_g_massa_d_bezmetal_keramiki","LUMEX AC Enamel medium 12 g масса д/безметал.керамики","","Стоматологические товары","piece","KZT","","","false","Публичная карточка каталога AMDgroup; цена и наличие требуют подтверждения поставщиком"
"amdgroup","ТОО AMDgroup","https://amdgroup.kz/catalog/lumex/lumex_ac_opaque_dentine_a3_12_g_massa_d_bezmetal_keramiki/","lumex_ac_opaque_dentine_a3_12_g_massa_d_bezmetal_keramiki","LUMEX AC Opaque dentine A3, 12 g масса д/безметал.керамики","","Стоматологические товары","piece","KZT","","","false","Публичная карточка каталога AMDgroup; цена и наличие требуют подтверждения поставщиком"
"amdgroup","ТОО AMDgroup","https://amdgroup.kz/catalog/lumex/lumex_ac_opaque_dentine_2m2_50_g_massa_d_bezmetal_keramiki/","lumex_ac_opaque_dentine_2m2_50_g_massa_d_bezmetal_keramiki","LUMEX AC Opaque dentine 2M2, 50 g масса д/безметал.керамики","","Стоматологические товары","piece","KZT","","","false","Публичная карточка каталога AMDgroup; цена и наличие требуют подтверждения поставщиком"
"amdgroup","ТОО AMDgroup","https://amdgroup.kz/catalog/lumex/lumex_ac_opaque_dentine_a2_12_g_massa_d_bezmetal_keramiki/","lumex_ac_opaque_dentine_a2_12_g_massa_d_bezmetal_keramiki","LUMEX AC Opaque dentine A2, 12 g масса д/безметал.керамики","","Стоматологические товары","piece","KZT","","","false","Публичная карточка каталога AMDgroup; цена и наличие требуют подтверждения поставщиком"
"amdgroup","ТОО AMDgroup","https://amdgroup.kz/catalog/lumex/lumex_ac_opaque_dentine_1m2_12_g_massa_d_bezmetal_keramiki/","lumex_ac_opaque_dentine_1m2_12_g_massa_d_bezmetal_keramiki","LUMEX AC Opaque dentine 1M2,12 g масса д/безметал.керамики","","Стоматологические товары","piece","KZT","","","false","Публичная карточка каталога AMDgroup; цена и наличие требуют подтверждения поставщиком"
"amdgroup","ТОО AMDgroup","https://amdgroup.kz/catalog/high/lm_aktivator_20_vysokiy_korotkiy_94020hs/","lm_aktivator_20_vysokiy_korotkiy_94020hs","LM-Aктиватор 20 высокий (короткий) 94020HS","","Стоматологические товары","piece","KZT","","","false","Публичная карточка каталога AMDgroup; цена и наличие требуют подтверждения поставщиком"
"amdgroup","ТОО AMDgroup","https://amdgroup.kz/catalog/high_/lm_aktivator_2_high_short_45_narrow_dlya_ortodonticheskoy_i_miofunk_y_korrektsii_s_pri_i/","lm_aktivator_2_high_short_45_narrow_dlya_ortodonticheskoy_i_miofunk_y_korrektsii_s_pri_i","LM-Активатор 2 HIGH SHORT 45 NARROW для ортодонтической и миофунк/й коррекции с при/и","","Стоматологические товары","piece","KZT","","","false","Публичная карточка каталога AMDgroup; цена и наличие требуют подтверждения поставщиком"
"amdgroup","ТОО AMDgroup","https://amdgroup.kz/catalog/low/lm_aktivator_40_low_korotkiy/","lm_aktivator_40_low_korotkiy","LM-Активатор 40 LOW (короткий)","","Стоматологические товары","piece","KZT","","","false","Публичная карточка каталога AMDgroup; цена и наличие требуют подтверждения поставщиком"
"amdgroup","ТОО AMDgroup","https://amdgroup.kz/catalog/low_/lm_aktivator_dlya_ortodonticheskoy_i_miofunktsionalnoy_korrektsii_s_prinadlezhnostyami_v_variantakh__6/","lm_aktivator_dlya_ortodonticheskoy_i_miofunktsionalnoy_korrektsii_s_prinadlezhnostyami_v_variantakh__6","LM-АКТИВАТОР ДЛЯ ОРТОДОНТИЧЕСКОЙ И МИОФУНКЦИОНАЛЬНОЙ КОРРЕКЦИИ С ПРИНАДЛЕЖНОСТЯМИ, В ВАРИАНТАХ ИСПОЛ","","Стоматологические товары","piece","KZT","","","false","Публичная карточка каталога AMDgroup; цена и наличие требуют подтверждения поставщиком"
"amdgroup","ТОО AMDgroup","https://amdgroup.kz/catalog/low_/lm_aktivator2_nizkiy_korotkiy_uzkiy_usilennyy_40_94240lsnr/","lm_aktivator2_nizkiy_korotkiy_uzkiy_usilennyy_40_94240lsnr","ЛМ-АКТИВАТОР2 НИЗКИЙ, КОРОТКИЙ,УЗКИЙ УСИЛЕННЫЙ 40 94240LSNR","","Стоматологические товары","piece","KZT","","","false","Публичная карточка каталога AMDgroup; цена и наличие требуют подтверждения поставщиком"
"amdgroup","ТОО AMDgroup","https://amdgroup.kz/catalog/high/lm_aktivator_45_high_dlya_ortodonticheskoy_i_miofunk_y_korrektsii_s_pri_i/","lm_aktivator_45_high_dlya_ortodonticheskoy_i_miofunk_y_korrektsii_s_pri_i","LM-Активатор 45 HIGH для ортодонтической и миофунк/й коррекции с при/и","","Стоматологические товары","piece","KZT","","","false","Публичная карточка каталога AMDgroup; цена и наличие требуют подтверждения поставщиком"
"amdgroup","ТОО AMDgroup","https://amdgroup.kz/catalog/high_/lm_aktivator_2_high_long_40_narrow_94240hln/","lm_aktivator_2_high_long_40_narrow_94240hln","LM-Активатор 2 HIGH LONG 40 NARROW 94240HLN","","Стоматологические товары","piece","KZT","","","false","Публичная карточка каталога AMDgroup; цена и наличие требуют подтверждения поставщиком"
"amdgroup","ТОО AMDgroup","https://amdgroup.kz/catalog/low_/lm_aktivator_2_nizkiy_korotkiy_40_94240lsn/","lm_aktivator_2_nizkiy_korotkiy_40_94240lsn","LM-Активатор 2 низкий короткий 40 94240LSN","","Стоматологические товары","piece","KZT","","","false","Публичная карточка каталога AMDgroup; цена и наличие требуют подтверждения поставщиком"
"amdgroup","ТОО AMDgroup","https://amdgroup.kz/catalog/high_/lm_aktivator_2_high_short_50_narrow_dlya_ortodonticheskoy_i_miofunk_y_korrektsii_s_pri_i/","lm_aktivator_2_high_short_50_narrow_dlya_ortodonticheskoy_i_miofunk_y_korrektsii_s_pri_i","LM-Активатор 2 HIGH SHORT 50 NARROW для ортодонтической и миофунк/й коррекции с при/и","","Стоматологические товары","piece","KZT","","","false","Публичная карточка каталога AMDgroup; цена и наличие требуют подтверждения поставщиком"
"amdgroup","ТОО AMDgroup","https://amdgroup.kz/catalog/high/lm_aktivator_45_high_short_dlya_ortodonticheskoy_i_miofunk_y_korrektsii_s_pri_i/","lm_aktivator_45_high_short_dlya_ortodonticheskoy_i_miofunk_y_korrektsii_s_pri_i","LM-Активатор 45 HIGH SHORT для ортодонтической и миофунк/й коррекции с при/и","","Стоматологические товары","piece","KZT","","","false","Публичная карточка каталога AMDgroup; цена и наличие требуют подтверждения поставщиком"
"amdgroup","ТОО AMDgroup","https://amdgroup.kz/catalog/high/lm_aktivator_50_high_dlya_ortodonticheskoy_i_miofunk_y_korrektsii_s_pri_i/","lm_aktivator_50_high_dlya_ortodonticheskoy_i_miofunk_y_korrektsii_s_pri_i","LM-Активатор 50 HIGH для ортодонтической и миофунк/й коррекции с при/и","","Стоматологические товары","piece","KZT","","","false","Публичная карточка каталога AMDgroup; цена и наличие требуют подтверждения поставщиком"
"amdgroup","ТОО AMDgroup","https://amdgroup.kz/catalog/high/lm_aktivator_25_vysokiy_korotkiy_94025hs/","lm_aktivator_25_vysokiy_korotkiy_94025hs","LM-Aктиватор 25 высокий (короткий) 94025HS","","Стоматологические товары","piece","KZT","","","false","Публичная карточка каталога AMDgroup; цена и наличие требуют подтверждения поставщиком"
"amdgroup","ТОО AMDgroup","https://amdgroup.kz/catalog/high_/lm_aktivator_2_vysokiy_kortkiy_35_/","lm_aktivator_2_vysokiy_kortkiy_35_","LM-Активатор 2 высокий корткий 35","","Стоматологические товары","piece","KZT","","","false","Публичная карточка каталога AMDgroup; цена и наличие требуют подтверждения поставщиком"
"amdgroup","ТОО AMDgroup","https://amdgroup.kz/catalog/high_/lm_aktivator2_vysokiy_35_dlinnyy_uzkiy/","lm_aktivator2_vysokiy_35_dlinnyy_uzkiy","LM-Активатор2 высокий 35 (длинный узкий)","","Стоматологические товары","piece","KZT","","","false","Публичная карточка каталога AMDgroup; цена и наличие требуют подтверждения поставщиком"
"amdgroup","ТОО AMDgroup","https://amdgroup.kz/catalog/low_/lm_aktivator2_nizkiy_korotkiy_uzkiy_usilennyy_70_94270lsnr_/","lm_aktivator2_nizkiy_korotkiy_uzkiy_usilennyy_70_94270lsnr_","ЛМ-АКТИВАТОР2 НИЗКИЙ, КОРОТКИЙ,УЗКИЙ УСИЛЕННЫЙ 70 94270LSNR","","Стоматологические товары","piece","KZT","","","false","Публичная карточка каталога AMDgroup; цена и наличие требуют подтверждения поставщиком"
"amdgroup","ТОО AMDgroup","https://amdgroup.kz/catalog/low_/lm_aktivator2_nizkiy_dlinnyy_uzkiy_35_94235lln/","lm_aktivator2_nizkiy_dlinnyy_uzkiy_35_94235lln","ЛМ-АКТИВАТОР2 НИЗКИЙ ДЛИННЫЙ УЗКИЙ 35 94235LLN","","Стоматологические товары","piece","KZT","","","false","Публичная карточка каталога AMDgroup; цена и наличие требуют подтверждения поставщиком"
"amdgroup","ТОО AMDgroup","https://amdgroup.kz/catalog/high_/lm_aktivator_2_high_long_55_narrow_94255hln/","lm_aktivator_2_high_long_55_narrow_94255hln","LM Aктиватор 2 HIGH LONG 55 NARROW 94255HLN","","Стоматологические товары","piece","KZT","","","false","Публичная карточка каталога AMDgroup; цена и наличие требуют подтверждения поставщиком"
"amdgroup","ТОО AMDgroup","https://amdgroup.kz/catalog/high/lm_aktivator_30_vysokiy_korotkiy_94030hs/","lm_aktivator_30_vysokiy_korotkiy_94030hs","LM-Aктиватор 30 высокий (короткий) 94030HS","","Стоматологические товары","piece","KZT","","","false","Публичная карточка каталога AMDgroup; цена и наличие требуют подтверждения поставщиком"
"amdgroup","ТОО AMDgroup","https://amdgroup.kz/catalog/low_/lm_aktivator_dlya_ortodonticheskoy_i_miofunktsionalnoy_korrektsii_s_prinadlezhnostyami_v_variantakh__5/","lm_aktivator_dlya_ortodonticheskoy_i_miofunktsionalnoy_korrektsii_s_prinadlezhnostyami_v_variantakh__5","LM-АКТИВАТОР ДЛЯ ОРТОДОНТИЧЕСКОЙ И МИОФУНКЦИОНАЛЬНОЙ КОРРЕКЦИИ С ПРИНАДЛЕЖНОСТЯМИ, В ВАРИАНТАХ ИСПОЛ","","Стоматологические товары","piece","KZT","","","false","Публичная карточка каталога AMDgroup; цена и наличие требуют подтверждения поставщиком"
"amdgroup","ТОО AMDgroup","https://amdgroup.kz/catalog/low/lm_aktivator_35_low_korotkiy/","lm_aktivator_35_low_korotkiy","LM-Активатор 35 LOW (короткий)","","Стоматологические товары","piece","KZT","","","false","Публичная карточка каталога AMDgroup; цена и наличие требуют подтверждения поставщиком"
"amdgroup","ТОО AMDgroup","https://amdgroup.kz/catalog/high_/lm_aktivator_2_high_long_60_narrow/","lm_aktivator_2_high_long_60_narrow","LM-Активатор 2 HIGH LONG 60 NARROW","","Стоматологические товары","piece","KZT","","","false","Публичная карточка каталога AMDgroup; цена и наличие требуют подтверждения поставщиком"
"amdgroup","ТОО AMDgroup","https://amdgroup.kz/catalog/low/lm_aktivator_20_low_korotkiy/","lm_aktivator_20_low_korotkiy","LM-Активатор 20 LOW (короткий)","","Стоматологические товары","piece","KZT","","","false","Публичная карточка каталога AMDgroup; цена и наличие требуют подтверждения поставщиком"
"amdgroup","ТОО AMDgroup","https://amdgroup.kz/catalog/low_/lm_aktivator_94235llnr/","lm_aktivator_94235llnr","LM-АКТИВАТОР 94235LLNR","","Стоматологические товары","piece","KZT","","","false","Публичная карточка каталога AMDgroup; цена и наличие требуют подтверждения поставщиком"
"amdgroup","ТОО AMDgroup","https://amdgroup.kz/catalog/low_/lm_aktivator2_nizkiy_korotkiy_uzkiy_usilennyy_60/","lm_aktivator2_nizkiy_korotkiy_uzkiy_usilennyy_60","ЛМ-АКТИВАТОР2 НИЗКИЙ, КОРОТКИЙ,УЗКИЙ УСИЛЕННЫЙ 60","","Стоматологические товары","piece","KZT","","","false","Публичная карточка каталога AMDgroup; цена и наличие требуют подтверждения поставщиком"
"amdgroup","ТОО AMDgroup","https://amdgroup.kz/catalog/high_/lm_aktivator_2_high_long_65_narrow/","lm_aktivator_2_high_long_65_narrow","LM-Активатор 2 HIGH LONG 65 NARROW","","Стоматологические товары","piece","KZT","","","false","Публичная карточка каталога AMDgroup; цена и наличие требуют подтверждения поставщиком"
"amdgroup","ТОО AMDgroup","https://amdgroup.kz/catalog/low/lm_aktivator_45_low_short_dlya_ortodonticheskoy_i_miofunk_y_korrektsii_s_pri_i/","lm_aktivator_45_low_short_dlya_ortodonticheskoy_i_miofunk_y_korrektsii_s_pri_i","LM-Активатор 45 LOW SHORT для ортодонтической и миофунк/й коррекции с при/и","","Стоматологические товары","piece","KZT","","","false","Публичная карточка каталога AMDgroup; цена и наличие требуют подтверждения поставщиком"
"amdgroup","ТОО AMDgroup","https://amdgroup.kz/catalog/high/lm_aktivator_40_vysokiy_korotkiy_94040hs/","lm_aktivator_40_vysokiy_korotkiy_94040hs","LM-Aктиватор 40 высокий (короткий) 94040HS","","Стоматологические товары","piece","KZT","","","false","Публичная карточка каталога AMDgroup; цена и наличие требуют подтверждения поставщиком"
"amdgroup","ТОО AMDgroup","https://amdgroup.kz/catalog/low_/lm_aktivator2_nizkiy_korotkiy_uzkiy_usilennyy_35_94235lsnr/","lm_aktivator2_nizkiy_korotkiy_uzkiy_usilennyy_35_94235lsnr","ЛМ-АКТИВАТОР2 НИЗКИЙ, КОРОТКИЙ,УЗКИЙ УСИЛЕННЫЙ 35 94235LSNR","","Стоматологические товары","piece","KZT","","","false","Публичная карточка каталога AMDgroup; цена и наличие требуют подтверждения поставщиком"
"amdgroup","ТОО AMDgroup","https://amdgroup.kz/catalog/high/lm_aktivator_50_high_short_dlya_ortodonticheskoy_i_miofunk_y_korrektsii_s_pri_i/","lm_aktivator_50_high_short_dlya_ortodonticheskoy_i_miofunk_y_korrektsii_s_pri_i","LM-Активатор 50 HIGH SHORT для ортодонтической и миофунк/й коррекции с при/и","","Стоматологические товары","piece","KZT","","","false","Публичная карточка каталога AMDgroup; цена и наличие требуют подтверждения поставщиком"
"amdgroup","ТОО AMDgroup","https://amdgroup.kz/catalog/high_/lm_aktivator_2_vysokiy_korotkiy_55_/","lm_aktivator_2_vysokiy_korotkiy_55_","LM-Активатор 2 высокий короткий 55","","Стоматологические товары","piece","KZT","","","false","Публичная карточка каталога AMDgroup; цена и наличие требуют подтверждения поставщиком"
"amdgroup","ТОО AMDgroup","https://amdgroup.kz/catalog/low_/lm_aktivator2_nizkiy_dlinnyy_uzkiy_70/","lm_aktivator2_nizkiy_dlinnyy_uzkiy_70","ЛМ-АКТИВАТОР2 НИЗКИЙ ДЛИННЫЙ УЗКИЙ 70","","Стоматологические товары","piece","KZT","","","false","Публичная карточка каталога AMDgroup; цена и наличие требуют подтверждения поставщиком"
"amdgroup","ТОО AMDgroup","https://amdgroup.kz/catalog/low_/lm_aktivator2_nizkiy_dlinnyy_uzkiy_40_94240lln/","lm_aktivator2_nizkiy_dlinnyy_uzkiy_40_94240lln","ЛМ-АКТИВАТОР2 НИЗКИЙ ДЛИННЫЙ УЗКИЙ 40 94240LLN","","Стоматологические товары","piece","KZT","","","false","Публичная карточка каталога AMDgroup; цена и наличие требуют подтверждения поставщиком"
"amdgroup","ТОО AMDgroup","https://amdgroup.kz/catalog/high_/lm_aktivator_2_high_long_50_narrow_dlya_ortodonticheskoy_i_miofunk_y_korrektsii_s_pri_i/","lm_aktivator_2_high_long_50_narrow_dlya_ortodonticheskoy_i_miofunk_y_korrektsii_s_pri_i","LM-Активатор 2 HIGH LONG 50 NARROW для ортодонтической и миофунк/й коррекции с при/и","","Стоматологические товары","piece","KZT","","","false","Публичная карточка каталога AMDgroup; цена и наличие требуют подтверждения поставщиком"
"amdgroup","ТОО AMDgroup","https://amdgroup.kz/catalog/low/lm_aktivator_60_low_short/","lm_aktivator_60_low_short","LM-Активатор 60 LOW (SHORT)","","Стоматологические товары","piece","KZT","","","false","Публичная карточка каталога AMDgroup; цена и наличие требуют подтверждения поставщиком"
"amdgroup","ТОО AMDgroup","https://amdgroup.kz/catalog/high/lm_aktivator_35_vysokiy_korotkiy_94035hs/","lm_aktivator_35_vysokiy_korotkiy_94035hs","LM-Aктиватор 35 высокий (короткий) 94035HS","","Стоматологические товары","piece","KZT","","","false","Публичная карточка каталога AMDgroup; цена и наличие требуют подтверждения поставщиком"
"amdgroup","ТОО AMDgroup","https://amdgroup.kz/catalog/high_/lm_aktivator_2_high_short_70_narrow/","lm_aktivator_2_high_short_70_narrow","LM-Активатор 2 HIGH SHORT 70 NARROW","","Стоматологические товары","piece","KZT","","","false","Публичная карточка каталога AMDgroup; цена и наличие требуют подтверждения поставщиком"
"amdgroup","ТОО AMDgroup","https://amdgroup.kz/catalog/low_/lm_aktivator_dlya_ortodonticheskoy_i_miofunktsionalnoy_korrektsii_s_prinadlezhnostyami_v_variantakh__3/","lm_aktivator_dlya_ortodonticheskoy_i_miofunktsionalnoy_korrektsii_s_prinadlezhnostyami_v_variantakh__3","LM-АКТИВАТОР ДЛЯ ОРТОДОНТИЧЕСКОЙ И МИОФУНКЦИОНАЛЬНОЙ КОРРЕКЦИИ С ПРИНАДЛЕЖНОСТЯМИ, В ВАРИАНТАХ ИСПОЛ","","Стоматологические товары","piece","KZT","","","false","Публичная карточка каталога AMDgroup; цена и наличие требуют подтверждения поставщиком"
"amdgroup","ТОО AMDgroup","https://amdgroup.kz/catalog/low_/lm_aktivator2_nizkiy_korotkiy_uzkiy_usilennyy_65/","lm_aktivator2_nizkiy_korotkiy_uzkiy_usilennyy_65","ЛМ-АКТИВАТОР2 НИЗКИЙ, КОРОТКИЙ,УЗКИЙ УСИЛЕННЫЙ 65","","Стоматологические товары","piece","KZT","","","false","Публичная карточка каталога AMDgroup; цена и наличие требуют подтверждения поставщиком"
"amdgroup","ТОО AMDgroup","https://amdgroup.kz/catalog/low/lm_aktivator_45_low_dlya_ortodonticheskoy_i_miofunk_y_korrektsii_s_pri_i/","lm_aktivator_45_low_dlya_ortodonticheskoy_i_miofunk_y_korrektsii_s_pri_i","LM-Активатор 45 LOW для ортодонтической и миофунк/й коррекции с при/и","","Стоматологические товары","piece","KZT","","","false","Публичная карточка каталога AMDgroup; цена и наличие требуют подтверждения поставщиком"
"amdgroup","ТОО AMDgroup","https://amdgroup.kz/catalog/high_/lm_aktivator_2_high_short_60_narrow/","lm_aktivator_2_high_short_60_narrow","LM-Активатор 2 HIGH SHORT 60 NARROW","","Стоматологические товары","piece","KZT","","","false","Публичная карточка каталога AMDgroup; цена и наличие требуют подтверждения поставщиком"
"amdgroup","ТОО AMDgroup","https://amdgroup.kz/catalog/low_/lm_aktivator_dlya_ortodonticheskoy_i_miofunktsionalnoy_korrektsii_s_prinadlezhnostyami_v_variantakh__2/","lm_aktivator_dlya_ortodonticheskoy_i_miofunktsionalnoy_korrektsii_s_prinadlezhnostyami_v_variantakh__2","LM-АКТИВАТОР ДЛЯ ОРТОДОНТИЧЕСКОЙ И МИОФУНКЦИОНАЛЬНОЙ КОРРЕКЦИИ С ПРИНАДЛЕЖНОСТЯМИ, В ВАРИАНТАХ ИСПОЛ","","Стоматологические товары","piece","KZT","","","false","Публичная карточка каталога AMDgroup; цена и наличие требуют подтверждения поставщиком"
"amdgroup","ТОО AMDgroup","https://amdgroup.kz/catalog/low_/lm_aktivator_dlya_ortodonticheskoy_i_miofunktsionalnoy_korrektsii_s_prinadlezhnostyami_v_variantakh__1/","lm_aktivator_dlya_ortodonticheskoy_i_miofunktsionalnoy_korrektsii_s_prinadlezhnostyami_v_variantakh__1","LM-АКТИВАТОР ДЛЯ ОРТОДОНТИЧЕСКОЙ И МИОФУНКЦИОНАЛЬНОЙ КОРРЕКЦИИ С ПРИНАДЛЕЖНОСТЯМИ, В ВАРИАНТАХ ИСПОЛ","","Стоматологические товары","piece","KZT","","","false","Публичная карточка каталога AMDgroup; цена и наличие требуют подтверждения поставщиком"
"amdgroup","ТОО AMDgroup","https://amdgroup.kz/catalog/low_/lm_aktivator2_nizkiy_dlinnyy_uzkiy_60/","lm_aktivator2_nizkiy_dlinnyy_uzkiy_60","ЛМ-АКТИВАТОР2 НИЗКИЙ ДЛИННЫЙ УЗКИЙ 60","","Стоматологические товары","piece","KZT","","","false","Публичная карточка каталога AMDgroup; цена и наличие требуют подтверждения поставщиком"
"amdgroup","ТОО AMDgroup","https://amdgroup.kz/catalog/low_/lm_aktivator_2_low_long_60_narrow_/","lm_aktivator_2_low_long_60_narrow_","LM-Активатор 2 LOW LONG 60 NARROW","","Стоматологические товары","piece","KZT","","","false","Публичная карточка каталога AMDgroup; цена и наличие требуют подтверждения поставщиком"
"amdgroup","ТОО AMDgroup","https://amdgroup.kz/catalog/high/lm_aktivator_65_high_short/","lm_aktivator_65_high_short","LM-Активатор 65 HIGH (SHORT)","","Стоматологические товары","piece","KZT","","","false","Публичная карточка каталога AMDgroup; цена и наличие требуют подтверждения поставщиком"
"amdgroup","ТОО AMDgroup","https://amdgroup.kz/catalog/low/lm_aktivator_50_low_short_dlya_ortodonticheskoy_i_miofunk_y_korrektsii_s_pri_i/","lm_aktivator_50_low_short_dlya_ortodonticheskoy_i_miofunk_y_korrektsii_s_pri_i","LM-Активатор 50 LOW SHORT для ортодонтической и миофунк/й коррекции с при/и","","Стоматологические товары","piece","KZT","","","false","Публичная карточка каталога AMDgroup; цена и наличие требуют подтверждения поставщиком"
"amdgroup","ТОО AMDgroup","https://amdgroup.kz/catalog/high/lm_aktivator_70_high_short/","lm_aktivator_70_high_short","LM-Активатор 70 HIGH (SHORT)","","Стоматологические товары","piece","KZT","","","false","Публичная карточка каталога AMDgroup; цена и наличие требуют подтверждения поставщиком"
"amdgroup","ТОО AMDgroup","https://amdgroup.kz/catalog/low_/lm_aktivator_dlya_ortodonticheskoy_i_miofunktsionalnoy_korrektsii_s_prinadlezhnostyami_v_variantakh_/","lm_aktivator_dlya_ortodonticheskoy_i_miofunktsionalnoy_korrektsii_s_prinadlezhnostyami_v_variantakh_","LM-АКТИВАТОР ДЛЯ ОРТОДОНТИЧЕСКОЙ И МИОФУНКЦИОНАЛЬНОЙ КОРРЕКЦИИ С ПРИНАДЛЕЖНОСТЯМИ, В ВАРИАНТАХ ИСПОЛ","","Стоматологические товары","piece","KZT","","","false","Публичная карточка каталога AMDgroup; цена и наличие требуют подтверждения поставщиком"
"amdgroup","ТОО AMDgroup","https://amdgroup.kz/catalog/low_/lm_aktivator_2_low_long_50_narrow_dlya_ortodonticheskoy_i_miofunk_y_korrektsii_s_pri_i/","lm_aktivator_2_low_long_50_narrow_dlya_ortodonticheskoy_i_miofunk_y_korrektsii_s_pri_i","LM-Активатор 2 LOW LONG 50 NARROW для ортодонтической и миофунк/й коррекции с при/и","","Стоматологические товары","piece","KZT","","","false","Публичная карточка каталога AMDgroup; цена и наличие требуют подтверждения поставщиком"
"amdgroup","ТОО AMDgroup","https://amdgroup.kz/catalog/merchi/polo_futbolka_straumann/","polo_futbolka_straumann","Поло футболка Straumann","","Стоматологические товары","piece","KZT","","","false","Публичная карточка каталога AMDgroup; цена и наличие требуют подтверждения поставщиком"
"amdgroup","ТОО AMDgroup","https://amdgroup.kz/catalog/merchi/beysbolka_amd_group/","beysbolka_amd_group","Бейсболка AMD group","","Стоматологические товары","piece","KZT","","","false","Публичная карточка каталога AMDgroup; цена и наличие требуют подтверждения поставщиком"
"amdgroup","ТОО AMDgroup","https://amdgroup.kz/catalog/merchi/khirurgicheskiy_kostyum_nuvo/","khirurgicheskiy_kostyum_nuvo","Хирургический костюм Nuvo","","Стоматологические товары","piece","KZT","","","false","Публичная карточка каталога AMDgroup; цена и наличие требуют подтверждения поставщиком"
"amdgroup","ТОО AMDgroup","https://amdgroup.kz/catalog/merchi/khirurgicheskiy_kostyum/","khirurgicheskiy_kostyum","Хирургический костюм Straumann","","Стоматологические товары","piece","KZT","","","false","Публичная карточка каталога AMDgroup; цена и наличие требуют подтверждения поставщиком"
