source,supplierName,sourceUrl,externalId,name,brand,category,unit,currency,price,quantity,isRegulated,notes
"amdgroup-public","AMDgroup","https://amdgroup.kz/catalog/3_5/implantat_konicheskiy_cf_3_5x10_np/","implantat_konicheskiy_cf_3_5x10_np","implantat konicheskiy cf 3 5x10 np","","Стоматологические товары","piece","KZT","","","false","Публичная карточка AMDgroup; цена, остаток и compliance требуют подтверждения поставщиком."
"amdgroup-public","AMDgroup","https://amdgroup.kz/catalog/3_5/implantat_konicheskiy_cf_3_5x11_5_np/","implantat_konicheskiy_cf_3_5x11_5_np","implantat konicheskiy cf 3 5x11 5 np","","Стоматологические товары","piece","KZT","","","false","Публичная карточка AMDgroup; цена, остаток и compliance требуют подтверждения поставщиком."
"amdgroup-public","AMDgroup","https://amdgroup.kz/catalog/3_5/implantat_konicheskiy_cf_3_5x13_np/","implantat_konicheskiy_cf_3_5x13_np","implantat konicheskiy cf 3 5x13 np","","Стоматологические товары","piece","KZT","","","false","Публичная карточка AMDgroup; цена, остаток и compliance требуют подтверждения поставщиком."
"amdgroup-public","AMDgroup","https://amdgroup.kz/catalog/3_5/implantat_konicheskiy_cf_3_5x16_np/","implantat_konicheskiy_cf_3_5x16_np","implantat konicheskiy cf 3 5x16 np","","Стоматологические товары","piece","KZT","","","false","Публичная карточка AMDgroup; цена, остаток и compliance требуют подтверждения поставщиком."
"amdgroup-public","AMDgroup","https://amdgroup.kz/catalog/3_5/implantat_konicheskiy_cf_3_5x18_np/","implantat_konicheskiy_cf_3_5x18_np","implantat konicheskiy cf 3 5x18 np","","Стоматологические товары","piece","KZT","","","false","Публичная карточка AMDgroup; цена, остаток и compliance требуют подтверждения поставщиком."
"amdgroup-public","AMDgroup","https://amdgroup.kz/catalog/3_5/implantat_konicheskiy_cf_3_5x8_np/","implantat_konicheskiy_cf_3_5x8_np","implantat konicheskiy cf 3 5x8 np","","Стоматологические товары","piece","KZT","","","false","Публичная карточка AMDgroup; цена, остаток и compliance требуют подтверждения поставщиком."
"amdgroup-public","AMDgroup","https://amdgroup.kz/catalog/3_75/implantat_konicheskiy_cf_3_75x10_np/","implantat_konicheskiy_cf_3_75x10_np","implantat konicheskiy cf 3 75x10 np","","Стоматологические товары","piece","KZT","","","false","Публичная карточка AMDgroup; цена, остаток и compliance требуют подтверждения поставщиком."
"amdgroup-public","AMDgroup","https://amdgroup.kz/catalog/3_75/implantat_konicheskiy_cf_3_75x11_5_np/","implantat_konicheskiy_cf_3_75x11_5_np","implantat konicheskiy cf 3 75x11 5 np","","Стоматологические товары","piece","KZT","","","false","Публичная карточка AMDgroup; цена, остаток и compliance требуют подтверждения поставщиком."
"amdgroup-public","AMDgroup","https://amdgroup.kz/catalog/3_75/implantat_konicheskiy_cf_3_75x13_np/","implantat_konicheskiy_cf_3_75x13_np","implantat konicheskiy cf 3 75x13 np","","Стоматологические товары","piece","KZT","","","false","Публичная карточка AMDgroup; цена, остаток и compliance требуют подтверждения поставщиком."
"amdgroup-public","AMDgroup","https://amdgroup.kz/catalog/3_75/implantat_konicheskiy_cf_3_75x16_np/","implantat_konicheskiy_cf_3_75x16_np","implantat konicheskiy cf 3 75x16 np","","Стоматологические товары","piece","KZT","","","false","Публичная карточка AMDgroup; цена, остаток и compliance требуют подтверждения поставщиком."
"amdgroup-public","AMDgroup","https://amdgroup.kz/catalog/3_75/implantat_konicheskiy_cf_3_75x18_np/","implantat_konicheskiy_cf_3_75x18_np","implantat konicheskiy cf 3 75x18 np","","Стоматологические товары","piece","KZT","","","false","Публичная карточка AMDgroup; цена, остаток и compliance требуют подтверждения поставщиком."
"amdgroup-public","AMDgroup","https://amdgroup.kz/catalog/3_75/implantat_konicheskiy_cf_3_75x8_np/","implantat_konicheskiy_cf_3_75x8_np","implantat konicheskiy cf 3 75x8 np","","Стоматологические товары","piece","KZT","","","false","Публичная карточка AMDgroup; цена, остаток и compliance требуют подтверждения поставщиком."
"amdgroup-public","AMDgroup","https://amdgroup.kz/catalog/4_0/implantat_konicheskiy_cf_4_0x10_sp/","implantat_konicheskiy_cf_4_0x10_sp","implantat konicheskiy cf 4 0x10 sp","","Стоматологические товары","piece","KZT","","","false","Публичная карточка AMDgroup; цена, остаток и compliance требуют подтверждения поставщиком."
"amdgroup-public","AMDgroup","https://amdgroup.kz/catalog/4_0/implantat_konicheskiy_cf_4_0x11_5_sp/","implantat_konicheskiy_cf_4_0x11_5_sp","implantat konicheskiy cf 4 0x11 5 sp","","Стоматологические товары","piece","KZT","","","false","Публичная карточка AMDgroup; цена, остаток и compliance требуют подтверждения поставщиком."
"amdgroup-public","AMDgroup","https://amdgroup.kz/catalog/4_0/implantat_konicheskiy_cf_4_0x13_sp/","implantat_konicheskiy_cf_4_0x13_sp","implantat konicheskiy cf 4 0x13 sp","","Стоматологические товары","piece","KZT","","","false","Публичная карточка AMDgroup; цена, остаток и compliance требуют подтверждения поставщиком."
"amdgroup-public","AMDgroup","https://amdgroup.kz/catalog/4_0/implantat_konicheskiy_cf_4_0x16_sp/","implantat_konicheskiy_cf_4_0x16_sp","implantat konicheskiy cf 4 0x16 sp","","Стоматологические товары","piece","KZT","","","false","Публичная карточка AMDgroup; цена, остаток и compliance требуют подтверждения поставщиком."
"amdgroup-public","AMDgroup","https://amdgroup.kz/catalog/4_0/implantat_konicheskiy_cf_4_0x18_sp/","implantat_konicheskiy_cf_4_0x18_sp","implantat konicheskiy cf 4 0x18 sp","","Стоматологические товары","piece","KZT","","","false","Публичная карточка AMDgroup; цена, остаток и compliance требуют подтверждения поставщиком."
"amdgroup-public","AMDgroup","https://amdgroup.kz/catalog/4_0/implantat_konicheskiy_cf_4_0x7_sp/","implantat_konicheskiy_cf_4_0x7_sp","implantat konicheskiy cf 4 0x7 sp","","Стоматологические товары","piece","KZT","","","false","Публичная карточка AMDgroup; цена, остаток и compliance требуют подтверждения поставщиком."
"amdgroup-public","AMDgroup","https://amdgroup.kz/catalog/4_0/implantat_konicheskiy_cf_4_0x8_sp/","implantat_konicheskiy_cf_4_0x8_sp","implantat konicheskiy cf 4 0x8 sp","","Стоматологические товары","piece","KZT","","","false","Публичная карточка AMDgroup; цена, остаток и compliance требуют подтверждения поставщиком."
"amdgroup-public","AMDgroup","https://amdgroup.kz/catalog/4_3/implantat_konicheskiy_cf_4_3x10_sp/","implantat_konicheskiy_cf_4_3x10_sp","implantat konicheskiy cf 4 3x10 sp","","Стоматологические товары","piece","KZT","","","false","Публичная карточка AMDgroup; цена, остаток и compliance требуют подтверждения поставщиком."
"amdgroup-public","AMDgroup","https://amdgroup.kz/catalog/4_3/implantat_konicheskiy_cf_4_3x11_5_sp/","implantat_konicheskiy_cf_4_3x11_5_sp","implantat konicheskiy cf 4 3x11 5 sp","","Стоматологические товары","piece","KZT","","","false","Публичная карточка AMDgroup; цена, остаток и compliance требуют подтверждения поставщиком."
"amdgroup-public","AMDgroup","https://amdgroup.kz/catalog/4_3/implantat_konicheskiy_cf_4_3x13_sp/","implantat_konicheskiy_cf_4_3x13_sp","implantat konicheskiy cf 4 3x13 sp","","Стоматологические товары","piece","KZT","","","false","Публичная карточка AMDgroup; цена, остаток и compliance требуют подтверждения поставщиком."
"amdgroup-public","AMDgroup","https://amdgroup.kz/catalog/4_3/implantat_konicheskiy_cf_4_3x16_sp/","implantat_konicheskiy_cf_4_3x16_sp","implantat konicheskiy cf 4 3x16 sp","","Стоматологические товары","piece","KZT","","","false","Публичная карточка AMDgroup; цена, остаток и compliance требуют подтверждения поставщиком."
"amdgroup-public","AMDgroup","https://amdgroup.kz/catalog/4_3/implantat_konicheskiy_cf_4_3x18_sp/","implantat_konicheskiy_cf_4_3x18_sp","implantat konicheskiy cf 4 3x18 sp","","Стоматологические товары","piece","KZT","","","false","Публичная карточка AMDgroup; цена, остаток и compliance требуют подтверждения поставщиком."
"amdgroup-public","AMDgroup","https://amdgroup.kz/catalog/4_3/implantat_konicheskiy_cf_4_3x7_sp/","implantat_konicheskiy_cf_4_3x7_sp","implantat konicheskiy cf 4 3x7 sp","","Стоматологические товары","piece","KZT","","","false","Публичная карточка AMDgroup; цена, остаток и compliance требуют подтверждения поставщиком."
"amdgroup-public","AMDgroup","https://amdgroup.kz/catalog/4_3/implantat_konicheskiy_cf_4_3x8_sp/","implantat_konicheskiy_cf_4_3x8_sp","implantat konicheskiy cf 4 3x8 sp","","Стоматологические товары","piece","KZT","","","false","Публичная карточка AMDgroup; цена, остаток и compliance требуют подтверждения поставщиком."
"amdgroup-public","AMDgroup","https://amdgroup.kz/catalog/5_0/implantat_konicheskiy_cf_5_0x10_sp/","implantat_konicheskiy_cf_5_0x10_sp","implantat konicheskiy cf 5 0x10 sp","","Стоматологические товары","piece","KZT","","","false","Публичная карточка AMDgroup; цена, остаток и compliance требуют подтверждения поставщиком."
"amdgroup-public","AMDgroup","https://amdgroup.kz/catalog/5_0/implantat_konicheskiy_cf_5_0x11_5_sp/","implantat_konicheskiy_cf_5_0x11_5_sp","implantat konicheskiy cf 5 0x11 5 sp","","Стоматологические товары","piece","KZT","","","false","Публичная карточка AMDgroup; цена, остаток и compliance требуют подтверждения поставщиком."
"amdgroup-public","AMDgroup","https://amdgroup.kz/catalog/5_0/implantat_konicheskiy_cf_5_0x13_sp/","implantat_konicheskiy_cf_5_0x13_sp","implantat konicheskiy cf 5 0x13 sp","","Стоматологические товары","piece","KZT","","","false","Публичная карточка AMDgroup; цена, остаток и compliance требуют подтверждения поставщиком."
"amdgroup-public","AMDgroup","https://amdgroup.kz/catalog/5_0/implantat_konicheskiy_cf_5_0x16_sp/","implantat_konicheskiy_cf_5_0x16_sp","implantat konicheskiy cf 5 0x16 sp","","Стоматологические товары","piece","KZT","","","false","Публичная карточка AMDgroup; цена, остаток и compliance требуют подтверждения поставщиком."
"amdgroup-public","AMDgroup","https://amdgroup.kz/catalog/5_0/implantat_konicheskiy_cf_5_0x7_sp/","implantat_konicheskiy_cf_5_0x7_sp","implantat konicheskiy cf 5 0x7 sp","","Стоматологические товары","piece","KZT","","","false","Публичная карточка AMDgroup; цена, остаток и compliance требуют подтверждения поставщиком."
"amdgroup-public","AMDgroup","https://amdgroup.kz/catalog/5_0/implantat_konicheskiy_cf_5_0x8_sp/","implantat_konicheskiy_cf_5_0x8_sp","implantat konicheskiy cf 5 0x8 sp","","Стоматологические товары","piece","KZT","","","false","Публичная карточка AMDgroup; цена, остаток и compliance требуют подтверждения поставщиком."
"amdgroup-public","AMDgroup","https://amdgroup.kz/catalog/abatment_dlya_semnogo_proteza/semnyy_protez_s_krepleniem_cf_gh_2_0_np/","semnyy_protez_s_krepleniem_cf_gh_2_0_np","semnyy protez s krepleniem cf gh 2 0 np","","Стоматологические товары","piece","KZT","","","false","Публичная карточка AMDgroup; цена, остаток и compliance требуют подтверждения поставщиком."
"amdgroup-public","AMDgroup","https://amdgroup.kz/catalog/abatment_dlya_semnogo_proteza/semnyy_protez_s_krepleniem_cf_gh_2_0_sp/","semnyy_protez_s_krepleniem_cf_gh_2_0_sp","semnyy protez s krepleniem cf gh 2 0 sp","","Стоматологические товары","piece","KZT","","","false","Публичная карточка AMDgroup; цена, остаток и compliance требуют подтверждения поставщиком."
"amdgroup-public","AMDgroup","https://amdgroup.kz/catalog/abatment_dlya_semnogo_proteza/semnyy_protez_s_krepleniem_cf_gh_3_0_np/","semnyy_protez_s_krepleniem_cf_gh_3_0_np","semnyy protez s krepleniem cf gh 3 0 np","","Стоматологические товары","piece","KZT","","","false","Публичная карточка AMDgroup; цена, остаток и compliance требуют подтверждения поставщиком."
"amdgroup-public","AMDgroup","https://amdgroup.kz/catalog/abatment_dlya_semnogo_proteza/semnyy_protez_s_krepleniem_cf_gh_3_0_sp/","semnyy_protez_s_krepleniem_cf_gh_3_0_sp","semnyy protez s krepleniem cf gh 3 0 sp","","Стоматологические товары","piece","KZT","","","false","Публичная карточка AMDgroup; цена, остаток и compliance требуют подтверждения поставщиком."
"amdgroup-public","AMDgroup","https://amdgroup.kz/catalog/abatment_dlya_semnogo_proteza/semnyy_protez_s_krepleniem_cf_gh_4_0_np/","semnyy_protez_s_krepleniem_cf_gh_4_0_np","semnyy protez s krepleniem cf gh 4 0 np","","Стоматологические товары","piece","KZT","","","false","Публичная карточка AMDgroup; цена, остаток и compliance требуют подтверждения поставщиком."
"amdgroup-public","AMDgroup","https://amdgroup.kz/catalog/abatment_dlya_semnogo_proteza/semnyy_protez_s_krepleniem_cf_gh_4_0_sp/","semnyy_protez_s_krepleniem_cf_gh_4_0_sp","semnyy protez s krepleniem cf gh 4 0 sp","","Стоматологические товары","piece","KZT","","","false","Публичная карточка AMDgroup; цена, остаток и compliance требуют подтверждения поставщиком."
"amdgroup-public","AMDgroup","https://amdgroup.kz/catalog/abatmenty_multi_unit_/abatment_multi_unit_3_5_cf_gh_1_0_np/","abatment_multi_unit_3_5_cf_gh_1_0_np","abatment multi unit 3 5 cf gh 1 0 np","","Стоматологические товары","piece","KZT","","","false","Публичная карточка AMDgroup; цена, остаток и compliance требуют подтверждения поставщиком."
"amdgroup-public","AMDgroup","https://amdgroup.kz/catalog/abatmenty_multi_unit_/abatment_multi_unit_3_5_cf_gh_2_0_np/","abatment_multi_unit_3_5_cf_gh_2_0_np","abatment multi unit 3 5 cf gh 2 0 np","","Стоматологические товары","piece","KZT","","","false","Публичная карточка AMDgroup; цена, остаток и compliance требуют подтверждения поставщиком."
"amdgroup-public","AMDgroup","https://amdgroup.kz/catalog/abatmenty_multi_unit_/abatment_multi_unit_3_5_cf_gh_3_0_np/","abatment_multi_unit_3_5_cf_gh_3_0_np","abatment multi unit 3 5 cf gh 3 0 np","","Стоматологические товары","piece","KZT","","","false","Публичная карточка AMDgroup; цена, остаток и compliance требуют подтверждения поставщиком."
"amdgroup-public","AMDgroup","https://amdgroup.kz/catalog/abatmenty_multi_unit_/abatment_multi_unit_4_8_cf_17d_gh_2_5_np/","abatment_multi_unit_4_8_cf_17d_gh_2_5_np","abatment multi unit 4 8 cf 17d gh 2 5 np","","Стоматологические товары","piece","KZT","","","false","Публичная карточка AMDgroup; цена, остаток и compliance требуют подтверждения поставщиком."
"amdgroup-public","AMDgroup","https://amdgroup.kz/catalog/abatmenty_multi_unit_/abatment_multi_unit_4_8_cf_17d_gh_2_5_sp/","abatment_multi_unit_4_8_cf_17d_gh_2_5_sp","abatment multi unit 4 8 cf 17d gh 2 5 sp","","Стоматологические товары","piece","KZT","","","false","Публичная карточка AMDgroup; цена, остаток и compliance требуют подтверждения поставщиком."
"amdgroup-public","AMDgroup","https://amdgroup.kz/catalog/abatmenty_multi_unit_/abatment_multi_unit_4_8_cf_17d_gh_3_0_np/","abatment_multi_unit_4_8_cf_17d_gh_3_0_np","abatment multi unit 4 8 cf 17d gh 3 0 np","","Стоматологические товары","piece","KZT","","","false","Публичная карточка AMDgroup; цена, остаток и compliance требуют подтверждения поставщиком."
"amdgroup-public","AMDgroup","https://amdgroup.kz/catalog/abatmenty_multi_unit_/abatment_multi_unit_4_8_cf_17d_gh_3_0_sp/","abatment_multi_unit_4_8_cf_17d_gh_3_0_sp","abatment multi unit 4 8 cf 17d gh 3 0 sp","","Стоматологические товары","piece","KZT","","","false","Публичная карточка AMDgroup; цена, остаток и compliance требуют подтверждения поставщиком."
"amdgroup-public","AMDgroup","https://amdgroup.kz/catalog/abatmenty_multi_unit_/abatment_multi_unit_4_8_cf_30d_gh_3_5_sp/","abatment_multi_unit_4_8_cf_30d_gh_3_5_sp","abatment multi unit 4 8 cf 30d gh 3 5 sp","","Стоматологические товары","piece","KZT","","","false","Публичная карточка AMDgroup; цена, остаток и compliance требуют подтверждения поставщиком."
"amdgroup-public","AMDgroup","https://amdgroup.kz/catalog/abatmenty_multi_unit_/abatment_multi_unit_4_8_cf_30d_gh_4_0_sp/","abatment_multi_unit_4_8_cf_30d_gh_4_0_sp","abatment multi unit 4 8 cf 30d gh 4 0 sp","","Стоматологические товары","piece","KZT","","","false","Публичная карточка AMDgroup; цена, остаток и compliance требуют подтверждения поставщиком."
"amdgroup-public","AMDgroup","https://amdgroup.kz/catalog/abatmenty_multi_unit_/abatment_multi_unit_4_8_cf_gh_1_0_np/","abatment_multi_unit_4_8_cf_gh_1_0_np","abatment multi unit 4 8 cf gh 1 0 np","","Стоматологические товары","piece","KZT","","","false","Публичная карточка AMDgroup; цена, остаток и compliance требуют подтверждения поставщиком."
"amdgroup-public","AMDgroup","https://amdgroup.kz/catalog/abatmenty_multi_unit_/abatment_multi_unit_4_8_cf_gh_1_0_sp/","abatment_multi_unit_4_8_cf_gh_1_0_sp","abatment multi unit 4 8 cf gh 1 0 sp","","Стоматологические товары","piece","KZT","","","false","Публичная карточка AMDgroup; цена, остаток и compliance требуют подтверждения поставщиком."
"amdgroup-public","AMDgroup","https://amdgroup.kz/catalog/abatmenty_multi_unit_/abatment_multi_unit_4_8_cf_gh_2_0_np/","abatment_multi_unit_4_8_cf_gh_2_0_np","abatment multi unit 4 8 cf gh 2 0 np","","Стоматологические товары","piece","KZT","","","false","Публичная карточка AMDgroup; цена, остаток и compliance требуют подтверждения поставщиком."
"amdgroup-public","AMDgroup","https://amdgroup.kz/catalog/abatmenty_multi_unit_/abatment_multi_unit_4_8_cf_gh_2_0_sp/","abatment_multi_unit_4_8_cf_gh_2_0_sp","abatment multi unit 4 8 cf gh 2 0 sp","","Стоматологические товары","piece","KZT","","","false","Публичная карточка AMDgroup; цена, остаток и compliance требуют подтверждения поставщиком."
"amdgroup-public","AMDgroup","https://amdgroup.kz/catalog/abatmenty_multi_unit_/abatment_multi_unit_4_8_cf_gh_3_0_np/","abatment_multi_unit_4_8_cf_gh_3_0_np","abatment multi unit 4 8 cf gh 3 0 np","","Стоматологические товары","piece","KZT","","","false","Публичная карточка AMDgroup; цена, остаток и compliance требуют подтверждения поставщиком."
"amdgroup-public","AMDgroup","https://amdgroup.kz/catalog/abatmenty_multi_unit_/abatment_multi_unit_4_8_cf_gh_3_0_sp/","abatment_multi_unit_4_8_cf_gh_3_0_sp","abatment multi unit 4 8 cf gh 3 0 sp","","Стоматологические товары","piece","KZT","","","false","Публичная карточка AMDgroup; цена, остаток и compliance требуют подтверждения поставщиком."
"amdgroup-public","AMDgroup","https://amdgroup.kz/catalog/abatmenty_multi_unit_/abatment_multi_unit_vintovoy_fiksirovkoy_4_8_cf_17d_gh_4_0_np/","abatment_multi_unit_vintovoy_fiksirovkoy_4_8_cf_17d_gh_4_0_np","abatment multi unit vintovoy fiksirovkoy 4 8 cf 17d gh 4 0 np","","Стоматологические товары","piece","KZT","","","false","Публичная карточка AMDgroup; цена, остаток и compliance требуют подтверждения поставщиком."
"amdgroup-public","AMDgroup","https://amdgroup.kz/catalog/abatmenty_multi_unit_/abatment_multi_unit_vintovoy_fiksirovkoy_4_8_cf_17d_gh_4_0_sp/","abatment_multi_unit_vintovoy_fiksirovkoy_4_8_cf_17d_gh_4_0_sp","abatment multi unit vintovoy fiksirovkoy 4 8 cf 17d gh 4 0 sp","","Стоматологические товары","piece","KZT","","","false","Публичная карточка AMDgroup; цена, остаток и compliance требуют подтверждения поставщиком."
"amdgroup-public","AMDgroup","https://amdgroup.kz/catalog/abatmenty_multi_unit_/abatment_multi_unit_vintovoy_fiksirovkoy_4_8_cf_30d_gh_3_5_np/","abatment_multi_unit_vintovoy_fiksirovkoy_4_8_cf_30d_gh_3_5_np","abatment multi unit vintovoy fiksirovkoy 4 8 cf 30d gh 3 5 np","","Стоматологические товары","piece","KZT","","","false","Публичная карточка AMDgroup; цена, остаток и compliance требуют подтверждения поставщиком."
"amdgroup-public","AMDgroup","https://amdgroup.kz/catalog/abatmenty_multi_unit_/abatment_multi_unit_vintovoy_fiksirovkoy_4_8_cf_30d_gh_4_0_np/","abatment_multi_unit_vintovoy_fiksirovkoy_4_8_cf_30d_gh_4_0_np","abatment multi unit vintovoy fiksirovkoy 4 8 cf 30d gh 4 0 np","","Стоматологические товары","piece","KZT","","","false","Публичная карточка AMDgroup; цена, остаток и compliance требуют подтверждения поставщиком."
"amdgroup-public","AMDgroup","https://amdgroup.kz/catalog/abatmenty_multi_unit_/abatment_multi_unit_vintovoy_fiksirovkoy_4_8_cf_30d_gh_5_0_np/","abatment_multi_unit_vintovoy_fiksirovkoy_4_8_cf_30d_gh_5_0_np","abatment multi unit vintovoy fiksirovkoy 4 8 cf 30d gh 5 0 np","","Стоматологические товары","piece","KZT","","","false","Публичная карточка AMDgroup; цена, остаток и compliance требуют подтверждения поставщиком."
"amdgroup-public","AMDgroup","https://amdgroup.kz/catalog/abatmenty_multi_unit_/abatment_multi_unit_vintovoy_fiksirovkoy_4_8_cf_30d_gh_5_0_sp/","abatment_multi_unit_vintovoy_fiksirovkoy_4_8_cf_30d_gh_5_0_sp","abatment multi unit vintovoy fiksirovkoy 4 8 cf 30d gh 5 0 sp","","Стоматологические товары","piece","KZT","","","false","Публичная карточка AMDgroup; цена, остаток и compliance требуют подтверждения поставщиком."
"amdgroup-public","AMDgroup","https://amdgroup.kz/catalog/abatmenty_multi_unit_/abatment_multi_unit_vintovoy_fiksirovkoy_4_8_cf_gh_4_0_np/","abatment_multi_unit_vintovoy_fiksirovkoy_4_8_cf_gh_4_0_np","abatment multi unit vintovoy fiksirovkoy 4 8 cf gh 4 0 np","","Стоматологические товары","piece","KZT","","","false","Публичная карточка AMDgroup; цена, остаток и compliance требуют подтверждения поставщиком."
"amdgroup-public","AMDgroup","https://amdgroup.kz/catalog/abatmenty_multi_unit_/abatment_multi_unit_vintovoy_fiksirovkoy_4_8_cf_gh_4_0_sp/","abatment_multi_unit_vintovoy_fiksirovkoy_4_8_cf_gh_4_0_sp","abatment multi unit vintovoy fiksirovkoy 4 8 cf gh 4 0 sp","","Стоматологические товары","piece","KZT","","","false","Публичная карточка AMDgroup; цена, остаток и compliance требуют подтверждения поставщиком."
"amdgroup-public","AMDgroup","https://amdgroup.kz/catalog/abatmenty_multi_unit_/abatment_multi_unit_vintovoy_fiksirovkoy_4_8_cf_gh_5_0_np_/","abatment_multi_unit_vintovoy_fiksirovkoy_4_8_cf_gh_5_0_np_","abatment multi unit vintovoy fiksirovkoy 4 8 cf gh 5 0 np","","Стоматологические товары","piece","KZT","","","false","Публичная карточка AMDgroup; цена, остаток и compliance требуют подтверждения поставщиком."
"amdgroup-public","AMDgroup","https://amdgroup.kz/catalog/abatmenty_multi_unit_/abatment_multi_unit_vintovoy_fiksirovkoy_4_8_cf_gh_5_0_sp/","abatment_multi_unit_vintovoy_fiksirovkoy_4_8_cf_gh_5_0_sp","abatment multi unit vintovoy fiksirovkoy 4 8 cf gh 5 0 sp","","Стоматологические товары","piece","KZT","","","false","Публичная карточка AMDgroup; цена, остаток и compliance требуют подтверждения поставщиком."
"amdgroup-public","AMDgroup","https://amdgroup.kz/catalog/ambria/ambria_nabor_d_press_keramiki_classical_a1_d4/","ambria_nabor_d_press_keramiki_classical_a1_d4","ambria nabor d press keramiki classical a1 d4","","Стоматологические товары","piece","KZT","","","false","Публичная карточка AMDgroup; цена, остаток и compliance требуют подтверждения поставщиком."
"amdgroup-public","AMDgroup","https://amdgroup.kz/catalog/ambria/ambria_plunger_d_press_keram_d13mm_/","ambria_plunger_d_press_keram_d13mm_","ambria plunger d press keram d13mm","","Стоматологические товары","piece","KZT","","","false","Публичная карточка AMDgroup; цена, остаток и compliance требуют подтверждения поставщиком."
"amdgroup-public","AMDgroup","https://amdgroup.kz/catalog/ambria/ambria_tabletki_d_press_keram_0m1_t_s_5_psc_/","ambria_tabletki_d_press_keram_0m1_t_s_5_psc_","ambria tabletki d press keram 0m1 t s 5 psc","","Стоматологические товары","piece","KZT","","","false","Публичная карточка AMDgroup; цена, остаток и compliance требуют подтверждения поставщиком."
"amdgroup-public","AMDgroup","https://amdgroup.kz/catalog/ambria/ambria_tabletki_d_press_keram_a1_ht_l_3_pcs/","ambria_tabletki_d_press_keram_a1_ht_l_3_pcs","ambria tabletki d press keram a1 ht l 3 pcs","","Стоматологические товары","piece","KZT","","","false","Публичная карточка AMDgroup; цена, остаток и compliance требуют подтверждения поставщиком."
"amdgroup-public","AMDgroup","https://amdgroup.kz/catalog/ambria/ambria_tabletki_d_press_keram_a2_ht_s_5_pcs/","ambria_tabletki_d_press_keram_a2_ht_s_5_pcs","ambria tabletki d press keram a2 ht s 5 pcs","","Стоматологические товары","piece","KZT","","","false","Публичная карточка AMDgroup; цена, остаток и compliance требуют подтверждения поставщиком."
"amdgroup-public","AMDgroup","https://amdgroup.kz/catalog/ambria/ambria_tabletki_d_press_keram_a2_t_l_3_psc_/","ambria_tabletki_d_press_keram_a2_t_l_3_psc_","ambria tabletki d press keram a2 t l 3 psc","","Стоматологические товары","piece","KZT","","","false","Публичная карточка AMDgroup; цена, остаток и compliance требуют подтверждения поставщиком."
"amdgroup-public","AMDgroup","https://amdgroup.kz/catalog/analog_multi_yunita/analog_multi_unit_3_5/","analog_multi_unit_3_5","analog multi unit 3 5","","Стоматологические товары","piece","KZT","","","false","Публичная карточка AMDgroup; цена, остаток и compliance требуют подтверждения поставщиком."
"amdgroup-public","AMDgroup","https://amdgroup.kz/catalog/analog_multi_yunita/analog_multi_unit_4_8/","analog_multi_unit_4_8","analog multi unit 4 8","","Стоматологические товары","piece","KZT","","","false","Публичная карточка AMDgroup; цена, остаток и compliance требуют подтверждения поставщиком."
"amdgroup-public","AMDgroup","https://amdgroup.kz/catalog/analogi/implantat_analogovyy_cf_np/","implantat_analogovyy_cf_np","implantat analogovyy cf np","","Стоматологические товары","piece","KZT","","","false","Публичная карточка AMDgroup; цена, остаток и compliance требуют подтверждения поставщиком."
"amdgroup-public","AMDgroup","https://amdgroup.kz/catalog/analogi/implantat_analogovyy_cf_sp/","implantat_analogovyy_cf_sp","implantat analogovyy cf sp","","Стоматологические товары","piece","KZT","","","false","Публичная карточка AMDgroup; цена, остаток и compliance требуют подтверждения поставщиком."
"amdgroup-public","AMDgroup","https://amdgroup.kz/catalog/anestetik/septanest_s_adrenalinom_1_100000_1_7_ml_po_10_katridzhey_po_5_sht_v_pachke/","septanest_s_adrenalinom_1_100000_1_7_ml_po_10_katridzhey_po_5_sht_v_pachke","septanest s adrenalinom 1 100000 1 7 ml po 10 katridzhey po 5 sht v pachke","","Стоматологические товары","piece","KZT","","","false","Публичная карточка AMDgroup; цена, остаток и compliance требуют подтверждения поставщиком."
"amdgroup-public","AMDgroup","https://amdgroup.kz/catalog/avtoklavy_/apparat_dlya_smazyvaniya_nakonechnikov_assistina_plus_301_/","apparat_dlya_smazyvaniya_nakonechnikov_assistina_plus_301_","apparat dlya smazyvaniya nakonechnikov assistina plus 301","","Стоматологические товары","piece","KZT","","","false","Публичная карточка AMDgroup; цена, остаток и compliance требуют подтверждения поставщиком."
"amdgroup-public","AMDgroup","https://amdgroup.kz/catalog/avtoklavy_/apparat_dlya_termoskleivaniya_paketov_seal/","apparat_dlya_termoskleivaniya_paketov_seal","apparat dlya termoskleivaniya paketov seal","","Стоматологические товары","piece","KZT","","","false","Публичная карточка AMDgroup; цена, остаток и compliance требуют подтверждения поставщиком."
"amdgroup-public","AMDgroup","https://amdgroup.kz/catalog/avtoklavy_/bakterialnyy_filtr/","bakterialnyy_filtr","bakterialnyy filtr","","Стоматологические товары","piece","KZT","","","false","Публичная карточка AMDgroup; цена, остаток и compliance требуют подтверждения поставщиком."
"amdgroup-public","AMDgroup","https://amdgroup.kz/catalog/avtoklavy_/filtr_pylevoy_dlya_sterilizatora_lina_f364502x/","filtr_pylevoy_dlya_sterilizatora_lina_f364502x","filtr pylevoy dlya sterilizatora lina f364502x","","Стоматологические товары","piece","KZT","","","false","Публичная карточка AMDgroup; цена, остаток и compliance требуют подтверждения поставщиком."
"amdgroup-public","AMDgroup","https://amdgroup.kz/catalog/avtoklavy_/filtr_pylevoy_f364511kh/","filtr_pylevoy_f364511kh","filtr pylevoy f364511kh","","Стоматологические товары","piece","KZT","","","false","Публичная карточка AMDgroup; цена, остаток и compliance требуют подтверждения поставщиком."
"amdgroup-public","AMDgroup","https://amdgroup.kz/catalog/avtoklavy_/sterilizator_lina_rik_122/","sterilizator_lina_rik_122","sterilizator lina rik 122","","Стоматологические товары","piece","KZT","","","false","Публичная карточка AMDgroup; цена, остаток и compliance требуют подтверждения поставщиком."
"amdgroup-public","AMDgroup","https://amdgroup.kz/catalog/avtoklavy_/ultrozvukovaya_vanna_hygosonic/","ultrozvukovaya_vanna_hygosonic","ultrozvukovaya vanna hygosonic","","Стоматологические товары","piece","KZT","","","false","Публичная карточка AMDgroup; цена, остаток и compliance требуют подтверждения поставщиком."
"amdgroup-public","AMDgroup","https://amdgroup.kz/catalog/avtoklavy_/uplotnenie_k_dveri_dlya_sterilizatora_lina_f460504x/","uplotnenie_k_dveri_dlya_sterilizatora_lina_f460504x","uplotnenie k dveri dlya sterilizatora lina f460504x","","Стоматологические товары","piece","KZT","","","false","Публичная карточка AMDgroup; цена, остаток и compliance требуют подтверждения поставщиком."
"amdgroup-public","AMDgroup","https://amdgroup.kz/catalog/bondingovye_sistemy/admira_bond_4_0_ml/","admira_bond_4_0_ml","admira bond 4 0 ml","","Стоматологические товары","piece","KZT","","","false","Публичная карточка AMDgroup; цена, остаток и compliance требуют подтверждения поставщиком."
"amdgroup-public","AMDgroup","https://amdgroup.kz/catalog/bondingovye_sistemy/glyuma_bond_5_1_4ml/","glyuma_bond_5_1_4ml","glyuma bond 5 1 4ml","","Стоматологические товары","piece","KZT","","","false","Публичная карточка AMDgroup; цена, остаток и compliance требуют подтверждения поставщиком."
"amdgroup-public","AMDgroup","https://amdgroup.kz/catalog/bondingovye_sistemy/glyuma_bond_universal_bottle_refill_1_4ml/","glyuma_bond_universal_bottle_refill_1_4ml","glyuma bond universal bottle refill 1 4ml","","Стоматологические товары","piece","KZT","","","false","Публичная карточка AMDgroup; цена, остаток и compliance требуют подтверждения поставщиком."
"amdgroup-public","AMDgroup","https://amdgroup.kz/catalog/bory_po_tsirkonu/bory_almaznye_k369_025uf_fg/","bory_almaznye_k369_025uf_fg","bory almaznye k369 025uf fg","","Стоматологические товары","piece","KZT","","","false","Публичная карточка AMDgroup; цена, остаток и compliance требуют подтверждения поставщиком."
"amdgroup-public","AMDgroup","https://amdgroup.kz/catalog/bory_po_tsirkonu/bory_almaznye_k379_014f_hp/","bory_almaznye_k379_014f_hp","bory almaznye k379 014f hp","","Стоматологические товары","piece","KZT","","","false","Публичная карточка AMDgroup; цена, остаток и compliance требуют подтверждения поставщиком."
"amdgroup-public","AMDgroup","https://amdgroup.kz/catalog/bory_po_tsirkonu/bory_almaznye_k847kr_016f_fg/","bory_almaznye_k847kr_016f_fg","bory almaznye k847kr 016f fg","","Стоматологические товары","piece","KZT","","","false","Публичная карточка AMDgroup; цена, остаток и compliance требуют подтверждения поставщиком."
"amdgroup-public","AMDgroup","https://amdgroup.kz/catalog/bory_po_tsirkonu/bory_almaznye_k847kr_025f_fg/","bory_almaznye_k847kr_025f_fg","bory almaznye k847kr 025f fg","","Стоматологические товары","piece","KZT","","","false","Публичная карточка AMDgroup; цена, остаток и compliance требуют подтверждения поставщиком."
"amdgroup-public","AMDgroup","https://amdgroup.kz/catalog/bory_po_tsirkonu/bory_almaznye_k850_014m_fg/","bory_almaznye_k850_014m_fg","bory almaznye k850 014m fg","","Стоматологические товары","piece","KZT","","","false","Публичная карточка AMDgroup; цена, остаток и compliance требуют подтверждения поставщиком."
"amdgroup-public","AMDgroup","https://amdgroup.kz/catalog/bory_po_tsirkonu/bory_almaznye_k856_016sf_fg/","bory_almaznye_k856_016sf_fg","bory almaznye k856 016sf fg","","Стоматологические товары","piece","KZT","","","false","Публичная карточка AMDgroup; цена, остаток и compliance требуют подтверждения поставщиком."
"amdgroup-public","AMDgroup","https://amdgroup.kz/catalog/bory_po_tsirkonu/bory_almaznye_k879_014f_fg/","bory_almaznye_k879_014f_fg","bory almaznye k879 014f fg","","Стоматологические товары","piece","KZT","","","false","Публичная карточка AMDgroup; цена, остаток и compliance требуют подтверждения поставщиком."
"amdgroup-public","AMDgroup","https://amdgroup.kz/catalog/bory_po_tsirkonu/bory_almaznye_oliva_k802l_021m_fg/","bory_almaznye_oliva_k802l_021m_fg","bory almaznye oliva k802l 021m fg","","Стоматологические товары","piece","KZT","","","false","Публичная карточка AMDgroup; цена, остаток и compliance требуют подтверждения поставщиком."
"amdgroup-public","AMDgroup","https://amdgroup.kz/catalog/bory_po_tsirkonu/bory_almaznye_sharovidnye_k369_025f_fg/","bory_almaznye_sharovidnye_k369_025f_fg","bory almaznye sharovidnye k369 025f fg","","Стоматологические товары","piece","KZT","","","false","Публичная карточка AMDgroup; цена, остаток и compliance требуют подтверждения поставщиком."
"amdgroup-public","AMDgroup","https://amdgroup.kz/catalog/bory_po_tsirkonu/bory_almaznye_shlifovalnye_k856_016f_fg/","bory_almaznye_shlifovalnye_k856_016f_fg","bory almaznye shlifovalnye k856 016f fg","","Стоматологические товары","piece","KZT","","","false","Публичная карточка AMDgroup; цена, остаток и compliance требуют подтверждения поставщиком."
"amdgroup-public","AMDgroup","https://amdgroup.kz/catalog/bory_po_tsirkonu/bory_almaznye_shlifovalnye_k856_016m_fg/","bory_almaznye_shlifovalnye_k856_016m_fg","bory almaznye shlifovalnye k856 016m fg","","Стоматологические товары","piece","KZT","","","false","Публичная карточка AMDgroup; цена, остаток и compliance требуют подтверждения поставщиком."
"amdgroup-public","AMDgroup","https://amdgroup.kz/catalog/bory_po_tsirkonu/bory_almaznye_shlifovalnye_k856_016uf_fg/","bory_almaznye_shlifovalnye_k856_016uf_fg","bory almaznye shlifovalnye k856 016uf fg","","Стоматологические товары","piece","KZT","","","false","Публичная карточка AMDgroup; цена, остаток и compliance требуют подтверждения поставщиком."
"amdgroup-public","AMDgroup","https://amdgroup.kz/catalog/bory_po_tsirkonu/bory_almaznye_shlifovalnye_k881_016sf_fg/","bory_almaznye_shlifovalnye_k881_016sf_fg","bory almaznye shlifovalnye k881 016sf fg","","Стоматологические товары","piece","KZT","","","false","Публичная карточка AMDgroup; цена, остаток и compliance требуют подтверждения поставщиком."
"amdgroup-public","AMDgroup","https://amdgroup.kz/catalog/bory_po_tsirkonu/bory_almaznye_shlifovalnye_k899_031m_fg/","bory_almaznye_shlifovalnye_k899_031m_fg","bory almaznye shlifovalnye k899 031m fg","","Стоматологические товары","piece","KZT","","","false","Публичная карточка AMDgroup; цена, остаток и compliance требуют подтверждения поставщиком."
"amdgroup-public","AMDgroup","https://amdgroup.kz/catalog/butonovidnye/368_018m_fg_borye_almaznye/","368_018m_fg_borye_almaznye","368 018m fg borye almaznye","","Стоматологические товары","piece","KZT","","","false","Публичная карточка AMDgroup; цена, остаток и compliance требуют подтверждения поставщиком."
"amdgroup-public","AMDgroup","https://amdgroup.kz/catalog/butonovidnye/369_025_ffg_buton/","369_025_ffg_buton","369 025 ffg buton","","Стоматологические товары","piece","KZT","","","false","Публичная карточка AMDgroup; цена, остаток и compliance требуют подтверждения поставщиком."
"amdgroup-public","AMDgroup","https://amdgroup.kz/catalog/butonovidnye/bory_almaznye_368_010f_fg/","bory_almaznye_368_010f_fg","bory almaznye 368 010f fg","","Стоматологические товары","piece","KZT","","","false","Публичная карточка AMDgroup; цена, остаток и compliance требуют подтверждения поставщиком."
"amdgroup-public","AMDgroup","https://amdgroup.kz/catalog/butonovidnye/bory_almaznye_368_010m_fg/","bory_almaznye_368_010m_fg","bory almaznye 368 010m fg","","Стоматологические товары","piece","KZT","","","false","Публичная карточка AMDgroup; цена, остаток и compliance требуют подтверждения поставщиком."
"amdgroup-public","AMDgroup","https://amdgroup.kz/catalog/butonovidnye/bory_almaznye_368_010sf_fg/","bory_almaznye_368_010sf_fg","bory almaznye 368 010sf fg","","Стоматологические товары","piece","KZT","","","false","Публичная карточка AMDgroup; цена, остаток и compliance требуют подтверждения поставщиком."
"amdgroup-public","AMDgroup","https://amdgroup.kz/catalog/butonovidnye/bory_almaznye_368_016c_fg/","bory_almaznye_368_016c_fg","bory almaznye 368 016c fg","","Стоматологические товары","piece","KZT","","","false","Публичная карточка AMDgroup; цена, остаток и compliance требуют подтверждения поставщиком."
"amdgroup-public","AMDgroup","https://amdgroup.kz/catalog/butonovidnye/bory_almaznye_368_016f_fg/","bory_almaznye_368_016f_fg","bory almaznye 368 016f fg","","Стоматологические товары","piece","KZT","","","false","Публичная карточка AMDgroup; цена, остаток и compliance требуют подтверждения поставщиком."
"amdgroup-public","AMDgroup","https://amdgroup.kz/catalog/butonovidnye/bory_almaznye_368_016m_fg/","bory_almaznye_368_016m_fg","bory almaznye 368 016m fg","","Стоматологические товары","piece","KZT","","","false","Публичная карточка AMDgroup; цена, остаток и compliance требуют подтверждения поставщиком."
"amdgroup-public","AMDgroup","https://amdgroup.kz/catalog/butonovidnye/bory_almaznye_368_016sc_fg/","bory_almaznye_368_016sc_fg","bory almaznye 368 016sc fg","","Стоматологические товары","piece","KZT","","","false","Публичная карточка AMDgroup; цена, остаток и compliance требуют подтверждения поставщиком."
"amdgroup-public","AMDgroup","https://amdgroup.kz/catalog/butonovidnye/bory_almaznye_368_016sf_fg/","bory_almaznye_368_016sf_fg","bory almaznye 368 016sf fg","","Стоматологические товары","piece","KZT","","","false","Публичная карточка AMDgroup; цена, остаток и compliance требуют подтверждения поставщиком."
"amdgroup-public","AMDgroup","https://amdgroup.kz/catalog/butonovidnye/bory_almaznye_368_016uf_fg/","bory_almaznye_368_016uf_fg","bory almaznye 368 016uf fg","","Стоматологические товары","piece","KZT","","","false","Публичная карточка AMDgroup; цена, остаток и compliance требуют подтверждения поставщиком."
"amdgroup-public","AMDgroup","https://amdgroup.kz/catalog/butonovidnye/bory_almaznye_368_018c_fg/","bory_almaznye_368_018c_fg","bory almaznye 368 018c fg","","Стоматологические товары","piece","KZT","","","false","Публичная карточка AMDgroup; цена, остаток и compliance требуют подтверждения поставщиком."
"amdgroup-public","AMDgroup","https://amdgroup.kz/catalog/butonovidnye/bory_almaznye_368_018f_fg/","bory_almaznye_368_018f_fg","bory almaznye 368 018f fg","","Стоматологические товары","piece","KZT","","","false","Публичная карточка AMDgroup; цена, остаток и compliance требуют подтверждения поставщиком."
"amdgroup-public","AMDgroup","https://amdgroup.kz/catalog/butonovidnye/bory_almaznye_368_018m_fg/","bory_almaznye_368_018m_fg","bory almaznye 368 018m fg","","Стоматологические товары","piece","KZT","","","false","Публичная карточка AMDgroup; цена, остаток и compliance требуют подтверждения поставщиком."
"amdgroup-public","AMDgroup","https://amdgroup.kz/catalog/butonovidnye/bory_almaznye_368_018sc_fg/","bory_almaznye_368_018sc_fg","bory almaznye 368 018sc fg","","Стоматологические товары","piece","KZT","","","false","Публичная карточка AMDgroup; цена, остаток и compliance требуют подтверждения поставщиком."
"amdgroup-public","AMDgroup","https://amdgroup.kz/catalog/butonovidnye/bory_almaznye_368_018sf_fg/","bory_almaznye_368_018sf_fg","bory almaznye 368 018sf fg","","Стоматологические товары","piece","KZT","","","false","Публичная карточка AMDgroup; цена, остаток и compliance требуют подтверждения поставщиком."
"amdgroup-public","AMDgroup","https://amdgroup.kz/catalog/butonovidnye/bory_almaznye_368_023c_fg/","bory_almaznye_368_023c_fg","bory almaznye 368 023c fg","","Стоматологические товары","piece","KZT","","","false","Публичная карточка AMDgroup; цена, остаток и compliance требуют подтверждения поставщиком."
"amdgroup-public","AMDgroup","https://amdgroup.kz/catalog/butonovidnye/bory_almaznye_368_023f_fg/","bory_almaznye_368_023f_fg","bory almaznye 368 023f fg","","Стоматологические товары","piece","KZT","","","false","Публичная карточка AMDgroup; цена, остаток и compliance требуют подтверждения поставщиком."
"amdgroup-public","AMDgroup","https://amdgroup.kz/catalog/butonovidnye/bory_almaznye_368_023m_fg/","bory_almaznye_368_023m_fg","bory almaznye 368 023m fg","","Стоматологические товары","piece","KZT","","","false","Публичная карточка AMDgroup; цена, остаток и compliance требуют подтверждения поставщиком."
"amdgroup-public","AMDgroup","https://amdgroup.kz/catalog/butonovidnye/bory_almaznye_368_023m_fgl/","bory_almaznye_368_023m_fgl","bory almaznye 368 023m fgl","","Стоматологические товары","piece","KZT","","","false","Публичная карточка AMDgroup; цена, остаток и compliance требуют подтверждения поставщиком."
"amdgroup-public","AMDgroup","https://amdgroup.kz/catalog/butonovidnye/bory_almaznye_368_023sc_fg/","bory_almaznye_368_023sc_fg","bory almaznye 368 023sc fg","","Стоматологические товары","piece","KZT","","","false","Публичная карточка AMDgroup; цена, остаток и compliance требуют подтверждения поставщиком."
"amdgroup-public","AMDgroup","https://amdgroup.kz/catalog/butonovidnye/bory_almaznye_368_023sf_fg/","bory_almaznye_368_023sf_fg","bory almaznye 368 023sf fg","","Стоматологические товары","piece","KZT","","","false","Публичная карточка AMDgroup; цена, остаток и compliance требуют подтверждения поставщиком."
"amdgroup-public","AMDgroup","https://amdgroup.kz/catalog/butonovidnye/bory_almaznye_368_023sf_fgl/","bory_almaznye_368_023sf_fgl","bory almaznye 368 023sf fgl","","Стоматологические товары","piece","KZT","","","false","Публичная карточка AMDgroup; цена, остаток и compliance требуют подтверждения поставщиком."
"amdgroup-public","AMDgroup","https://amdgroup.kz/catalog/butonovidnye/bory_almaznye_369_025c_fg/","bory_almaznye_369_025c_fg","bory almaznye 369 025c fg","","Стоматологические товары","piece","KZT","","","false","Публичная карточка AMDgroup; цена, остаток и compliance требуют подтверждения поставщиком."
"amdgroup-public","AMDgroup","https://amdgroup.kz/catalog/butonovidnye/bory_almaznye_369_025m_fg/","bory_almaznye_369_025m_fg","bory almaznye 369 025m fg","","Стоматологические товары","piece","KZT","","","false","Публичная карточка AMDgroup; цена, остаток и compliance требуют подтверждения поставщиком."
"amdgroup-public","AMDgroup","https://amdgroup.kz/catalog/butonovidnye/bory_almaznye_369_025sf_fg/","bory_almaznye_369_025sf_fg","bory almaznye 369 025sf fg","","Стоматологические товары","piece","KZT","","","false","Публичная карточка AMDgroup; цена, остаток и compliance требуют подтверждения поставщиком."
"amdgroup-public","AMDgroup","https://amdgroup.kz/catalog/butonovidnye/bory_stomatologicheskie_volframovye_karbidnye_diametr_012_v_upakovke_6sht_/","bory_stomatologicheskie_volframovye_karbidnye_diametr_012_v_upakovke_6sht_","bory stomatologicheskie volframovye karbidnye diametr 012 v upakovke 6sht","","Стоматологические товары","piece","KZT","","","false","Публичная карточка AMDgroup; цена, остаток и compliance требуют подтверждения поставщиком."
"amdgroup-public","AMDgroup","https://amdgroup.kz/catalog/bystrosemnoe_soedinenie_/adapter_d_sistemy_quick_iso_assistina_twin_06422600/","adapter_d_sistemy_quick_iso_assistina_twin_06422600","adapter d sistemy quick iso assistina twin 06422600","","Стоматологические товары","piece","KZT","","","false","Публичная карточка AMDgroup; цена, остаток и compliance требуют подтверждения поставщиком."
"amdgroup-public","AMDgroup","https://amdgroup.kz/catalog/bystrosemnoe_soedinenie_/adapter_d_sistemy_quick_rm_assistina_twin_06395100/","adapter_d_sistemy_quick_rm_assistina_twin_06395100","adapter d sistemy quick rm assistina twin 06395100","","Стоматологические товары","piece","KZT","","","false","Публичная карточка AMDgroup; цена, остаток и compliance требуют подтверждения поставщиком."
"amdgroup-public","AMDgroup","https://amdgroup.kz/catalog/bystrosemnoe_soedinenie_/adapter_d_sistemy_roto_quick_assistina_twin_02690400/","adapter_d_sistemy_roto_quick_assistina_twin_02690400","adapter d sistemy roto quick assistina twin 02690400","","Стоматологические товары","piece","KZT","","","false","Публичная карточка AMDgroup; цена, остаток и compliance требуют подтверждения поставщиком."
"amdgroup-public","AMDgroup","https://amdgroup.kz/catalog/bystrosemnoe_soedinenie_/nosiki_d_nakonechnika_40sht/","nosiki_d_nakonechnika_40sht","nosiki d nakonechnika 40sht","","Стоматологические товары","piece","KZT","","","false","Публичная карточка AMDgroup; цена, остаток и compliance требуют подтверждения поставщиком."
"amdgroup-public","AMDgroup","https://amdgroup.kz/catalog/bystrosemnoe_soedinenie_/rotokvik_4n_coupling_sr4_wo_dlya_turbiny_twinpower_/","rotokvik_4n_coupling_sr4_wo_dlya_turbiny_twinpower_","rotokvik 4n coupling sr4 wo dlya turbiny twinpower","","Стоматологические товары","piece","KZT","","","false","Публичная карточка AMDgroup; цена, остаток и compliance требуют подтверждения поставщиком."
"amdgroup-public","AMDgroup","https://amdgroup.kz/catalog/bystrosemnoe_soedinenie_/rotokvik_dlya_nakonechnika_rq_24_924_10402400/","rotokvik_dlya_nakonechnika_rq_24_924_10402400","rotokvik dlya nakonechnika rq 24 924 10402400","","Стоматологические товары","piece","KZT","","","false","Публичная карточка AMDgroup; цена, остаток и compliance требуют подтверждения поставщиком."
"amdgroup-public","AMDgroup","https://amdgroup.kz/catalog/bystrosemnoe_soedinenie_/rotokvik_rq_54_dlya_nakonechnika_te_97_lq_10405400/","rotokvik_rq_54_dlya_nakonechnika_te_97_lq_10405400","rotokvik rq 54 dlya nakonechnika te 97 lq 10405400","","Стоматологические товары","piece","KZT","","","false","Публичная карточка AMDgroup; цена, остаток и compliance требуют подтверждения поставщиком."
"amdgroup-public","AMDgroup","https://amdgroup.kz/catalog/dlya_apparata_vektor/dez_sr_vo_vector_cleaner_2_5l/","dez_sr_vo_vector_cleaner_2_5l","dez sr vo vector cleaner 2 5l","","Стоматологические товары","piece","KZT","","","false","Публичная карточка AMDgroup; цена, остаток и compliance требуют подтверждения поставщиком."
"amdgroup-public","AMDgroup","https://amdgroup.kz/catalog/dlya_apparata_vektor/dez_sredstvo_vector_rins_endo_2_5l/","dez_sredstvo_vector_rins_endo_2_5l","dez sredstvo vector rins endo 2 5l","","Стоматологические товары","piece","KZT","","","false","Публичная карточка AMDgroup; цена, остаток и compliance требуют подтверждения поставщиком."
"amdgroup-public","AMDgroup","https://amdgroup.kz/catalog/dlya_aspiratsionnykh_sistem/butylka_dlya_promyvaniya_orocup_0780_350_00/","butylka_dlya_promyvaniya_orocup_0780_350_00","butylka dlya promyvaniya orocup 0780 350 00","","Стоматологические товары","piece","KZT","","","false","Публичная карточка AMDgroup; цена, остаток и compliance требуют подтверждения поставщиком."
"amdgroup-public","AMDgroup","https://amdgroup.kz/catalog/dlya_aspiratsionnykh_sistem/dez_sr_vo_md_555_2_5l_d_stom_ust/","dez_sr_vo_md_555_2_5l_d_stom_ust","dez sr vo md 555 2 5l d stom ust","","Стоматологические товары","piece","KZT","","","false","Публичная карточка AMDgroup; цена, остаток и compliance требуют подтверждения поставщиком."
"amdgroup-public","AMDgroup","https://amdgroup.kz/catalog/dlya_aspiratsionnykh_sistem/dez_sr_vo_orotol_plus_d_stom_ust_2_5l_/","dez_sr_vo_orotol_plus_d_stom_ust_2_5l_","dez sr vo orotol plus d stom ust 2 5l","","Стоматологические товары","piece","KZT","","","false","Публичная карточка AMDgroup; цена, остаток и compliance требуют подтверждения поставщиком."
"amdgroup-public","AMDgroup","https://amdgroup.kz/catalog/dlya_instrumentov/dez_sr_vo_id_212_d_obshch_khirurg_instr_2_5l/","dez_sr_vo_id_212_d_obshch_khirurg_instr_2_5l","dez sr vo id 212 d obshch khirurg instr 2 5l","","Стоматологические товары","piece","KZT","","","false","Публичная карточка AMDgroup; цена, остаток и compliance требуют подтверждения поставщиком."
"amdgroup-public","AMDgroup","https://amdgroup.kz/catalog/dlya_instrumentov/dez_sr_vo_id_220_d_vrashch_instr_2_5l_ultrazvuk_/","dez_sr_vo_id_220_d_vrashch_instr_2_5l_ultrazvuk_","dez sr vo id 220 d vrashch instr 2 5l ultrazvuk","","Стоматологические товары","piece","KZT","","","false","Публичная карточка AMDgroup; цена, остаток и compliance требуют подтверждения поставщиком."
"amdgroup-public","AMDgroup","https://amdgroup.kz/catalog/dlya_koronki/abatment_titanovyy_vremennyy_dlya_koronki_3_5_cf_gh_0_5_np/","abatment_titanovyy_vremennyy_dlya_koronki_3_5_cf_gh_0_5_np","abatment titanovyy vremennyy dlya koronki 3 5 cf gh 0 5 np","","Стоматологические товары","piece","KZT","","","false","Публичная карточка AMDgroup; цена, остаток и compliance требуют подтверждения поставщиком."
"amdgroup-public","AMDgroup","https://amdgroup.kz/catalog/dlya_koronki/abatment_titanovyy_vremennyy_dlya_koronki_3_5_cf_gh_1_0_np/","abatment_titanovyy_vremennyy_dlya_koronki_3_5_cf_gh_1_0_np","abatment titanovyy vremennyy dlya koronki 3 5 cf gh 1 0 np","","Стоматологические товары","piece","KZT","","","false","Публичная карточка AMDgroup; цена, остаток и compliance требуют подтверждения поставщиком."
"amdgroup-public","AMDgroup","https://amdgroup.kz/catalog/dlya_koronki/abatment_titanovyy_vremennyy_dlya_koronki_3_5_cf_gh_3_0_np/","abatment_titanovyy_vremennyy_dlya_koronki_3_5_cf_gh_3_0_np","abatment titanovyy vremennyy dlya koronki 3 5 cf gh 3 0 np","","Стоматологические товары","piece","KZT","","","false","Публичная карточка AMDgroup; цена, остаток и compliance требуют подтверждения поставщиком."
"amdgroup-public","AMDgroup","https://amdgroup.kz/catalog/dlya_koronki/abatment_titanovyy_vremennyy_dlya_koronki_4_5_cf_gh_0_5_np/","abatment_titanovyy_vremennyy_dlya_koronki_4_5_cf_gh_0_5_np","abatment titanovyy vremennyy dlya koronki 4 5 cf gh 0 5 np","","Стоматологические товары","piece","KZT","","","false","Публичная карточка AMDgroup; цена, остаток и compliance требуют подтверждения поставщиком."
"amdgroup-public","AMDgroup","https://amdgroup.kz/catalog/dlya_koronki/abatment_titanovyy_vremennyy_dlya_koronki_4_5_cf_gh_0_5_sp/","abatment_titanovyy_vremennyy_dlya_koronki_4_5_cf_gh_0_5_sp","abatment titanovyy vremennyy dlya koronki 4 5 cf gh 0 5 sp","","Стоматологические товары","piece","KZT","","","false","Публичная карточка AMDgroup; цена, остаток и compliance требуют подтверждения поставщиком."
"amdgroup-public","AMDgroup","https://amdgroup.kz/catalog/dlya_koronki/abatment_titanovyy_vremennyy_dlya_koronki_4_5_cf_gh_1_0_np/","abatment_titanovyy_vremennyy_dlya_koronki_4_5_cf_gh_1_0_np","abatment titanovyy vremennyy dlya koronki 4 5 cf gh 1 0 np","","Стоматологические товары","piece","KZT","","","false","Публичная карточка AMDgroup; цена, остаток и compliance требуют подтверждения поставщиком."
"amdgroup-public","AMDgroup","https://amdgroup.kz/catalog/dlya_koronki/abatment_titanovyy_vremennyy_dlya_koronki_4_5_cf_gh_1_0_sp/","abatment_titanovyy_vremennyy_dlya_koronki_4_5_cf_gh_1_0_sp","abatment titanovyy vremennyy dlya koronki 4 5 cf gh 1 0 sp","","Стоматологические товары","piece","KZT","","","false","Публичная карточка AMDgroup; цена, остаток и compliance требуют подтверждения поставщиком."
"amdgroup-public","AMDgroup","https://amdgroup.kz/catalog/dlya_koronki/abatment_titanovyy_vremennyy_dlya_koronki_4_5_cf_gh_3_0_np/","abatment_titanovyy_vremennyy_dlya_koronki_4_5_cf_gh_3_0_np","abatment titanovyy vremennyy dlya koronki 4 5 cf gh 3 0 np","","Стоматологические товары","piece","KZT","","","false","Публичная карточка AMDgroup; цена, остаток и compliance требуют подтверждения поставщиком."
"amdgroup-public","AMDgroup","https://amdgroup.kz/catalog/dlya_koronki/abatment_titanovyy_vremennyy_dlya_koronki_4_5_cf_gh_3_0_sp/","abatment_titanovyy_vremennyy_dlya_koronki_4_5_cf_gh_3_0_sp","abatment titanovyy vremennyy dlya koronki 4 5 cf gh 3 0 sp","","Стоматологические товары","piece","KZT","","","false","Публичная карточка AMDgroup; цена, остаток и compliance требуют подтверждения поставщиком."
"amdgroup-public","AMDgroup","https://amdgroup.kz/catalog/dlya_koronki/abatment_titanovyy_vremennyy_dlya_koronki_5_5_cf_gh_0_5_sp/","abatment_titanovyy_vremennyy_dlya_koronki_5_5_cf_gh_0_5_sp","abatment titanovyy vremennyy dlya koronki 5 5 cf gh 0 5 sp","","Стоматологические товары","piece","KZT","","","false","Публичная карточка AMDgroup; цена, остаток и compliance требуют подтверждения поставщиком."
"amdgroup-public","AMDgroup","https://amdgroup.kz/catalog/dlya_koronki/abatment_titanovyy_vremennyy_dlya_koronki_5_5_cf_gh_1_0_sp/","abatment_titanovyy_vremennyy_dlya_koronki_5_5_cf_gh_1_0_sp","abatment titanovyy vremennyy dlya koronki 5 5 cf gh 1 0 sp","","Стоматологические товары","piece","KZT","","","false","Публичная карточка AMDgroup; цена, остаток и compliance требуют подтверждения поставщиком."
"amdgroup-public","AMDgroup","https://amdgroup.kz/catalog/dlya_koronki/abatment_titanovyy_vremennyy_dlya_koronki_5_5_cf_gh_3_0_sp/","abatment_titanovyy_vremennyy_dlya_koronki_5_5_cf_gh_3_0_sp","abatment titanovyy vremennyy dlya koronki 5 5 cf gh 3 0 sp","","Стоматологические товары","piece","KZT","","","false","Публичная карточка AMDgroup; цена, остаток и compliance требуют подтверждения поставщиком."
"amdgroup-public","AMDgroup","https://amdgroup.kz/catalog/dlya_koronki_/osnova_titanovaya_dlya_koronki_3_5kh6_0kh0_5_cf_np/","osnova_titanovaya_dlya_koronki_3_5kh6_0kh0_5_cf_np","osnova titanovaya dlya koronki 3 5kh6 0kh0 5 cf np","","Стоматологические товары","piece","KZT","","","false","Публичная карточка AMDgroup; цена, остаток и compliance требуют подтверждения поставщиком."
"amdgroup-public","AMDgroup","https://amdgroup.kz/catalog/dlya_koronki_/osnova_titanovaya_dlya_koronki_3_5x6_0x1_0_cf_np/","osnova_titanovaya_dlya_koronki_3_5x6_0x1_0_cf_np","osnova titanovaya dlya koronki 3 5x6 0x1 0 cf np","","Стоматологические товары","piece","KZT","","","false","Публичная карточка AMDgroup; цена, остаток и compliance требуют подтверждения поставщиком."
"amdgroup-public","AMDgroup","https://amdgroup.kz/catalog/dlya_koronki_/osnova_titanovaya_dlya_koronki_3_5x6_0x3_0_cf_np/","osnova_titanovaya_dlya_koronki_3_5x6_0x3_0_cf_np","osnova titanovaya dlya koronki 3 5x6 0x3 0 cf np","","Стоматологические товары","piece","KZT","","","false","Публичная карточка AMDgroup; цена, остаток и compliance требуют подтверждения поставщиком."
"amdgroup-public","AMDgroup","https://amdgroup.kz/catalog/dlya_koronki_/osnova_titanovaya_dlya_koronki_4_5kh6_0kh0_5_cf_np/","osnova_titanovaya_dlya_koronki_4_5kh6_0kh0_5_cf_np","osnova titanovaya dlya koronki 4 5kh6 0kh0 5 cf np","","Стоматологические товары","piece","KZT","","","false","Публичная карточка AMDgroup; цена, остаток и compliance требуют подтверждения поставщиком."
"amdgroup-public","AMDgroup","https://amdgroup.kz/catalog/dlya_koronki_/osnova_titanovaya_dlya_koronki_4_5x6_0x0_5_cf_sp/","osnova_titanovaya_dlya_koronki_4_5x6_0x0_5_cf_sp","osnova titanovaya dlya koronki 4 5x6 0x0 5 cf sp","","Стоматологические товары","piece","KZT","","","false","Публичная карточка AMDgroup; цена, остаток и compliance требуют подтверждения поставщиком."
"amdgroup-public","AMDgroup","https://amdgroup.kz/catalog/dlya_koronki_/osnova_titanovaya_dlya_koronki_4_5x6_0x1_0_cf_np/","osnova_titanovaya_dlya_koronki_4_5x6_0x1_0_cf_np","osnova titanovaya dlya koronki 4 5x6 0x1 0 cf np","","Стоматологические товары","piece","KZT","","","false","Публичная карточка AMDgroup; цена, остаток и compliance требуют подтверждения поставщиком."
"amdgroup-public","AMDgroup","https://amdgroup.kz/catalog/dlya_koronki_/osnova_titanovaya_dlya_koronki_4_5x6_0x1_0_cf_sp/","osnova_titanovaya_dlya_koronki_4_5x6_0x1_0_cf_sp","osnova titanovaya dlya koronki 4 5x6 0x1 0 cf sp","","Стоматологические товары","piece","KZT","","","false","Публичная карточка AMDgroup; цена, остаток и compliance требуют подтверждения поставщиком."
"amdgroup-public","AMDgroup","https://amdgroup.kz/catalog/dlya_koronki_/osnova_titanovaya_dlya_koronki_4_5x6_0x3_0_cf_np/","osnova_titanovaya_dlya_koronki_4_5x6_0x3_0_cf_np","osnova titanovaya dlya koronki 4 5x6 0x3 0 cf np","","Стоматологические товары","piece","KZT","","","false","Публичная карточка AMDgroup; цена, остаток и compliance требуют подтверждения поставщиком."
"amdgroup-public","AMDgroup","https://amdgroup.kz/catalog/dlya_koronki_/osnova_titanovaya_dlya_koronki_4_5x6_0x3_0_cf_sp/","osnova_titanovaya_dlya_koronki_4_5x6_0x3_0_cf_sp","osnova titanovaya dlya koronki 4 5x6 0x3 0 cf sp","","Стоматологические товары","piece","KZT","","","false","Публичная карточка AMDgroup; цена, остаток и compliance требуют подтверждения поставщиком."
"amdgroup-public","AMDgroup","https://amdgroup.kz/catalog/dlya_koronki_/osnova_titanovaya_dlya_koronki_5_5x6_0x0_5_cf_sp/","osnova_titanovaya_dlya_koronki_5_5x6_0x0_5_cf_sp","osnova titanovaya dlya koronki 5 5x6 0x0 5 cf sp","","Стоматологические товары","piece","KZT","","","false","Публичная карточка AMDgroup; цена, остаток и compliance требуют подтверждения поставщиком."
"amdgroup-public","AMDgroup","https://amdgroup.kz/catalog/dlya_koronki_/osnova_titanovaya_dlya_koronki_5_5x6_0x1_0_cf_sp/","osnova_titanovaya_dlya_koronki_5_5x6_0x1_0_cf_sp","osnova titanovaya dlya koronki 5 5x6 0x1 0 cf sp","","Стоматологические товары","piece","KZT","","","false","Публичная карточка AMDgroup; цена, остаток и compliance требуют подтверждения поставщиком."
"amdgroup-public","AMDgroup","https://amdgroup.kz/catalog/dlya_koronki_/osnova_titanovaya_dlya_koronki_5_5x6_0x3_0_cf_sp/","osnova_titanovaya_dlya_koronki_5_5x6_0x3_0_cf_sp","osnova titanovaya dlya koronki 5 5x6 0x3 0 cf sp","","Стоматологические товары","piece","KZT","","","false","Публичная карточка AMDgroup; цена, остаток и compliance требуют подтверждения поставщиком."
"amdgroup-public","AMDgroup","https://amdgroup.kz/catalog/dlya_mosta_/osnova_titanovaya_dlya_mosta_3_5kh4_5kh0_5_cf_np/","osnova_titanovaya_dlya_mosta_3_5kh4_5kh0_5_cf_np","osnova titanovaya dlya mosta 3 5kh4 5kh0 5 cf np","","Стоматологические товары","piece","KZT","","","false","Публичная карточка AMDgroup; цена, остаток и compliance требуют подтверждения поставщиком."
"amdgroup-public","AMDgroup","https://amdgroup.kz/catalog/dlya_mosta_/osnova_titanovaya_dlya_mosta_3_5kh4_5kh1_0_cf_np/","osnova_titanovaya_dlya_mosta_3_5kh4_5kh1_0_cf_np","osnova titanovaya dlya mosta 3 5kh4 5kh1 0 cf np","","Стоматологические товары","piece","KZT","","","false","Публичная карточка AMDgroup; цена, остаток и compliance требуют подтверждения поставщиком."
"amdgroup-public","AMDgroup","https://amdgroup.kz/catalog/dlya_mosta_/osnova_titanovaya_dlya_mosta_3_5kh4_5kh3_0_cf_np/","osnova_titanovaya_dlya_mosta_3_5kh4_5kh3_0_cf_np","osnova titanovaya dlya mosta 3 5kh4 5kh3 0 cf np","","Стоматологические товары","piece","KZT","","","false","Публичная карточка AMDgroup; цена, остаток и compliance требуют подтверждения поставщиком."
"amdgroup-public","AMDgroup","https://amdgroup.kz/catalog/dlya_mosta_/osnova_titanovaya_dlya_mosta_4_5kh4_5kh0_5_cf_np/","osnova_titanovaya_dlya_mosta_4_5kh4_5kh0_5_cf_np","osnova titanovaya dlya mosta 4 5kh4 5kh0 5 cf np","","Стоматологические товары","piece","KZT","","","false","Публичная карточка AMDgroup; цена, остаток и compliance требуют подтверждения поставщиком."
"amdgroup-public","AMDgroup","https://amdgroup.kz/catalog/dlya_mosta_/osnova_titanovaya_dlya_mosta_4_5kh4_5kh0_5_cf_sp/","osnova_titanovaya_dlya_mosta_4_5kh4_5kh0_5_cf_sp","osnova titanovaya dlya mosta 4 5kh4 5kh0 5 cf sp","","Стоматологические товары","piece","KZT","","","false","Публичная карточка AMDgroup; цена, остаток и compliance требуют подтверждения поставщиком."
"amdgroup-public","AMDgroup","https://amdgroup.kz/catalog/dlya_mosta_/osnova_titanovaya_dlya_mosta_4_5kh4_5kh1_0_cf_np/","osnova_titanovaya_dlya_mosta_4_5kh4_5kh1_0_cf_np","osnova titanovaya dlya mosta 4 5kh4 5kh1 0 cf np","","Стоматологические товары","piece","KZT","","","false","Публичная карточка AMDgroup; цена, остаток и compliance требуют подтверждения поставщиком."
"amdgroup-public","AMDgroup","https://amdgroup.kz/catalog/dlya_mosta_/osnova_titanovaya_dlya_mosta_4_5kh4_5kh3_0_cf_np/","osnova_titanovaya_dlya_mosta_4_5kh4_5kh3_0_cf_np","osnova titanovaya dlya mosta 4 5kh4 5kh3 0 cf np","","Стоматологические товары","piece","KZT","","","false","Публичная карточка AMDgroup; цена, остаток и compliance требуют подтверждения поставщиком."
"amdgroup-public","AMDgroup","https://amdgroup.kz/catalog/dlya_mosta_/osnova_titanovaya_dlya_mosta_4_5x4_5x1_0_cf_sp/","osnova_titanovaya_dlya_mosta_4_5x4_5x1_0_cf_sp","osnova titanovaya dlya mosta 4 5x4 5x1 0 cf sp","","Стоматологические товары","piece","KZT","","","false","Публичная карточка AMDgroup; цена, остаток и compliance требуют подтверждения поставщиком."
"amdgroup-public","AMDgroup","https://amdgroup.kz/catalog/dlya_mosta_/osnova_titanovaya_dlya_mosta_4_5x4_5x3_0_cf_sp/","osnova_titanovaya_dlya_mosta_4_5x4_5x3_0_cf_sp","osnova titanovaya dlya mosta 4 5x4 5x3 0 cf sp","","Стоматологические товары","piece","KZT","","","false","Публичная карточка AMDgroup; цена, остаток и compliance требуют подтверждения поставщиком."
"amdgroup-public","AMDgroup","https://amdgroup.kz/catalog/dlya_mosta_/osnova_titanovaya_dlya_mosta_5_5kh4_5kh0_5_cf_sp/","osnova_titanovaya_dlya_mosta_5_5kh4_5kh0_5_cf_sp","osnova titanovaya dlya mosta 5 5kh4 5kh0 5 cf sp","","Стоматологические товары","piece","KZT","","","false","Публичная карточка AMDgroup; цена, остаток и compliance требуют подтверждения поставщиком."
"amdgroup-public","AMDgroup","https://amdgroup.kz/catalog/dlya_mosta_/osnova_titanovaya_dlya_mosta_5_5kh4_5kh3_0_cf_sp/","osnova_titanovaya_dlya_mosta_5_5kh4_5kh3_0_cf_sp","osnova titanovaya dlya mosta 5 5kh4 5kh3 0 cf sp","","Стоматологические товары","piece","KZT","","","false","Публичная карточка AMDgroup; цена, остаток и compliance требуют подтверждения поставщиком."
"amdgroup-public","AMDgroup","https://amdgroup.kz/catalog/dlya_mosta_/osnova_titanovaya_dlya_mosta_5_5x4_5x1_0_cf_sp/","osnova_titanovaya_dlya_mosta_5_5x4_5x1_0_cf_sp","osnova titanovaya dlya mosta 5 5x4 5x1 0 cf sp","","Стоматологические товары","piece","KZT","","","false","Публичная карточка AMDgroup; цена, остаток и compliance требуют подтверждения поставщиком."
"amdgroup-public","AMDgroup","https://amdgroup.kz/catalog/dlya_mostov/abatment_titanovyy_vremennyy_dlya_mostov_3_5_cf_gh_0_5_np/","abatment_titanovyy_vremennyy_dlya_mostov_3_5_cf_gh_0_5_np","abatment titanovyy vremennyy dlya mostov 3 5 cf gh 0 5 np","","Стоматологические товары","piece","KZT","","","false","Публичная карточка AMDgroup; цена, остаток и compliance требуют подтверждения поставщиком."
"amdgroup-public","AMDgroup","https://amdgroup.kz/catalog/dlya_mostov/abatment_titanovyy_vremennyy_dlya_mostov_3_5_cf_gh_1_0_np/","abatment_titanovyy_vremennyy_dlya_mostov_3_5_cf_gh_1_0_np","abatment titanovyy vremennyy dlya mostov 3 5 cf gh 1 0 np","","Стоматологические товары","piece","KZT","","","false","Публичная карточка AMDgroup; цена, остаток и compliance требуют подтверждения поставщиком."
"amdgroup-public","AMDgroup","https://amdgroup.kz/catalog/dlya_mostov/abatment_titanovyy_vremennyy_dlya_mostov_3_5_cf_gh_3_0_np/","abatment_titanovyy_vremennyy_dlya_mostov_3_5_cf_gh_3_0_np","abatment titanovyy vremennyy dlya mostov 3 5 cf gh 3 0 np","","Стоматологические товары","piece","KZT","","","false","Публичная карточка AMDgroup; цена, остаток и compliance требуют подтверждения поставщиком."
"amdgroup-public","AMDgroup","https://amdgroup.kz/catalog/dlya_mostov/abatment_titanovyy_vremennyy_dlya_mostov_4_5_cf_gh_0_5_np/","abatment_titanovyy_vremennyy_dlya_mostov_4_5_cf_gh_0_5_np","abatment titanovyy vremennyy dlya mostov 4 5 cf gh 0 5 np","","Стоматологические товары","piece","KZT","","","false","Публичная карточка AMDgroup; цена, остаток и compliance требуют подтверждения поставщиком."
"amdgroup-public","AMDgroup","https://amdgroup.kz/catalog/dlya_mostov/abatment_titanovyy_vremennyy_dlya_mostov_4_5_cf_gh_0_5_sp/","abatment_titanovyy_vremennyy_dlya_mostov_4_5_cf_gh_0_5_sp","abatment titanovyy vremennyy dlya mostov 4 5 cf gh 0 5 sp","","Стоматологические товары","piece","KZT","","","false","Публичная карточка AMDgroup; цена, остаток и compliance требуют подтверждения поставщиком."
"amdgroup-public","AMDgroup","https://amdgroup.kz/catalog/dlya_mostov/abatment_titanovyy_vremennyy_dlya_mostov_4_5_cf_gh_1_0_np/","abatment_titanovyy_vremennyy_dlya_mostov_4_5_cf_gh_1_0_np","abatment titanovyy vremennyy dlya mostov 4 5 cf gh 1 0 np","","Стоматологические товары","piece","KZT","","","false","Публичная карточка AMDgroup; цена, остаток и compliance требуют подтверждения поставщиком."
"amdgroup-public","AMDgroup","https://amdgroup.kz/catalog/dlya_mostov/abatment_titanovyy_vremennyy_dlya_mostov_4_5_cf_gh_1_0_sp/","abatment_titanovyy_vremennyy_dlya_mostov_4_5_cf_gh_1_0_sp","abatment titanovyy vremennyy dlya mostov 4 5 cf gh 1 0 sp","","Стоматологические товары","piece","KZT","","","false","Публичная карточка AMDgroup; цена, остаток и compliance требуют подтверждения поставщиком."
"amdgroup-public","AMDgroup","https://amdgroup.kz/catalog/dlya_mostov/abatment_titanovyy_vremennyy_dlya_mostov_4_5_cf_gh_3_0_np/","abatment_titanovyy_vremennyy_dlya_mostov_4_5_cf_gh_3_0_np","abatment titanovyy vremennyy dlya mostov 4 5 cf gh 3 0 np","","Стоматологические товары","piece","KZT","","","false","Публичная карточка AMDgroup; цена, остаток и compliance требуют подтверждения поставщиком."
"amdgroup-public","AMDgroup","https://amdgroup.kz/catalog/dlya_mostov/abatment_titanovyy_vremennyy_dlya_mostov_4_5_cf_gh_3_0_sp/","abatment_titanovyy_vremennyy_dlya_mostov_4_5_cf_gh_3_0_sp","abatment titanovyy vremennyy dlya mostov 4 5 cf gh 3 0 sp","","Стоматологические товары","piece","KZT","","","false","Публичная карточка AMDgroup; цена, остаток и compliance требуют подтверждения поставщиком."
"amdgroup-public","AMDgroup","https://amdgroup.kz/catalog/dlya_mostov/abatment_titanovyy_vremennyy_dlya_mostov_5_5_cf_gh_0_5_sp/","abatment_titanovyy_vremennyy_dlya_mostov_5_5_cf_gh_0_5_sp","abatment titanovyy vremennyy dlya mostov 5 5 cf gh 0 5 sp","","Стоматологические товары","piece","KZT","","","false","Публичная карточка AMDgroup; цена, остаток и compliance требуют подтверждения поставщиком."
"amdgroup-public","AMDgroup","https://amdgroup.kz/catalog/dlya_mostov/abatment_titanovyy_vremennyy_dlya_mostov_5_5_cf_gh_1_0_sp/","abatment_titanovyy_vremennyy_dlya_mostov_5_5_cf_gh_1_0_sp","abatment titanovyy vremennyy dlya mostov 5 5 cf gh 1 0 sp","","Стоматологические товары","piece","KZT","","","false","Публичная карточка AMDgroup; цена, остаток и compliance требуют подтверждения поставщиком."
"amdgroup-public","AMDgroup","https://amdgroup.kz/catalog/dlya_mostov/abatment_titanovyy_vremennyy_dlya_mostov_5_5_cf_gh_3_0_sp/","abatment_titanovyy_vremennyy_dlya_mostov_5_5_cf_gh_3_0_sp","abatment titanovyy vremennyy dlya mostov 5 5 cf gh 3 0 sp","","Стоматологические товары","piece","KZT","","","false","Публичная карточка AMDgroup; цена, остаток и compliance требуют подтверждения поставщиком."
"amdgroup-public","AMDgroup","https://amdgroup.kz/catalog/dlya_ottiskov_/dez_sr_vo_md_520_d_zub_tekhn_izd_2_5l_/","dez_sr_vo_md_520_d_zub_tekhn_izd_2_5l_","dez sr vo md 520 d zub tekhn izd 2 5l","","Стоматологические товары","piece","KZT","","","false","Публичная карточка AMDgroup; цена, остаток и compliance требуют подтверждения поставщиком."
"amdgroup-public","AMDgroup","https://amdgroup.kz/catalog/dlya_poverkhnosti/dez_sr_vo_fd_312_d_sten_polov_2_5l_/","dez_sr_vo_fd_312_d_sten_polov_2_5l_","dez sr vo fd 312 d sten polov 2 5l","","Стоматологические товары","piece","KZT","","","false","Публичная карточка AMDgroup; цена, остаток и compliance требуют подтверждения поставщиком."
"amdgroup-public","AMDgroup","https://amdgroup.kz/catalog/dlya_poverkhnosti/dez_sr_vo_fd_322_d_poverkhn_2_5l/","dez_sr_vo_fd_322_d_poverkhn_2_5l","dez sr vo fd 322 d poverkhn 2 5l","","Стоматологические товары","piece","KZT","","","false","Публичная карточка AMDgroup; цена, остаток и compliance требуют подтверждения поставщиком."
"amdgroup-public","AMDgroup","https://amdgroup.kz/catalog/dlya_poverkhnosti/dez_sr_vo_fd_366_2_5l_d_analizatora_gematologicheskogo_abx_micros_es_60_/","dez_sr_vo_fd_366_2_5l_d_analizatora_gematologicheskogo_abx_micros_es_60_","dez sr vo fd 366 2 5l d analizatora gematologicheskogo abx micros es 60","","Стоматологические товары","piece","KZT","","","false","Публичная карточка AMDgroup; цена, остаток и compliance требуют подтверждения поставщиком."
"amdgroup-public","AMDgroup","https://amdgroup.kz/catalog/dlya_poverkhnosti/salfetki_dlya_dezinfektsii_/","salfetki_dlya_dezinfektsii_","salfetki dlya dezinfektsii","","Стоматологические товары","piece","KZT","","","false","Публичная карточка AMDgroup; цена, остаток и compliance требуют подтверждения поставщиком."
"amdgroup-public","AMDgroup","https://amdgroup.kz/catalog/dlya_razrezaniya_koronok/bory_almaznye_g5114_ra/","bory_almaznye_g5114_ra","bory almaznye g5114 ra","","Стоматологические товары","piece","KZT","","","false","Публичная карточка AMDgroup; цена, остаток и compliance требуют подтверждения поставщиком."
"amdgroup-public","AMDgroup","https://amdgroup.kz/catalog/dlya_razrezaniya_koronok/bory_almaznye_h31mf_010_fg/","bory_almaznye_h31mf_010_fg","bory almaznye h31mf 010 fg","","Стоматологические товары","piece","KZT","","","false","Публичная карточка AMDgroup; цена, остаток и compliance требуют подтверждения поставщиком."
"amdgroup-public","AMDgroup","https://amdgroup.kz/catalog/dlya_razrezaniya_koronok/bory_almaznye_h31rmf_010_fg/","bory_almaznye_h31rmf_010_fg","bory almaznye h31rmf 010 fg","","Стоматологические товары","piece","KZT","","","false","Публичная карточка AMDgroup; цена, остаток и compliance требуют подтверждения поставщиком."
"amdgroup-public","AMDgroup","https://amdgroup.kz/catalog/dlya_razrezaniya_koronok/bory_almaznye_h46_012_fg/","bory_almaznye_h46_012_fg","bory almaznye h46 012 fg","","Стоматологические товары","piece","KZT","","","false","Публичная карточка AMDgroup; цена, остаток и compliance требуют подтверждения поставщиком."
"amdgroup-public","AMDgroup","https://amdgroup.kz/catalog/dlya_razrezaniya_koronok/bory_almaznye_h46_014_fg/","bory_almaznye_h46_014_fg","bory almaznye h46 014 fg","","Стоматологические товары","piece","KZT","","","false","Публичная карточка AMDgroup; цена, остаток и compliance требуют подтверждения поставщиком."
"amdgroup-public","AMDgroup","https://amdgroup.kz/catalog/dlya_razrezaniya_koronok/bory_almaznye_h48l_010_fg/","bory_almaznye_h48l_010_fg","bory almaznye h48l 010 fg","","Стоматологические товары","piece","KZT","","","false","Публичная карточка AMDgroup; цена, остаток и compliance требуют подтверждения поставщиком."
"amdgroup-public","AMDgroup","https://amdgroup.kz/catalog/dlya_razrezaniya_koronok/bory_almaznye_h48l_012_fg/","bory_almaznye_h48l_012_fg","bory almaznye h48l 012 fg","","Стоматологические товары","piece","KZT","","","false","Публичная карточка AMDgroup; цена, остаток и compliance требуют подтверждения поставщиком."
"amdgroup-public","AMDgroup","https://amdgroup.kz/catalog/dlya_razrezaniya_koronok/bory_almaznye_h48l_014_fgxxl/","bory_almaznye_h48l_014_fgxxl","bory almaznye h48l 014 fgxxl","","Стоматологические товары","piece","KZT","","","false","Публичная карточка AMDgroup; цена, остаток и compliance требуют подтверждения поставщиком."
"amdgroup-public","AMDgroup","https://amdgroup.kz/catalog/dlya_razrezaniya_koronok/bory_almaznye_h48l_023_fgxxl/","bory_almaznye_h48l_023_fgxxl","bory almaznye h48l 023 fgxxl","","Стоматологические товары","piece","KZT","","","false","Публичная карточка AMDgroup; цена, остаток и compliance требуют подтверждения поставщиком."
"amdgroup-public","AMDgroup","https://amdgroup.kz/catalog/dlya_razrezaniya_koronok/bory_almaznye_h48ls_012_fg/","bory_almaznye_h48ls_012_fg","bory almaznye h48ls 012 fg","","Стоматологические товары","piece","KZT","","","false","Публичная карточка AMDgroup; цена, остаток и compliance требуют подтверждения поставщиком."
"amdgroup-public","AMDgroup","https://amdgroup.kz/catalog/dlya_razrezaniya_koronok/bory_almaznye_h7mf_008_fg/","bory_almaznye_h7mf_008_fg","bory almaznye h7mf 008 fg","","Стоматологические товары","piece","KZT","","","false","Публичная карточка AMDgroup; цена, остаток и compliance требуют подтверждения поставщиком."
"amdgroup-public","AMDgroup","https://amdgroup.kz/catalog/dlya_razrezaniya_koronok/bory_tverdosplavnye_h245mf_008_fg/","bory_tverdosplavnye_h245mf_008_fg","bory tverdosplavnye h245mf 008 fg","","Стоматологические товары","piece","KZT","","","false","Публичная карточка AMDgroup; цена, остаток и compliance требуют подтверждения поставщиком."
"amdgroup-public","AMDgroup","https://amdgroup.kz/catalog/dlya_razrezaniya_koronok/bory_tverdosplavnye_h31r_010_fg/","bory_tverdosplavnye_h31r_010_fg","bory tverdosplavnye h31r 010 fg","","Стоматологические товары","piece","KZT","","","false","Публичная карточка AMDgroup; цена, остаток и compliance требуют подтверждения поставщиком."
"amdgroup-public","AMDgroup","https://amdgroup.kz/catalog/dlya_razrezaniya_koronok/bory_tverdosplavnye_h31r_012_fg/","bory_tverdosplavnye_h31r_012_fg","bory tverdosplavnye h31r 012 fg","","Стоматологические товары","piece","KZT","","","false","Публичная карточка AMDgroup; цена, остаток и compliance требуют подтверждения поставщиком."
"amdgroup-public","AMDgroup","https://amdgroup.kz/catalog/dlya_razrezaniya_koronok/bory_tverdosplavnye_h31rmf_012_fg/","bory_tverdosplavnye_h31rmf_012_fg","bory tverdosplavnye h31rmf 012 fg","","Стоматологические товары","piece","KZT","","","false","Публичная карточка AMDgroup; цена, остаток и compliance требуют подтверждения поставщиком."
"amdgroup-public","AMDgroup","https://amdgroup.kz/catalog/dlya_razrezaniya_koronok/bory_tverdosplavnye_h34l_012fg_cutter/","bory_tverdosplavnye_h34l_012fg_cutter","bory tverdosplavnye h34l 012fg cutter","","Стоматологические товары","piece","KZT","","","false","Публичная карточка AMDgroup; цена, остаток и compliance требуют подтверждения поставщиком."
"amdgroup-public","AMDgroup","https://amdgroup.kz/catalog/dlya_razrezaniya_koronok/bory_tverdosplavnye_h35l_012_fgl/","bory_tverdosplavnye_h35l_012_fgl","bory tverdosplavnye h35l 012 fgl","","Стоматологические товары","piece","KZT","","","false","Публичная карточка AMDgroup; цена, остаток и compliance требуют подтверждения поставщиком."
"amdgroup-public","AMDgroup","https://amdgroup.kz/catalog/dlya_razrezaniya_koronok/bory_tverdosplavnye_h4kmk_012_fg/","bory_tverdosplavnye_h4kmk_012_fg","bory tverdosplavnye h4kmk 012 fg","","Стоматологические товары","piece","KZT","","","false","Публичная карточка AMDgroup; цена, остаток и compliance требуют подтверждения поставщиком."
"amdgroup-public","AMDgroup","https://amdgroup.kz/catalog/dlya_razrezaniya_koronok/bory_tverdosplavnye_h4kmkl_012_fg/","bory_tverdosplavnye_h4kmkl_012_fg","bory tverdosplavnye h4kmkl 012 fg","","Стоматологические товары","piece","KZT","","","false","Публичная карточка AMDgroup; цена, остаток и compliance требуют подтверждения поставщиком."
"amdgroup-public","AMDgroup","https://amdgroup.kz/catalog/dlya_udaleniya_kleya/bory_almaznye_h1s_012_fg/","bory_almaznye_h1s_012_fg","bory almaznye h1s 012 fg","","Стоматологические товары","piece","KZT","","","false","Публичная карточка AMDgroup; цена, остаток и compliance требуют подтверждения поставщиком."
"amdgroup-public","AMDgroup","https://amdgroup.kz/catalog/dlya_udaleniya_kleya/bory_almaznye_h1s_012_fgxl/","bory_almaznye_h1s_012_fgxl","bory almaznye h1s 012 fgxl","","Стоматологические товары","piece","KZT","","","false","Публичная карточка AMDgroup; цена, остаток и compliance требуют подтверждения поставщиком."
"amdgroup-public","AMDgroup","https://amdgroup.kz/catalog/dlya_udaleniya_kleya/bory_almaznye_h1s_014_fg/","bory_almaznye_h1s_014_fg","bory almaznye h1s 014 fg","","Стоматологические товары","piece","KZT","","","false","Публичная карточка AMDgroup; цена, остаток и compliance требуют подтверждения поставщиком."
"amdgroup-public","AMDgroup","https://amdgroup.kz/catalog/dlya_udaleniya_kleya/bory_almaznye_h1s_014_fgxl/","bory_almaznye_h1s_014_fgxl","bory almaznye h1s 014 fgxl","","Стоматологические товары","piece","KZT","","","false","Публичная карточка AMDgroup; цена, остаток и compliance требуют подтверждения поставщиком."
"amdgroup-public","AMDgroup","https://amdgroup.kz/catalog/dlya_udaleniya_kleya/bory_almaznye_h1s_014_fgxxl/","bory_almaznye_h1s_014_fgxxl","bory almaznye h1s 014 fgxxl","","Стоматологические товары","piece","KZT","","","false","Публичная карточка AMDgroup; цена, остаток и compliance требуют подтверждения поставщиком."
"amdgroup-public","AMDgroup","https://amdgroup.kz/catalog/dlya_udaleniya_kleya/bory_almaznye_h1s_014_ral/","bory_almaznye_h1s_014_ral","bory almaznye h1s 014 ral","","Стоматологические товары","piece","KZT","","","false","Публичная карточка AMDgroup; цена, остаток и compliance требуют подтверждения поставщиком."
"amdgroup-public","AMDgroup","https://amdgroup.kz/catalog/dlya_udaleniya_kleya/bory_almaznye_h1s_016_fg/","bory_almaznye_h1s_016_fg","bory almaznye h1s 016 fg","","Стоматологические товары","piece","KZT","","","false","Публичная карточка AMDgroup; цена, остаток и compliance требуют подтверждения поставщиком."
"amdgroup-public","AMDgroup","https://amdgroup.kz/catalog/dlya_udaleniya_kleya/bory_almaznye_h1s_016_fgxl/","bory_almaznye_h1s_016_fgxl","bory almaznye h1s 016 fgxl","","Стоматологические товары","piece","KZT","","","false","Публичная карточка AMDgroup; цена, остаток и compliance требуют подтверждения поставщиком."
"amdgroup-public","AMDgroup","https://amdgroup.kz/catalog/dlya_udaleniya_kleya/bory_almaznye_h1s_016_ral/","bory_almaznye_h1s_016_ral","bory almaznye h1s 016 ral","","Стоматологические товары","piece","KZT","","","false","Публичная карточка AMDgroup; цена, остаток и compliance требуют подтверждения поставщиком."
"amdgroup-public","AMDgroup","https://amdgroup.kz/catalog/dlya_udaleniya_kleya/bory_almaznye_h1s_018_fg/","bory_almaznye_h1s_018_fg","bory almaznye h1s 018 fg","","Стоматологические товары","piece","KZT","","","false","Публичная карточка AMDgroup; цена, остаток и compliance требуют подтверждения поставщиком."
"amdgroup-public","AMDgroup","https://amdgroup.kz/catalog/dlya_udaleniya_kleya/bory_almaznye_h1s_018_fgxxl/","bory_almaznye_h1s_018_fgxxl","bory almaznye h1s 018 fgxxl","","Стоматологические товары","piece","KZT","","","false","Публичная карточка AMDgroup; цена, остаток и compliance требуют подтверждения поставщиком."
"amdgroup-public","AMDgroup","https://amdgroup.kz/catalog/dlya_udaleniya_kleya/bory_almaznye_h1s_021_fg/","bory_almaznye_h1s_021_fg","bory almaznye h1s 021 fg","","Стоматологические товары","piece","KZT","","","false","Публичная карточка AMDgroup; цена, остаток и compliance требуют подтверждения поставщиком."
"amdgroup-public","AMDgroup","https://amdgroup.kz/catalog/dlya_udaleniya_kleya/bory_almaznye_h1s_021_fgxl/","bory_almaznye_h1s_021_fgxl","bory almaznye h1s 021 fgxl","","Стоматологические товары","piece","KZT","","","false","Публичная карточка AMDgroup; цена, остаток и compliance требуют подтверждения поставщиком."
"amdgroup-public","AMDgroup","https://amdgroup.kz/catalog/dlya_udaleniya_kleya/bory_almaznye_h1s_021_ra/","bory_almaznye_h1s_021_ra","bory almaznye h1s 021 ra","","Стоматологические товары","piece","KZT","","","false","Публичная карточка AMDgroup; цена, остаток и compliance требуют подтверждения поставщиком."
"amdgroup-public","AMDgroup","https://amdgroup.kz/catalog/dlya_udaleniya_kleya/bory_almaznye_h1s_023_fg/","bory_almaznye_h1s_023_fg","bory almaznye h1s 023 fg","","Стоматологические товары","piece","KZT","","","false","Публичная карточка AMDgroup; цена, остаток и compliance требуют подтверждения поставщиком."
"amdgroup-public","AMDgroup","https://amdgroup.kz/catalog/dlya_udaleniya_kleya/bory_almaznye_h1s_023_fgxl/","bory_almaznye_h1s_023_fgxl","bory almaznye h1s 023 fgxl","","Стоматологические товары","piece","KZT","","","false","Публичная карточка AMDgroup; цена, остаток и compliance требуют подтверждения поставщиком."
"amdgroup-public","AMDgroup","https://amdgroup.kz/catalog/dlya_udaleniya_kleya/bory_almaznye_h1s_023_ra/","bory_almaznye_h1s_023_ra","bory almaznye h1s 023 ra","","Стоматологические товары","piece","KZT","","","false","Публичная карточка AMDgroup; цена, остаток и compliance требуют подтверждения поставщиком."
"amdgroup-public","AMDgroup","https://amdgroup.kz/catalog/dlya_udaleniya_kleya/bory_almaznye_h1snl_008_raxl/","bory_almaznye_h1snl_008_raxl","bory almaznye h1snl 008 raxl","","Стоматологические товары","piece","KZT","","","false","Публичная карточка AMDgroup; цена, остаток и compliance требуют подтверждения поставщиком."
"amdgroup-public","AMDgroup","https://amdgroup.kz/catalog/dlya_udaleniya_kleya/bory_almaznye_h1snl_010_raxl/","bory_almaznye_h1snl_010_raxl","bory almaznye h1snl 010 raxl","","Стоматологические товары","piece","KZT","","","false","Публичная карточка AMDgroup; цена, остаток и compliance требуют подтверждения поставщиком."
"amdgroup-public","AMDgroup","https://amdgroup.kz/catalog/dlya_udaleniya_kleya/bory_almaznye_h22agk_016_ra/","bory_almaznye_h22agk_016_ra","bory almaznye h22agk 016 ra","","Стоматологические товары","piece","KZT","","","false","Публичная карточка AMDgroup; цена, остаток и compliance требуют подтверждения поставщиком."
"amdgroup-public","AMDgroup","https://amdgroup.kz/catalog/dlya_udaleniya_kleya/bory_almaznye_h22algk_016_ra/","bory_almaznye_h22algk_016_ra","bory almaznye h22algk 016 ra","","Стоматологические товары","piece","KZT","","","false","Публичная карточка AMDgroup; цена, остаток и compliance требуют подтверждения поставщиком."
"amdgroup-public","AMDgroup","https://amdgroup.kz/catalog/dlya_udaleniya_kleya/bory_tverdosplavnye_h22agk_016_fg/","bory_tverdosplavnye_h22agk_016_fg","bory tverdosplavnye h22agk 016 fg","","Стоматологические товары","piece","KZT","","","false","Публичная карточка AMDgroup; цена, остаток и compliance требуют подтверждения поставщиком."
"amdgroup-public","AMDgroup","https://amdgroup.kz/catalog/dlya_udaleniya_kleya/bory_tverdosplavnye_h22algk_016_fg/","bory_tverdosplavnye_h22algk_016_fg","bory tverdosplavnye h22algk 016 fg","","Стоматологические товары","piece","KZT","","","false","Публичная карточка AMDgroup; цена, остаток и compliance требуют подтверждения поставщиком."
"amdgroup-public","AMDgroup","https://amdgroup.kz/catalog/dlya_udaleniya_kleya/bory_tverdosplavnye_h22gk_016_fg/","bory_tverdosplavnye_h22gk_016_fg","bory tverdosplavnye h22gk 016 fg","","Стоматологические товары","piece","KZT","","","false","Публичная карточка AMDgroup; цена, остаток и compliance требуют подтверждения поставщиком."
"amdgroup-public","AMDgroup","https://amdgroup.kz/catalog/dlya_udaleniya_kleya/bory_tverdosplavnye_t21rx_012_fg/","bory_tverdosplavnye_t21rx_012_fg","bory tverdosplavnye t21rx 012 fg","","Стоматологические товары","piece","KZT","","","false","Публичная карточка AMDgroup; цена, остаток и compliance требуют подтверждения поставщиком."
"amdgroup-public","AMDgroup","https://amdgroup.kz/catalog/ekskavatory/ekskavator_301_302sdes/","ekskavator_301_302sdes","ekskavator 301 302sdes","","Стоматологические товары","piece","KZT","","","false","Публичная карточка AMDgroup; цена, остаток и compliance требуют подтверждения поставщиком."
"amdgroup-public","AMDgroup","https://amdgroup.kz/catalog/ekskavatory/ekskavator_522_523xsi/","ekskavator_522_523xsi","ekskavator 522 523xsi","","Стоматологические товары","piece","KZT","","","false","Публичная карточка AMDgroup; цена, остаток и compliance требуют подтверждения поставщиком."
"amdgroup-public","AMDgroup","https://amdgroup.kz/catalog/ekskavatory/ekskavator_533_534xsi/","ekskavator_533_534xsi","ekskavator 533 534xsi","","Стоматологические товары","piece","KZT","","","false","Публичная карточка AMDgroup; цена, остаток и compliance требуют подтверждения поставщиком."
"amdgroup-public","AMDgroup","https://amdgroup.kz/catalog/ekskavatory/ekskavator_6121_6221xsi/","ekskavator_6121_6221xsi","ekskavator 6121 6221xsi","","Стоматологические товары","piece","KZT","","","false","Публичная карточка AMDgroup; цена, остаток и compliance требуют подтверждения поставщиком."
"amdgroup-public","AMDgroup","https://amdgroup.kz/catalog/ekskavatory/ekskavator_6321_6421xsi/","ekskavator_6321_6421xsi","ekskavator 6321 6421xsi","","Стоматологические товары","piece","KZT","","","false","Публичная карточка AMDgroup; цена, остаток и compliance требуют подтверждения поставщиком."
"amdgroup-public","AMDgroup","https://amdgroup.kz/catalog/ekskavatory/ekskavator_6322_6422xsi/","ekskavator_6322_6422xsi","ekskavator 6322 6422xsi","","Стоматологические товары","piece","KZT","","","false","Публичная карточка AMDgroup; цена, остаток и compliance требуют подтверждения поставщиком."
"amdgroup-public","AMDgroup","https://amdgroup.kz/catalog/ekskavatory/ekskavator_65_66xsi/","ekskavator_65_66xsi","ekskavator 65 66xsi","","Стоматологические товары","piece","KZT","","","false","Публичная карточка AMDgroup; цена, остаток и compliance требуют подтверждения поставщиком."
"amdgroup-public","AMDgroup","https://amdgroup.kz/catalog/ekskavatory/ekskavator_764_766xsi/","ekskavator_764_766xsi","ekskavator 764 766xsi","","Стоматологические товары","piece","KZT","","","false","Публичная карточка AMDgroup; цена, остаток и compliance требуют подтверждения поставщиком."
"amdgroup-public","AMDgroup","https://amdgroup.kz/catalog/ekskavatory/ekskavator_dlya_kornevykh_kanalov_1_0_mm_612_622xsi/","ekskavator_dlya_kornevykh_kanalov_1_0_mm_612_622xsi","ekskavator dlya kornevykh kanalov 1 0 mm 612 622xsi","","Стоматологические товары","piece","KZT","","","false","Публичная карточка AMDgroup; цена, остаток и compliance требуют подтверждения поставщиком."
"amdgroup-public","AMDgroup","https://amdgroup.kz/catalog/ekskavatory/ekskavator_trekhuglovoy_kruglyy_1_0_mm/","ekskavator_trekhuglovoy_kruglyy_1_0_mm","ekskavator trekhuglovoy kruglyy 1 0 mm","","Стоматологические товары","piece","KZT","","","false","Публичная карточка AMDgroup; цена, остаток и compliance требуют подтверждения поставщиком."
"amdgroup-public","AMDgroup","https://amdgroup.kz/catalog/elevatory/elevator_61_62xsi/","elevator_61_62xsi","elevator 61 62xsi","","Стоматологические товары","piece","KZT","","","false","Публичная карточка AMDgroup; цена, остаток и compliance требуют подтверждения поставщиком."
"amdgroup-public","AMDgroup","https://amdgroup.kz/catalog/elevatory/elevator_632_642xsi/","elevator_632_642xsi","elevator 632 642xsi","","Стоматологические товары","piece","KZT","","","false","Публичная карточка AMDgroup; цена, остаток и compliance требуют подтверждения поставщиком."
"amdgroup-public","AMDgroup","https://amdgroup.kz/catalog/elevatory/elevator_63_64xsi/","elevator_63_64xsi","elevator 63 64xsi","","Стоматологические товары","piece","KZT","","","false","Публичная карточка AMDgroup; цена, остаток и compliance требуют подтверждения поставщиком."
"amdgroup-public","AMDgroup","https://amdgroup.kz/catalog/elevatory/elevator_7500/","elevator_7500","elevator 7500","","Стоматологические товары","piece","KZT","","","false","Публичная карточка AMDgroup; цена, остаток и compliance требуют подтверждения поставщиком."
"amdgroup-public","AMDgroup","https://amdgroup.kz/catalog/elevatory/elevator_812210/","elevator_812210","elevator 812210","","Стоматологические товары","piece","KZT","","","false","Публичная карточка AMDgroup; цена, остаток и compliance требуют подтверждения поставщиком."
"amdgroup-public","AMDgroup","https://amdgroup.kz/catalog/elevatory/elevator_812430/","elevator_812430","elevator 812430","","Стоматологические товары","piece","KZT","","","false","Публичная карточка AMDgroup; цена, остаток и compliance требуют подтверждения поставщиком."
"amdgroup-public","AMDgroup","https://amdgroup.kz/catalog/elevatory/elevator_pryamoy_812230/","elevator_pryamoy_812230","elevator pryamoy 812230","","Стоматологические товары","piece","KZT","","","false","Публичная карточка AMDgroup; цена, остаток и compliance требуют подтверждения поставщиком."
"amdgroup-public","AMDgroup","https://amdgroup.kz/catalog/elevatory/elevator_pryamoy_812650/","elevator_pryamoy_812650","elevator pryamoy 812650","","Стоматологические товары","piece","KZT","","","false","Публичная карточка AMDgroup; цена, остаток и compliance требуют подтверждения поставщиком."
"amdgroup-public","AMDgroup","https://amdgroup.kz/catalog/emalevye_nozhy/instrument_d_udaleniya_plombirovochnogo_materiala/","instrument_d_udaleniya_plombirovochnogo_materiala","instrument d udaleniya plombirovochnogo materiala","","Стоматологические товары","piece","KZT","","","false","Публичная карточка AMDgroup; цена, остаток и compliance требуют подтверждения поставщиком."
"amdgroup-public","AMDgroup","https://amdgroup.kz/catalog/emalevye_nozhy/nozh_307_308xsi/","nozh_307_308xsi","nozh 307 308xsi","","Стоматологические товары","piece","KZT","","","false","Публичная карточка AMDgroup; цена, остаток и compliance требуют подтверждения поставщиком."
"amdgroup-public","AMDgroup","https://amdgroup.kz/catalog/emalevye_nozhy/nozh_emalevyy_1_2_mm/","nozh_emalevyy_1_2_mm","nozh emalevyy 1 2 mm","","Стоматологические товары","piece","KZT","","","false","Публичная карточка AMDgroup; цена, остаток и compliance требуют подтверждения поставщиком."
"amdgroup-public","AMDgroup","https://amdgroup.kz/catalog/emalevye_nozhy/trimmer_distalnyy_1_2_mm_emalevyy_nozh/","trimmer_distalnyy_1_2_mm_emalevyy_nozh","trimmer distalnyy 1 2 mm emalevyy nozh","","Стоматологические товары","piece","KZT","","","false","Публичная карточка AMDgroup; цена, остаток и compliance требуют подтверждения поставщиком."
"amdgroup-public","AMDgroup","https://amdgroup.kz/catalog/endodonticheskoe_obarudovanie_/nakonechnik_s_motorom_tri_auto_zx2/","nakonechnik_s_motorom_tri_auto_zx2","nakonechnik s motorom tri auto zx2","","Стоматологические товары","piece","KZT","","","false","Публичная карточка AMDgroup; цена, остаток и compliance требуют подтверждения поставщиком."
"amdgroup-public","AMDgroup","https://amdgroup.kz/catalog/endodonticheskoe_obarudovanie_/pribor_dlya_preparivaniya_kornevykh_kanalov_dentaport_zx_/","pribor_dlya_preparivaniya_kornevykh_kanalov_dentaport_zx_","pribor dlya preparivaniya kornevykh kanalov dentaport zx","","Стоматологические товары","piece","KZT","","","false","Публичная карточка AMDgroup; цена, остаток и compliance требуют подтверждения поставщиком."
"amdgroup-public","AMDgroup","https://amdgroup.kz/catalog/fiziodispenser/sa_320_piezomed/","sa_320_piezomed","sa 320 piezomed","","Стоматологические товары","piece","KZT","","","false","Публичная карточка AMDgroup; цена, остаток и compliance требуют подтверждения поставщиком."
"amdgroup-public","AMDgroup","https://amdgroup.kz/catalog/fiziodispenser/ustanovka_implant_med_923_fiziodespenser_d_khir_operatsiy_90000161/","ustanovka_implant_med_923_fiziodespenser_d_khir_operatsiy_90000161","ustanovka implant med 923 fiziodespenser d khir operatsiy 90000161","","Стоматологические товары","piece","KZT","","","false","Публичная карточка AMDgroup; цена, остаток и compliance требуют подтверждения поставщиком."
"amdgroup-public","AMDgroup","https://amdgroup.kz/catalog/fiziodispenser/ustanovka_implant_med_si_1023_fiziodespenser_d_khir_operatsiy_90000166/","ustanovka_implant_med_si_1023_fiziodespenser_d_khir_operatsiy_90000166","ustanovka implant med si 1023 fiziodespenser d khir operatsiy 90000166","","Стоматологические товары","piece","KZT","","","false","Публичная карточка AMDgroup; цена, остаток и compliance требуют подтверждения поставщиком."
"amdgroup-public","AMDgroup","https://amdgroup.kz/catalog/formirovateli_desny/formirovatel_desny_3_5_cf_gh_1_0_np/","formirovatel_desny_3_5_cf_gh_1_0_np","formirovatel desny 3 5 cf gh 1 0 np","","Стоматологические товары","piece","KZT","","","false","Публичная карточка AMDgroup; цена, остаток и compliance требуют подтверждения поставщиком."
"amdgroup-public","AMDgroup","https://amdgroup.kz/catalog/formirovateli_desny/formirovatel_desny_3_5_cf_gh_2_0_np_/","formirovatel_desny_3_5_cf_gh_2_0_np_","formirovatel desny 3 5 cf gh 2 0 np","","Стоматологические товары","piece","KZT","","","false","Публичная карточка AMDgroup; цена, остаток и compliance требуют подтверждения поставщиком."
"amdgroup-public","AMDgroup","https://amdgroup.kz/catalog/formirovateli_desny/formirovatel_desny_3_5_cf_gh_3_0_np/","formirovatel_desny_3_5_cf_gh_3_0_np","formirovatel desny 3 5 cf gh 3 0 np","","Стоматологические товары","piece","KZT","","","false","Публичная карточка AMDgroup; цена, остаток и compliance требуют подтверждения поставщиком."
"amdgroup-public","AMDgroup","https://amdgroup.kz/catalog/formirovateli_desny/formirovatel_desny_3_5_cf_gh_4_0_np/","formirovatel_desny_3_5_cf_gh_4_0_np","formirovatel desny 3 5 cf gh 4 0 np","","Стоматологические товары","piece","KZT","","","false","Публичная карточка AMDgroup; цена, остаток и compliance требуют подтверждения поставщиком."
"amdgroup-public","AMDgroup","https://amdgroup.kz/catalog/formirovateli_desny/formirovatel_desny_3_5_cf_gh_5_0_np/","formirovatel_desny_3_5_cf_gh_5_0_np","formirovatel desny 3 5 cf gh 5 0 np","","Стоматологические товары","piece","KZT","","","false","Публичная карточка AMDgroup; цена, остаток и compliance требуют подтверждения поставщиком."
"amdgroup-public","AMDgroup","https://amdgroup.kz/catalog/formirovateli_desny/formirovatel_desny_4_5_cf_gh_1_0_np/","formirovatel_desny_4_5_cf_gh_1_0_np","formirovatel desny 4 5 cf gh 1 0 np","","Стоматологические товары","piece","KZT","","","false","Публичная карточка AMDgroup; цена, остаток и compliance требуют подтверждения поставщиком."
"amdgroup-public","AMDgroup","https://amdgroup.kz/catalog/formirovateli_desny/formirovatel_desny_4_5_cf_gh_1_0_sp/","formirovatel_desny_4_5_cf_gh_1_0_sp","formirovatel desny 4 5 cf gh 1 0 sp","","Стоматологические товары","piece","KZT","","","false","Публичная карточка AMDgroup; цена, остаток и compliance требуют подтверждения поставщиком."
"amdgroup-public","AMDgroup","https://amdgroup.kz/catalog/formirovateli_desny/formirovatel_desny_4_5_cf_gh_2_0_np/","formirovatel_desny_4_5_cf_gh_2_0_np","formirovatel desny 4 5 cf gh 2 0 np","","Стоматологические товары","piece","KZT","","","false","Публичная карточка AMDgroup; цена, остаток и compliance требуют подтверждения поставщиком."
"amdgroup-public","AMDgroup","https://amdgroup.kz/catalog/formirovateli_desny/formirovatel_desny_4_5_cf_gh_3_0_np/","formirovatel_desny_4_5_cf_gh_3_0_np","formirovatel desny 4 5 cf gh 3 0 np","","Стоматологические товары","piece","KZT","","","false","Публичная карточка AMDgroup; цена, остаток и compliance требуют подтверждения поставщиком."
"amdgroup-public","AMDgroup","https://amdgroup.kz/catalog/formirovateli_desny/formirovatel_desny_4_5_cf_gh_3_0_sp/","formirovatel_desny_4_5_cf_gh_3_0_sp","formirovatel desny 4 5 cf gh 3 0 sp","","Стоматологические товары","piece","KZT","","","false","Публичная карточка AMDgroup; цена, остаток и compliance требуют подтверждения поставщиком."
"amdgroup-public","AMDgroup","https://amdgroup.kz/catalog/formirovateli_desny/formirovatel_desny_4_5_cf_gh_4_0_np/","formirovatel_desny_4_5_cf_gh_4_0_np","formirovatel desny 4 5 cf gh 4 0 np","","Стоматологические товары","piece","KZT","","","false","Публичная карточка AMDgroup; цена, остаток и compliance требуют подтверждения поставщиком."
"amdgroup-public","AMDgroup","https://amdgroup.kz/catalog/formirovateli_desny/formirovatel_desny_4_5_cf_gh_4_0_sp/","formirovatel_desny_4_5_cf_gh_4_0_sp","formirovatel desny 4 5 cf gh 4 0 sp","","Стоматологические товары","piece","KZT","","","false","Публичная карточка AMDgroup; цена, остаток и compliance требуют подтверждения поставщиком."
"amdgroup-public","AMDgroup","https://amdgroup.kz/catalog/formirovateli_desny/formirovatel_desny_4_5_cf_gh_5_0_np/","formirovatel_desny_4_5_cf_gh_5_0_np","formirovatel desny 4 5 cf gh 5 0 np","","Стоматологические товары","piece","KZT","","","false","Публичная карточка AMDgroup; цена, остаток и compliance требуют подтверждения поставщиком."
"amdgroup-public","AMDgroup","https://amdgroup.kz/catalog/formirovateli_desny/formirovatel_desny_4_5_cf_gh_5_0_sp/","formirovatel_desny_4_5_cf_gh_5_0_sp","formirovatel desny 4 5 cf gh 5 0 sp","","Стоматологические товары","piece","KZT","","","false","Публичная карточка AMDgroup; цена, остаток и compliance требуют подтверждения поставщиком."
"amdgroup-public","AMDgroup","https://amdgroup.kz/catalog/formirovateli_desny/formirovatel_desny_5_5_cf_gh_1_0_sp/","formirovatel_desny_5_5_cf_gh_1_0_sp","formirovatel desny 5 5 cf gh 1 0 sp","","Стоматологические товары","piece","KZT","","","false","Публичная карточка AMDgroup; цена, остаток и compliance требуют подтверждения поставщиком."
"amdgroup-public","AMDgroup","https://amdgroup.kz/catalog/formirovateli_desny/formirovatel_desny_5_5_cf_gh_2_0_sp/","formirovatel_desny_5_5_cf_gh_2_0_sp","formirovatel desny 5 5 cf gh 2 0 sp","","Стоматологические товары","piece","KZT","","","false","Публичная карточка AMDgroup; цена, остаток и compliance требуют подтверждения поставщиком."
"amdgroup-public","AMDgroup","https://amdgroup.kz/catalog/formirovateli_desny/formirovatel_desny_5_5_cf_gh_4_0_sp/","formirovatel_desny_5_5_cf_gh_4_0_sp","formirovatel desny 5 5 cf gh 4 0 sp","","Стоматологические товары","piece","KZT","","","false","Публичная карточка AMDgroup; цена, остаток и compliance требуют подтверждения поставщиком."
"amdgroup-public","AMDgroup","https://amdgroup.kz/catalog/formirovateli_desny/formirovatel_desny_5_5_cf_gh_5_0_sp/","formirovatel_desny_5_5_cf_gh_5_0_sp","formirovatel desny 5 5 cf gh 5 0 sp","","Стоматологические товары","piece","KZT","","","false","Публичная карточка AMDgroup; цена, остаток и compliance требуют подтверждения поставщиком."
"amdgroup-public","AMDgroup","https://amdgroup.kz/catalog/formirovateli_desny/formirovatel_healing_4_5_cf_gh_2_0_sp/","formirovatel_healing_4_5_cf_gh_2_0_sp","formirovatel healing 4 5 cf gh 2 0 sp","","Стоматологические товары","piece","KZT","","","false","Публичная карточка AMDgroup; цена, остаток и compliance требуют подтверждения поставщиком."
"amdgroup-public","AMDgroup","https://amdgroup.kz/catalog/formirovateli_desny/formirovatel_healing_5_5_cf_gh_3_0_sp/","formirovatel_healing_5_5_cf_gh_3_0_sp","formirovatel healing 5 5 cf gh 3 0 sp","","Стоматологические товары","piece","KZT","","","false","Публичная карточка AMDgroup; цена, остаток и compliance требуют подтверждения поставщиком."
"amdgroup-public","AMDgroup","https://amdgroup.kz/catalog/frezeruemyy_abatment_pre_milled/abatment_11_5_cf_np/","abatment_11_5_cf_np","abatment 11 5 cf np","","Стоматологические товары","piece","KZT","","","false","Публичная карточка AMDgroup; цена, остаток и compliance требуют подтверждения поставщиком."
"amdgroup-public","AMDgroup","https://amdgroup.kz/catalog/frezeruemyy_abatment_pre_milled/abatment_11_5_cf_sp/","abatment_11_5_cf_sp","abatment 11 5 cf sp","","Стоматологические товары","piece","KZT","","","false","Публичная карточка AMDgroup; цена, остаток и compliance требуют подтверждения поставщиком."
"amdgroup-public","AMDgroup","https://amdgroup.kz/catalog/frezeruemyy_abatment_pre_milled/abatment_15_8_cf_np/","abatment_15_8_cf_np","abatment 15 8 cf np","","Стоматологические товары","piece","KZT","","","false","Публичная карточка AMDgroup; цена, остаток и compliance требуют подтверждения поставщиком."
"amdgroup-public","AMDgroup","https://amdgroup.kz/catalog/frezeruemyy_abatment_pre_milled/abatment_15_8_cf_sp_/","abatment_15_8_cf_sp_","abatment 15 8 cf sp","","Стоматологические товары","piece","KZT","","","false","Публичная карточка AMDgroup; цена, остаток и compliance требуют подтверждения поставщиком."
"amdgroup-public","AMDgroup","https://amdgroup.kz/catalog/frezy_dlya_cad_cam/bory_tverdosplavnye_hf021ft_010/","bory_tverdosplavnye_hf021ft_010","bory tverdosplavnye hf021ft 010","","Стоматологические товары","piece","KZT","","","false","Публичная карточка AMDgroup; цена, остаток и compliance требуют подтверждения поставщиком."
"amdgroup-public","AMDgroup","https://amdgroup.kz/catalog/frezy_dlya_cad_cam/bory_tverdosplavnye_hf021ft_012/","bory_tverdosplavnye_hf021ft_012","bory tverdosplavnye hf021ft 012","","Стоматологические товары","piece","KZT","","","false","Публичная карточка AMDgroup; цена, остаток и compliance требуют подтверждения поставщиком."
"amdgroup-public","AMDgroup","https://amdgroup.kz/catalog/frezy_dlya_cad_cam/hf364ws_015_bory_almaznye/","hf364ws_015_bory_almaznye","hf364ws 015 bory almaznye","","Стоматологические товары","piece","KZT","","","false","Публичная карточка AMDgroup; цена, остаток и compliance требуют подтверждения поставщиком."
"amdgroup-public","AMDgroup","https://amdgroup.kz/catalog/granadovidnye/bory_almaznye_h379_012_fg/","bory_almaznye_h379_012_fg","bory almaznye h379 012 fg","","Стоматологические товары","piece","KZT","","","false","Публичная карточка AMDgroup; цена, остаток и compliance требуют подтверждения поставщиком."
"amdgroup-public","AMDgroup","https://amdgroup.kz/catalog/granadovidnye/bory_almaznye_h379_014_fg/","bory_almaznye_h379_014_fg","bory almaznye h379 014 fg","","Стоматологические товары","piece","KZT","","","false","Публичная карточка AMDgroup; цена, остаток и compliance требуют подтверждения поставщиком."
"amdgroup-public","AMDgroup","https://amdgroup.kz/catalog/granadovidnye/bory_almaznye_h379_018_fg/","bory_almaznye_h379_018_fg","bory almaznye h379 018 fg","","Стоматологические товары","piece","KZT","","","false","Публичная карточка AMDgroup; цена, остаток и compliance требуют подтверждения поставщиком."
"amdgroup-public","AMDgroup","https://amdgroup.kz/catalog/granadovidnye/bory_almaznye_h379_023_fg/","bory_almaznye_h379_023_fg","bory almaznye h379 023 fg","","Стоматологические товары","piece","KZT","","","false","Публичная карточка AMDgroup; цена, остаток и compliance требуют подтверждения поставщиком."
"amdgroup-public","AMDgroup","https://amdgroup.kz/catalog/granadovidnye/bory_almaznye_h379gk_014_fg/","bory_almaznye_h379gk_014_fg","bory almaznye h379gk 014 fg","","Стоматологические товары","piece","KZT","","","false","Публичная карточка AMDgroup; цена, остаток и compliance требуют подтверждения поставщиком."
"amdgroup-public","AMDgroup","https://amdgroup.kz/catalog/granadovidnye/bory_almaznye_h379s_023_fg/","bory_almaznye_h379s_023_fg","bory almaznye h379s 023 fg","","Стоматологические товары","piece","KZT","","","false","Публичная карточка AMDgroup; цена, остаток и compliance требуют подтверждения поставщиком."
"amdgroup-public","AMDgroup","https://amdgroup.kz/catalog/granadovidnye/bory_almaznye_h390_014_fg/","bory_almaznye_h390_014_fg","bory almaznye h390 014 fg","","Стоматологические товары","piece","KZT","","","false","Публичная карточка AMDgroup; цена, остаток и compliance требуют подтверждения поставщиком."
"amdgroup-public","AMDgroup","https://amdgroup.kz/catalog/granadovidnye/bory_almaznye_h390_016_fg/","bory_almaznye_h390_016_fg","bory almaznye h390 016 fg","","Стоматологические товары","piece","KZT","","","false","Публичная карточка AMDgroup; цена, остаток и compliance требуют подтверждения поставщиком."
"amdgroup-public","AMDgroup","https://amdgroup.kz/catalog/granadovidnye/bory_almaznye_h390_018_fg/","bory_almaznye_h390_018_fg","bory almaznye h390 018 fg","","Стоматологические товары","piece","KZT","","","false","Публичная карточка AMDgroup; цена, остаток и compliance требуют подтверждения поставщиком."
"amdgroup-public","AMDgroup","https://amdgroup.kz/catalog/granadovidnye/bory_almaznye_h390s_018_fg/","bory_almaznye_h390s_018_fg","bory almaznye h390s 018 fg","","Стоматологические товары","piece","KZT","","","false","Публичная карточка AMDgroup; цена, остаток и compliance требуют подтверждения поставщиком."
"amdgroup-public","AMDgroup","https://amdgroup.kz/catalog/grenadovidnye/bory_almaznye_390_016c_fg/","bory_almaznye_390_016c_fg","bory almaznye 390 016c fg","","Стоматологические товары","piece","KZT","","","false","Публичная карточка AMDgroup; цена, остаток и compliance требуют подтверждения поставщиком."
"amdgroup-public","AMDgroup","https://amdgroup.kz/catalog/grenadovidnye/bory_almaznye_390_016f_fg/","bory_almaznye_390_016f_fg","bory almaznye 390 016f fg","","Стоматологические товары","piece","KZT","","","false","Публичная карточка AMDgroup; цена, остаток и compliance требуют подтверждения поставщиком."
"amdgroup-public","AMDgroup","https://amdgroup.kz/catalog/grenadovidnye/bory_almaznye_390_016m_fg/","bory_almaznye_390_016m_fg","bory almaznye 390 016m fg","","Стоматологические товары","piece","KZT","","","false","Публичная карточка AMDgroup; цена, остаток и compliance требуют подтверждения поставщиком."
"amdgroup-public","AMDgroup","https://amdgroup.kz/catalog/grenadovidnye/bory_almaznye_390_016sf_fg/","bory_almaznye_390_016sf_fg","bory almaznye 390 016sf fg","","Стоматологические товары","piece","KZT","","","false","Публичная карточка AMDgroup; цена, остаток и compliance требуют подтверждения поставщиком."
"amdgroup-public","AMDgroup","https://amdgroup.kz/catalog/grushevidnye/822_010_m_/","822_010_m_","822 010 m","","Стоматологические товары","piece","KZT","","","false","Публичная карточка AMDgroup; цена, остаток и compliance требуют подтверждения поставщиком."
"amdgroup-public","AMDgroup","https://amdgroup.kz/catalog/grushevidnye/822_012_m_1_/","822_012_m_1_","822 012 m 1","","Стоматологические товары","piece","KZT","","","false","Публичная карточка AMDgroup; цена, остаток и compliance требуют подтверждения поставщиком."
"amdgroup-public","AMDgroup","https://amdgroup.kz/catalog/grushevidnye/822_012sc_fg_bory_almaznye_/","822_012sc_fg_bory_almaznye_","822 012sc fg bory almaznye","","Стоматологические товары","piece","KZT","","","false","Публичная карточка AMDgroup; цена, остаток и compliance требуют подтверждения поставщиком."
"amdgroup-public","AMDgroup","https://amdgroup.kz/catalog/grushevidnye/830_012_m_1_/","830_012_m_1_","830 012 m 1","","Стоматологические товары","piece","KZT","","","false","Публичная карточка AMDgroup; цена, остаток и compliance требуют подтверждения поставщиком."
"amdgroup-public","AMDgroup","https://amdgroup.kz/catalog/grushevidnye/830l_012m_fg_borye_almaznye/","830l_012m_fg_borye_almaznye","830l 012m fg borye almaznye","","Стоматологические товары","piece","KZT","","","false","Публичная карточка AMDgroup; цена, остаток и compliance требуют подтверждения поставщиком."
"amdgroup-public","AMDgroup","https://amdgroup.kz/catalog/grushevidnye/830l_014_f_2_/","830l_014_f_2_","830l 014 f 2","","Стоматологические товары","piece","KZT","","","false","Публичная карточка AMDgroup; цена, остаток и compliance требуют подтверждения поставщиком."
"amdgroup-public","AMDgroup","https://amdgroup.kz/catalog/grushevidnye/830l_014_m_2_/","830l_014_m_2_","830l 014 m 2","","Стоматологические товары","piece","KZT","","","false","Публичная карточка AMDgroup; цена, остаток и compliance требуют подтверждения поставщиком."
"amdgroup-public","AMDgroup","https://amdgroup.kz/catalog/grushevidnye/830l_014_sf_borye_almaznye/","830l_014_sf_borye_almaznye","830l 014 sf borye almaznye","","Стоматологические товары","piece","KZT","","","false","Публичная карточка AMDgroup; цена, остаток и compliance требуют подтверждения поставщиком."
"amdgroup-public","AMDgroup","https://amdgroup.kz/catalog/grushevidnye/830l_025m_fg_bory_almaznye_/","830l_025m_fg_bory_almaznye_","830l 025m fg bory almaznye","","Стоматологические товары","piece","KZT","","","false","Публичная карточка AMDgroup; цена, остаток и compliance требуют подтверждения поставщиком."
"amdgroup-public","AMDgroup","https://amdgroup.kz/catalog/grushevidnye/bory_almaznye_822_008c_fg/","bory_almaznye_822_008c_fg","bory almaznye 822 008c fg","","Стоматологические товары","piece","KZT","","","false","Публичная карточка AMDgroup; цена, остаток и compliance требуют подтверждения поставщиком."
"amdgroup-public","AMDgroup","https://amdgroup.kz/catalog/grushevidnye/bory_almaznye_822_008m_fg/","bory_almaznye_822_008m_fg","bory almaznye 822 008m fg","","Стоматологические товары","piece","KZT","","","false","Публичная карточка AMDgroup; цена, остаток и compliance требуют подтверждения поставщиком."
"amdgroup-public","AMDgroup","https://amdgroup.kz/catalog/grushevidnye/bory_almaznye_822_009c_fg/","bory_almaznye_822_009c_fg","bory almaznye 822 009c fg","","Стоматологические товары","piece","KZT","","","false","Публичная карточка AMDgroup; цена, остаток и compliance требуют подтверждения поставщиком."
"amdgroup-public","AMDgroup","https://amdgroup.kz/catalog/grushevidnye/bory_almaznye_822_009m_fg/","bory_almaznye_822_009m_fg","bory almaznye 822 009m fg","","Стоматологические товары","piece","KZT","","","false","Публичная карточка AMDgroup; цена, остаток и compliance требуют подтверждения поставщиком."
"amdgroup-public","AMDgroup","https://amdgroup.kz/catalog/grushevidnye/bory_almaznye_822_010c_fg/","bory_almaznye_822_010c_fg","bory almaznye 822 010c fg","","Стоматологические товары","piece","KZT","","","false","Публичная карточка AMDgroup; цена, остаток и compliance требуют подтверждения поставщиком."
"amdgroup-public","AMDgroup","https://amdgroup.kz/catalog/grushevidnye/bory_almaznye_822_012c_fg/","bory_almaznye_822_012c_fg","bory almaznye 822 012c fg","","Стоматологические товары","piece","KZT","","","false","Публичная карточка AMDgroup; цена, остаток и compliance требуют подтверждения поставщиком."
"amdgroup-public","AMDgroup","https://amdgroup.kz/catalog/grushevidnye/bory_almaznye_830_008f_fg/","bory_almaznye_830_008f_fg","bory almaznye 830 008f fg","","Стоматологические товары","piece","KZT","","","false","Публичная карточка AMDgroup; цена, остаток и compliance требуют подтверждения поставщиком."
"amdgroup-public","AMDgroup","https://amdgroup.kz/catalog/grushevidnye/bory_almaznye_830_008m_fg/","bory_almaznye_830_008m_fg","bory almaznye 830 008m fg","","Стоматологические товары","piece","KZT","","","false","Публичная карточка AMDgroup; цена, остаток и compliance требуют подтверждения поставщиком."
"amdgroup-public","AMDgroup","https://amdgroup.kz/catalog/grushevidnye/bory_almaznye_830_008sf_fg/","bory_almaznye_830_008sf_fg","bory almaznye 830 008sf fg","","Стоматологические товары","piece","KZT","","","false","Публичная карточка AMDgroup; цена, остаток и compliance требуют подтверждения поставщиком."
"amdgroup-public","AMDgroup","https://amdgroup.kz/catalog/grushevidnye/bory_almaznye_830_009f_fg/","bory_almaznye_830_009f_fg","bory almaznye 830 009f fg","","Стоматологические товары","piece","KZT","","","false","Публичная карточка AMDgroup; цена, остаток и compliance требуют подтверждения поставщиком."
"amdgroup-public","AMDgroup","https://amdgroup.kz/catalog/grushevidnye/bory_almaznye_830_009m_fg/","bory_almaznye_830_009m_fg","bory almaznye 830 009m fg","","Стоматологические товары","piece","KZT","","","false","Публичная карточка AMDgroup; цена, остаток и compliance требуют подтверждения поставщиком."
"amdgroup-public","AMDgroup","https://amdgroup.kz/catalog/grushevidnye/bory_almaznye_830_010c_fg/","bory_almaznye_830_010c_fg","bory almaznye 830 010c fg","","Стоматологические товары","piece","KZT","","","false","Публичная карточка AMDgroup; цена, остаток и compliance требуют подтверждения поставщиком."
"amdgroup-public","AMDgroup","https://amdgroup.kz/catalog/grushevidnye/bory_almaznye_830_010f_fg/","bory_almaznye_830_010f_fg","bory almaznye 830 010f fg","","Стоматологические товары","piece","KZT","","","false","Публичная карточка AMDgroup; цена, остаток и compliance требуют подтверждения поставщиком."
"amdgroup-public","AMDgroup","https://amdgroup.kz/catalog/grushevidnye/bory_almaznye_830_010m_fg/","bory_almaznye_830_010m_fg","bory almaznye 830 010m fg","","Стоматологические товары","piece","KZT","","","false","Публичная карточка AMDgroup; цена, остаток и compliance требуют подтверждения поставщиком."
"amdgroup-public","AMDgroup","https://amdgroup.kz/catalog/grushevidnye/bory_almaznye_830_012_sf/","bory_almaznye_830_012_sf","bory almaznye 830 012 sf","","Стоматологические товары","piece","KZT","","","false","Публичная карточка AMDgroup; цена, остаток и compliance требуют подтверждения поставщиком."
"amdgroup-public","AMDgroup","https://amdgroup.kz/catalog/grushevidnye/bory_almaznye_830_012c_fg/","bory_almaznye_830_012c_fg","bory almaznye 830 012c fg","","Стоматологические товары","piece","KZT","","","false","Публичная карточка AMDgroup; цена, остаток и compliance требуют подтверждения поставщиком."
"amdgroup-public","AMDgroup","https://amdgroup.kz/catalog/grushevidnye/bory_almaznye_830_012f_fg/","bory_almaznye_830_012f_fg","bory almaznye 830 012f fg","","Стоматологические товары","piece","KZT","","","false","Публичная карточка AMDgroup; цена, остаток и compliance требуют подтверждения поставщиком."
"amdgroup-public","AMDgroup","https://amdgroup.kz/catalog/grushevidnye/bory_almaznye_830_012sc_fg/","bory_almaznye_830_012sc_fg","bory almaznye 830 012sc fg","","Стоматологические товары","piece","KZT","","","false","Публичная карточка AMDgroup; цена, остаток и compliance требуют подтверждения поставщиком."
"amdgroup-public","AMDgroup","https://amdgroup.kz/catalog/grushevidnye/bory_almaznye_830_014c_fg/","bory_almaznye_830_014c_fg","bory almaznye 830 014c fg","","Стоматологические товары","piece","KZT","","","false","Публичная карточка AMDgroup; цена, остаток и compliance требуют подтверждения поставщиком."
"amdgroup-public","AMDgroup","https://amdgroup.kz/catalog/grushevidnye/bory_almaznye_830_014m_fg/","bory_almaznye_830_014m_fg","bory almaznye 830 014m fg","","Стоматологические товары","piece","KZT","","","false","Публичная карточка AMDgroup; цена, остаток и compliance требуют подтверждения поставщиком."
"amdgroup-public","AMDgroup","https://amdgroup.kz/catalog/grushevidnye/bory_almaznye_830_016c_fg/","bory_almaznye_830_016c_fg","bory almaznye 830 016c fg","","Стоматологические товары","piece","KZT","","","false","Публичная карточка AMDgroup; цена, остаток и compliance требуют подтверждения поставщиком."
"amdgroup-public","AMDgroup","https://amdgroup.kz/catalog/grushevidnye/bory_almaznye_830_018c_fg/","bory_almaznye_830_018c_fg","bory almaznye 830 018c fg","","Стоматологические товары","piece","KZT","","","false","Публичная карточка AMDgroup; цена, остаток и compliance требуют подтверждения поставщиком."
"amdgroup-public","AMDgroup","https://amdgroup.kz/catalog/grushevidnye/bory_almaznye_830_018m_fg/","bory_almaznye_830_018m_fg","bory almaznye 830 018m fg","","Стоматологические товары","piece","KZT","","","false","Публичная карточка AMDgroup; цена, остаток и compliance требуют подтверждения поставщиком."
"amdgroup-public","AMDgroup","https://amdgroup.kz/catalog/grushevidnye/bory_almaznye_830l_014m_fg/","bory_almaznye_830l_014m_fg","bory almaznye 830l 014m fg","","Стоматологические товары","piece","KZT","","","false","Публичная карточка AMDgroup; цена, остаток и compliance требуют подтверждения поставщиком."
"amdgroup-public","AMDgroup","https://amdgroup.kz/catalog/grushevidnye/bory_almaznye_830l_014sc_fg/","bory_almaznye_830l_014sc_fg","bory almaznye 830l 014sc fg","","Стоматологические товары","piece","KZT","","","false","Публичная карточка AMDgroup; цена, остаток и compliance требуют подтверждения поставщиком."
"amdgroup-public","AMDgroup","https://amdgroup.kz/catalog/grushevidnye/bory_almaznye_830l_014sf_fg/","bory_almaznye_830l_014sf_fg","bory almaznye 830l 014sf fg","","Стоматологические товары","piece","KZT","","","false","Публичная карточка AMDgroup; цена, остаток и compliance требуют подтверждения поставщиком."
"amdgroup-public","AMDgroup","https://amdgroup.kz/catalog/grushevidnye/bory_almaznye_830l_016c_fg/","bory_almaznye_830l_016c_fg","bory almaznye 830l 016c fg","","Стоматологические товары","piece","KZT","","","false","Публичная карточка AMDgroup; цена, остаток и compliance требуют подтверждения поставщиком."
"amdgroup-public","AMDgroup","https://amdgroup.kz/catalog/grushevidnye/bory_almaznye_830l_016m_fg_2_/","bory_almaznye_830l_016m_fg_2_","bory almaznye 830l 016m fg 2","","Стоматологические товары","piece","KZT","","","false","Публичная карточка AMDgroup; цена, остаток и compliance требуют подтверждения поставщиком."
"amdgroup-public","AMDgroup","https://amdgroup.kz/catalog/grushevidnye/bory_almaznye_830l_016sc_fg/","bory_almaznye_830l_016sc_fg","bory almaznye 830l 016sc fg","","Стоматологические товары","piece","KZT","","","false","Публичная карточка AMDgroup; цена, остаток и compliance требуют подтверждения поставщиком."
"amdgroup-public","AMDgroup","https://amdgroup.kz/catalog/grushevidnye/bory_almaznye_830l_018c_fg_grushevidnyy_krupnaya/","bory_almaznye_830l_018c_fg_grushevidnyy_krupnaya","bory almaznye 830l 018c fg grushevidnyy krupnaya","","Стоматологические товары","piece","KZT","","","false","Публичная карточка AMDgroup; цена, остаток и compliance требуют подтверждения поставщиком."
"amdgroup-public","AMDgroup","https://amdgroup.kz/catalog/grushevidnye/bory_almaznye_830l_021c_fg/","bory_almaznye_830l_021c_fg","bory almaznye 830l 021c fg","","Стоматологические товары","piece","KZT","","","false","Публичная карточка AMDgroup; цена, остаток и compliance требуют подтверждения поставщиком."
"amdgroup-public","AMDgroup","https://amdgroup.kz/catalog/grushevidnye/bory_almaznye_830l_021m_fg/","bory_almaznye_830l_021m_fg","bory almaznye 830l 021m fg","","Стоматологические товары","piece","KZT","","","false","Публичная карточка AMDgroup; цена, остаток и compliance требуют подтверждения поставщиком."
"amdgroup-public","AMDgroup","https://amdgroup.kz/catalog/grushevidnye/bory_almaznye_830l_025_c/","bory_almaznye_830l_025_c","bory almaznye 830l 025 c","","Стоматологические товары","piece","KZT","","","false","Публичная карточка AMDgroup; цена, остаток и compliance требуют подтверждения поставщиком."
"amdgroup-public","AMDgroup","https://amdgroup.kz/catalog/grushevidnye/bory_almaznye_830l_025sc_fg/","bory_almaznye_830l_025sc_fg","bory almaznye 830l 025sc fg","","Стоматологические товары","piece","KZT","","","false","Публичная карточка AMDgroup; цена, остаток и compliance требуют подтверждения поставщиком."
"amdgroup-public","AMDgroup","https://amdgroup.kz/catalog/high/lm_aktivator_20_vysokiy_korotkiy/","lm_aktivator_20_vysokiy_korotkiy","lm aktivator 20 vysokiy korotkiy","","Стоматологические товары","piece","KZT","","","false","Публичная карточка AMDgroup; цена, остаток и compliance требуют подтверждения поставщиком."
"amdgroup-public","AMDgroup","https://amdgroup.kz/catalog/high/lm_aktivator_25_vysokiy_korotkiy/","lm_aktivator_25_vysokiy_korotkiy","lm aktivator 25 vysokiy korotkiy","","Стоматологические товары","piece","KZT","","","false","Публичная карточка AMDgroup; цена, остаток и compliance требуют подтверждения поставщиком."
"amdgroup-public","AMDgroup","https://amdgroup.kz/catalog/high/lm_aktivator_30_vysokiy_korotkiy/","lm_aktivator_30_vysokiy_korotkiy","lm aktivator 30 vysokiy korotkiy","","Стоматологические товары","piece","KZT","","","false","Публичная карточка AMDgroup; цена, остаток и compliance требуют подтверждения поставщиком."
"amdgroup-public","AMDgroup","https://amdgroup.kz/catalog/high/lm_aktivator_35_vysokiy_korotkiy/","lm_aktivator_35_vysokiy_korotkiy","lm aktivator 35 vysokiy korotkiy","","Стоматологические товары","piece","KZT","","","false","Публичная карточка AMDgroup; цена, остаток и compliance требуют подтверждения поставщиком."
"amdgroup-public","AMDgroup","https://amdgroup.kz/catalog/high/lm_aktivator_40_vysokiy_korotkiy/","lm_aktivator_40_vysokiy_korotkiy","lm aktivator 40 vysokiy korotkiy","","Стоматологические товары","piece","KZT","","","false","Публичная карточка AMDgroup; цена, остаток и compliance требуют подтверждения поставщиком."
"amdgroup-public","AMDgroup","https://amdgroup.kz/catalog/high/lm_aktivator_45_high_dlya_ortodonticheskoy_i_miofunk_y_korrektsii_s_pri_i/","lm_aktivator_45_high_dlya_ortodonticheskoy_i_miofunk_y_korrektsii_s_pri_i","lm aktivator 45 high dlya ortodonticheskoy i miofunk y korrektsii s pri i","","Стоматологические товары","piece","KZT","","","false","Публичная карточка AMDgroup; цена, остаток и compliance требуют подтверждения поставщиком."
"amdgroup-public","AMDgroup","https://amdgroup.kz/catalog/high/lm_aktivator_45_high_short_dlya_ortodonticheskoy_i_miofunk_y_korrektsii_s_pri_i/","lm_aktivator_45_high_short_dlya_ortodonticheskoy_i_miofunk_y_korrektsii_s_pri_i","lm aktivator 45 high short dlya ortodonticheskoy i miofunk y korrektsii s pri i","","Стоматологические товары","piece","KZT","","","false","Публичная карточка AMDgroup; цена, остаток и compliance требуют подтверждения поставщиком."
"amdgroup-public","AMDgroup","https://amdgroup.kz/catalog/high/lm_aktivator_50_high_dlya_ortodonticheskoy_i_miofunk_y_korrektsii_s_pri_i/","lm_aktivator_50_high_dlya_ortodonticheskoy_i_miofunk_y_korrektsii_s_pri_i","lm aktivator 50 high dlya ortodonticheskoy i miofunk y korrektsii s pri i","","Стоматологические товары","piece","KZT","","","false","Публичная карточка AMDgroup; цена, остаток и compliance требуют подтверждения поставщиком."
"amdgroup-public","AMDgroup","https://amdgroup.kz/catalog/high/lm_aktivator_50_high_short_dlya_ortodonticheskoy_i_miofunk_y_korrektsii_s_pri_i/","lm_aktivator_50_high_short_dlya_ortodonticheskoy_i_miofunk_y_korrektsii_s_pri_i","lm aktivator 50 high short dlya ortodonticheskoy i miofunk y korrektsii s pri i","","Стоматологические товары","piece","KZT","","","false","Публичная карточка AMDgroup; цена, остаток и compliance требуют подтверждения поставщиком."
"amdgroup-public","AMDgroup","https://amdgroup.kz/catalog/high/lm_aktivator_55_vysokiy_korotkiy/","lm_aktivator_55_vysokiy_korotkiy","lm aktivator 55 vysokiy korotkiy","","Стоматологические товары","piece","KZT","","","false","Публичная карточка AMDgroup; цена, остаток и compliance требуют подтверждения поставщиком."
"amdgroup-public","AMDgroup","https://amdgroup.kz/catalog/high/lm_aktivator_60_high_short/","lm_aktivator_60_high_short","lm aktivator 60 high short","","Стоматологические товары","piece","KZT","","","false","Публичная карточка AMDgroup; цена, остаток и compliance требуют подтверждения поставщиком."
"amdgroup-public","AMDgroup","https://amdgroup.kz/catalog/high/lm_aktivator_65_high_short/","lm_aktivator_65_high_short","lm aktivator 65 high short","","Стоматологические товары","piece","KZT","","","false","Публичная карточка AMDgroup; цена, остаток и compliance требуют подтверждения поставщиком."
"amdgroup-public","AMDgroup","https://amdgroup.kz/catalog/high/lm_aktivator_70_high_short/","lm_aktivator_70_high_short","lm aktivator 70 high short","","Стоматологические товары","piece","KZT","","","false","Публичная карточка AMDgroup; цена, остаток и compliance требуют подтверждения поставщиком."
"amdgroup-public","AMDgroup","https://amdgroup.kz/catalog/high_/lm_aktivator2_vysokiy_35_dlinnyy_uzkiy/","lm_aktivator2_vysokiy_35_dlinnyy_uzkiy","lm aktivator2 vysokiy 35 dlinnyy uzkiy","","Стоматологические товары","piece","KZT","","","false","Публичная карточка AMDgroup; цена, остаток и compliance требуют подтверждения поставщиком."
"amdgroup-public","AMDgroup","https://amdgroup.kz/catalog/high_/lm_aktivator_2_high_long_40_narrow_/","lm_aktivator_2_high_long_40_narrow_","lm aktivator 2 high long 40 narrow","","Стоматологические товары","piece","KZT","","","false","Публичная карточка AMDgroup; цена, остаток и compliance требуют подтверждения поставщиком."
"amdgroup-public","AMDgroup","https://amdgroup.kz/catalog/high_/lm_aktivator_2_high_long_45_narrow_dlya_ortodonticheskoy_i_miofunk_y_korrektsii_s_pri_i/","lm_aktivator_2_high_long_45_narrow_dlya_ortodonticheskoy_i_miofunk_y_korrektsii_s_pri_i","lm aktivator 2 high long 45 narrow dlya ortodonticheskoy i miofunk y korrektsii s pri i","","Стоматологические товары","piece","KZT","","","false","Публичная карточка AMDgroup; цена, остаток и compliance требуют подтверждения поставщиком."
"amdgroup-public","AMDgroup","https://amdgroup.kz/catalog/high_/lm_aktivator_2_high_long_50_narrow_dlya_ortodonticheskoy_i_miofunk_y_korrektsii_s_pri_i/","lm_aktivator_2_high_long_50_narrow_dlya_ortodonticheskoy_i_miofunk_y_korrektsii_s_pri_i","lm aktivator 2 high long 50 narrow dlya ortodonticheskoy i miofunk y korrektsii s pri i","","Стоматологические товары","piece","KZT","","","false","Публичная карточка AMDgroup; цена, остаток и compliance требуют подтверждения поставщиком."
"amdgroup-public","AMDgroup","https://amdgroup.kz/catalog/high_/lm_aktivator_2_high_long_55_narrow/","lm_aktivator_2_high_long_55_narrow","lm aktivator 2 high long 55 narrow","","Стоматологические товары","piece","KZT","","","false","Публичная карточка AMDgroup; цена, остаток и compliance требуют подтверждения поставщиком."
"amdgroup-public","AMDgroup","https://amdgroup.kz/catalog/high_/lm_aktivator_2_high_long_60_narrow/","lm_aktivator_2_high_long_60_narrow","lm aktivator 2 high long 60 narrow","","Стоматологические товары","piece","KZT","","","false","Публичная карточка AMDgroup; цена, остаток и compliance требуют подтверждения поставщиком."
"amdgroup-public","AMDgroup","https://amdgroup.kz/catalog/high_/lm_aktivator_2_high_long_65_narrow/","lm_aktivator_2_high_long_65_narrow","lm aktivator 2 high long 65 narrow","","Стоматологические товары","piece","KZT","","","false","Публичная карточка AMDgroup; цена, остаток и compliance требуют подтверждения поставщиком."
"amdgroup-public","AMDgroup","https://amdgroup.kz/catalog/high_/lm_aktivator_2_high_long_70_narrow/","lm_aktivator_2_high_long_70_narrow","lm aktivator 2 high long 70 narrow","","Стоматологические товары","piece","KZT","","","false","Публичная карточка AMDgroup; цена, остаток и compliance требуют подтверждения поставщиком."
"amdgroup-public","AMDgroup","https://amdgroup.kz/catalog/high_/lm_aktivator_2_high_short_45_narrow_dlya_ortodonticheskoy_i_miofunk_y_korrektsii_s_pri_i/","lm_aktivator_2_high_short_45_narrow_dlya_ortodonticheskoy_i_miofunk_y_korrektsii_s_pri_i","lm aktivator 2 high short 45 narrow dlya ortodonticheskoy i miofunk y korrektsii s pri i","","Стоматологические товары","piece","KZT","","","false","Публичная карточка AMDgroup; цена, остаток и compliance требуют подтверждения поставщиком."
"amdgroup-public","AMDgroup","https://amdgroup.kz/catalog/high_/lm_aktivator_2_high_short_50_narrow_dlya_ortodonticheskoy_i_miofunk_y_korrektsii_s_pri_i/","lm_aktivator_2_high_short_50_narrow_dlya_ortodonticheskoy_i_miofunk_y_korrektsii_s_pri_i","lm aktivator 2 high short 50 narrow dlya ortodonticheskoy i miofunk y korrektsii s pri i","","Стоматологические товары","piece","KZT","","","false","Публичная карточка AMDgroup; цена, остаток и compliance требуют подтверждения поставщиком."
"amdgroup-public","AMDgroup","https://amdgroup.kz/catalog/high_/lm_aktivator_2_high_short_60_narrow/","lm_aktivator_2_high_short_60_narrow","lm aktivator 2 high short 60 narrow","","Стоматологические товары","piece","KZT","","","false","Публичная карточка AMDgroup; цена, остаток и compliance требуют подтверждения поставщиком."
"amdgroup-public","AMDgroup","https://amdgroup.kz/catalog/high_/lm_aktivator_2_high_short_65_narrow/","lm_aktivator_2_high_short_65_narrow","lm aktivator 2 high short 65 narrow","","Стоматологические товары","piece","KZT","","","false","Публичная карточка AMDgroup; цена, остаток и compliance требуют подтверждения поставщиком."
"amdgroup-public","AMDgroup","https://amdgroup.kz/catalog/high_/lm_aktivator_2_high_short_70_narrow/","lm_aktivator_2_high_short_70_narrow","lm aktivator 2 high short 70 narrow","","Стоматологические товары","piece","KZT","","","false","Публичная карточка AMDgroup; цена, остаток и compliance требуют подтверждения поставщиком."
"amdgroup-public","AMDgroup","https://amdgroup.kz/catalog/high_/lm_aktivator_2_vysokiy_korotkiy_55_/","lm_aktivator_2_vysokiy_korotkiy_55_","lm aktivator 2 vysokiy korotkiy 55","","Стоматологические товары","piece","KZT","","","false","Публичная карточка AMDgroup; цена, остаток и compliance требуют подтверждения поставщиком."
"amdgroup-public","AMDgroup","https://amdgroup.kz/catalog/high_/lm_aktivator_2_vysokiy_kortkiy_35_/","lm_aktivator_2_vysokiy_kortkiy_35_","lm aktivator 2 vysokiy kortkiy 35","","Стоматологические товары","piece","KZT","","","false","Публичная карточка AMDgroup; цена, остаток и compliance требуют подтверждения поставщиком."
"amdgroup-public","AMDgroup","https://amdgroup.kz/catalog/instrumenty2/bory_stomatologicheskie_volframovye_karbidnye_diametr_003_v_upakovke_6sht_/","bory_stomatologicheskie_volframovye_karbidnye_diametr_003_v_upakovke_6sht_","bory stomatologicheskie volframovye karbidnye diametr 003 v upakovke 6sht","","Стоматологические товары","piece","KZT","","","false","Публичная карточка AMDgroup; цена, остаток и compliance требуют подтверждения поставщиком."
"amdgroup-public","AMDgroup","https://amdgroup.kz/catalog/instrumenty2/bory_stomatologicheskie_volframovye_karbidnye_diametr_003_v_upakovke_6sht__1/","bory_stomatologicheskie_volframovye_karbidnye_diametr_003_v_upakovke_6sht__1","bory stomatologicheskie volframovye karbidnye diametr 003 v upakovke 6sht 1","","Стоматологические товары","piece","KZT","","","false","Публичная карточка AMDgroup; цена, остаток и compliance требуют подтверждения поставщиком."
"amdgroup-public","AMDgroup","https://amdgroup.kz/catalog/instrumenty2/bory_stomatologicheskie_volframovye_karbidnye_diametr_003_v_upakovke_6sht__2/","bory_stomatologicheskie_volframovye_karbidnye_diametr_003_v_upakovke_6sht__2","bory stomatologicheskie volframovye karbidnye diametr 003 v upakovke 6sht 2","","Стоматологические товары","piece","KZT","","","false","Публичная карточка AMDgroup; цена, остаток и compliance требуют подтверждения поставщиком."
"amdgroup-public","AMDgroup","https://amdgroup.kz/catalog/instrumenty2/bory_stomatologicheskie_volframovye_karbidnye_diametr_003_v_upakovke_6sht__3/","bory_stomatologicheskie_volframovye_karbidnye_diametr_003_v_upakovke_6sht__3","bory stomatologicheskie volframovye karbidnye diametr 003 v upakovke 6sht 3","","Стоматологические товары","piece","KZT","","","false","Публичная карточка AMDgroup; цена, остаток и compliance требуют подтверждения поставщиком."
"amdgroup-public","AMDgroup","https://amdgroup.kz/catalog/instrumenty2/bory_stomatologicheskie_volframovye_karbidnye_diametr_003_v_upakovke_6sht__4/","bory_stomatologicheskie_volframovye_karbidnye_diametr_003_v_upakovke_6sht__4","bory stomatologicheskie volframovye karbidnye diametr 003 v upakovke 6sht 4","","Стоматологические товары","piece","KZT","","","false","Публичная карточка AMDgroup; цена, остаток и compliance требуют подтверждения поставщиком."
"amdgroup-public","AMDgroup","https://amdgroup.kz/catalog/instrumenty2/bory_stomatologicheskie_volframovye_karbidnye_diametr_005_v_upakovke_6sht_/","bory_stomatologicheskie_volframovye_karbidnye_diametr_005_v_upakovke_6sht_","bory stomatologicheskie volframovye karbidnye diametr 005 v upakovke 6sht","","Стоматологические товары","piece","KZT","","","false","Публичная карточка AMDgroup; цена, остаток и compliance требуют подтверждения поставщиком."
"amdgroup-public","AMDgroup","https://amdgroup.kz/catalog/instrumenty2/bory_stomatologicheskie_volframovye_karbidnye_diametr_005_v_upakovke_6sht__1/","bory_stomatologicheskie_volframovye_karbidnye_diametr_005_v_upakovke_6sht__1","bory stomatologicheskie volframovye karbidnye diametr 005 v upakovke 6sht 1","","Стоматологические товары","piece","KZT","","","false","Публичная карточка AMDgroup; цена, остаток и compliance требуют подтверждения поставщиком."
"amdgroup-public","AMDgroup","https://amdgroup.kz/catalog/instrumenty2/bory_stomatologicheskie_volframovye_karbidnye_diametr_005_v_upakovke_6sht__2/","bory_stomatologicheskie_volframovye_karbidnye_diametr_005_v_upakovke_6sht__2","bory stomatologicheskie volframovye karbidnye diametr 005 v upakovke 6sht 2","","Стоматологические товары","piece","KZT","","","false","Публичная карточка AMDgroup; цена, остаток и compliance требуют подтверждения поставщиком."
"amdgroup-public","AMDgroup","https://amdgroup.kz/catalog/instrumenty2/bory_stomatologicheskie_volframovye_karbidnye_diametr_005_v_upakovke_6sht__3/","bory_stomatologicheskie_volframovye_karbidnye_diametr_005_v_upakovke_6sht__3","bory stomatologicheskie volframovye karbidnye diametr 005 v upakovke 6sht 3","","Стоматологические товары","piece","KZT","","","false","Публичная карточка AMDgroup; цена, остаток и compliance требуют подтверждения поставщиком."
"amdgroup-public","AMDgroup","https://amdgroup.kz/catalog/instrumenty2/bory_stomatologicheskie_volframovye_karbidnye_diametr_006_v_upakovke_6sht_/","bory_stomatologicheskie_volframovye_karbidnye_diametr_006_v_upakovke_6sht_","bory stomatologicheskie volframovye karbidnye diametr 006 v upakovke 6sht","","Стоматологические товары","piece","KZT","","","false","Публичная карточка AMDgroup; цена, остаток и compliance требуют подтверждения поставщиком."
"amdgroup-public","AMDgroup","https://amdgroup.kz/catalog/instrumenty2/bory_stomatologicheskie_volframovye_karbidnye_diametr_007_v_upakovke_6sht_/","bory_stomatologicheskie_volframovye_karbidnye_diametr_007_v_upakovke_6sht_","bory stomatologicheskie volframovye karbidnye diametr 007 v upakovke 6sht","","Стоматологические товары","piece","KZT","","","false","Публичная карточка AMDgroup; цена, остаток и compliance требуют подтверждения поставщиком."
"amdgroup-public","AMDgroup","https://amdgroup.kz/catalog/instrumenty2/endo_klyuch_dt_018a/","endo_klyuch_dt_018a","endo klyuch dt 018a","","Стоматологические товары","piece","KZT","","","false","Публичная карточка AMDgroup; цена, остаток и compliance требуют подтверждения поставщиком."
"amdgroup-public","AMDgroup","https://amdgroup.kz/catalog/instrumenty2/endofayl_6820_225_/","endofayl_6820_225_","endofayl 6820 225","","Стоматологические товары","piece","KZT","","","false","Публичная карточка AMDgroup; цена, остаток и compliance требуют подтверждения поставщиком."
"amdgroup-public","AMDgroup","https://amdgroup.kz/catalog/instrumenty2/endofayl_6820_231_/","endofayl_6820_231_","endofayl 6820 231","","Стоматологические товары","piece","KZT","","","false","Публичная карточка AMDgroup; цена, остаток и compliance требуют подтверждения поставщиком."
"amdgroup-public","AMDgroup","https://amdgroup.kz/catalog/instrumenty2/endofayl_6820_300_5sht/","endofayl_6820_300_5sht","endofayl 6820 300 5sht","","Стоматологические товары","piece","KZT","","","false","Публичная карточка AMDgroup; цена, остаток и compliance требуют подтверждения поставщиком."
"amdgroup-public","AMDgroup","https://amdgroup.kz/catalog/instrumenty2/endofayl_6820_325_5sht/","endofayl_6820_325_5sht","endofayl 6820 325 5sht","","Стоматологические товары","piece","KZT","","","false","Публичная карточка AMDgroup; цена, остаток и compliance требуют подтверждения поставщиком."
"amdgroup-public","AMDgroup","https://amdgroup.kz/catalog/instrumenty2/endofayl_6820_331/","endofayl_6820_331","endofayl 6820 331","","Стоматологические товары","piece","KZT","","","false","Публичная карточка AMDgroup; цена, остаток и compliance требуют подтверждения поставщиком."
"amdgroup-public","AMDgroup","https://amdgroup.kz/catalog/instrumenty2/endofayl_6820_835_5sht/","endofayl_6820_835_5sht","endofayl 6820 835 5sht","","Стоматологические товары","piece","KZT","","","false","Публичная карточка AMDgroup; цена, остаток и compliance требуют подтверждения поставщиком."
"amdgroup-public","AMDgroup","https://amdgroup.kz/catalog/instrumenty2/endofayl_6825_210_5sht/","endofayl_6825_210_5sht","endofayl 6825 210 5sht","","Стоматологические товары","piece","KZT","","","false","Публичная карточка AMDgroup; цена, остаток и compliance требуют подтверждения поставщиком."
"amdgroup-public","AMDgroup","https://amdgroup.kz/catalog/instrumenty2/endofayl_6825_215/","endofayl_6825_215","endofayl 6825 215","","Стоматологические товары","piece","KZT","","","false","Публичная карточка AMDgroup; цена, остаток и compliance требуют подтверждения поставщиком."
"amdgroup-public","AMDgroup","https://amdgroup.kz/catalog/instrumenty2/endofayl_6825_220_5sht/","endofayl_6825_220_5sht","endofayl 6825 220 5sht","","Стоматологические товары","piece","KZT","","","false","Публичная карточка AMDgroup; цена, остаток и compliance требуют подтверждения поставщиком."
"amdgroup-public","AMDgroup","https://amdgroup.kz/catalog/instrumenty2/endofayl_6825_630/","endofayl_6825_630","endofayl 6825 630","","Стоматологические товары","piece","KZT","","","false","Публичная карточка AMDgroup; цена, остаток и compliance требуют подтверждения поставщиком."
"amdgroup-public","AMDgroup","https://amdgroup.kz/catalog/khirurgicheskie_/nakonechnik_khir_pryamoy_s_11lg_1_1_30057000/","nakonechnik_khir_pryamoy_s_11lg_1_1_30057000","nakonechnik khir pryamoy s 11lg 1 1 30057000","","Стоматологические товары","piece","KZT","","","false","Публичная карточка AMDgroup; цена, остаток и compliance требуют подтверждения поставщиком."
"amdgroup-public","AMDgroup","https://amdgroup.kz/catalog/khirurgicheskie_/nakonechnik_pryamoy_s_9_1_1/","nakonechnik_pryamoy_s_9_1_1","nakonechnik pryamoy s 9 1 1","","Стоматологические товары","piece","KZT","","","false","Публичная карточка AMDgroup; цена, остаток и compliance требуют подтверждения поставщиком."
"amdgroup-public","AMDgroup","https://amdgroup.kz/catalog/khirurgicheskie_/nakonechnik_uglovoy_khir_razb_ws_75_led_g_30032000_/","nakonechnik_uglovoy_khir_razb_ws_75_led_g_30032000_","nakonechnik uglovoy khir razb ws 75 led g 30032000","","Стоматологические товары","piece","KZT","","","false","Публичная карточка AMDgroup; цена, остаток и compliance требуют подтверждения поставщиком."
"amdgroup-public","AMDgroup","https://amdgroup.kz/catalog/khirurgicheskie_/nakonechnik_uglovoy_wi_75_e_km_10207550/","nakonechnik_uglovoy_wi_75_e_km_10207550","nakonechnik uglovoy wi 75 e km 10207550","","Стоматологические товары","piece","KZT","","","false","Публичная карточка AMDgroup; цена, остаток и compliance требуют подтверждения поставщиком."
"amdgroup-public","AMDgroup","https://amdgroup.kz/catalog/khirurgicheskie_bory/bory_almaznye_cds1_016c_fgl/","bory_almaznye_cds1_016c_fgl","bory almaznye cds1 016c fgl","","Стоматологические товары","piece","KZT","","","false","Публичная карточка AMDgroup; цена, остаток и compliance требуют подтверждения поставщиком."
"amdgroup-public","AMDgroup","https://amdgroup.kz/catalog/khirurgicheskie_bory/bory_almaznye_cds1_018c_fgl/","bory_almaznye_cds1_018c_fgl","bory almaznye cds1 018c fgl","","Стоматологические товары","piece","KZT","","","false","Публичная карточка AMDgroup; цена, остаток и compliance требуют подтверждения поставщиком."
"amdgroup-public","AMDgroup","https://amdgroup.kz/catalog/khirurgicheskie_bory/bory_almaznye_cds1_021c_hp/","bory_almaznye_cds1_021c_hp","bory almaznye cds1 021c hp","","Стоматологические товары","piece","KZT","","","false","Публичная карточка AMDgroup; цена, остаток и compliance требуют подтверждения поставщиком."
"amdgroup-public","AMDgroup","https://amdgroup.kz/catalog/khirurgicheskie_bory/bory_almaznye_cds2_014m_fgxxl/","bory_almaznye_cds2_014m_fgxxl","bory almaznye cds2 014m fgxxl","","Стоматологические товары","piece","KZT","","","false","Публичная карточка AMDgroup; цена, остаток и compliance требуют подтверждения поставщиком."
"amdgroup-public","AMDgroup","https://amdgroup.kz/catalog/khirurgicheskie_bory/bory_almaznye_cds2_016c_fgxxl/","bory_almaznye_cds2_016c_fgxxl","bory almaznye cds2 016c fgxxl","","Стоматологические товары","piece","KZT","","","false","Публичная карточка AMDgroup; цена, остаток и compliance требуют подтверждения поставщиком."
"amdgroup-public","AMDgroup","https://amdgroup.kz/catalog/khirurgicheskie_bory/freza_khirurgicheskaya_h141ax_050_hp/","freza_khirurgicheskaya_h141ax_050_hp","freza khirurgicheskaya h141ax 050 hp","","Стоматологические товары","piece","KZT","","","false","Публичная карточка AMDgroup; цена, остаток и compliance требуют подтверждения поставщиком."
"amdgroup-public","AMDgroup","https://amdgroup.kz/catalog/khirurgicheskie_bory/freza_khirurgicheskaya_h162a_016_fgxl/","freza_khirurgicheskaya_h162a_016_fgxl","freza khirurgicheskaya h162a 016 fgxl","","Стоматологические товары","piece","KZT","","","false","Публичная карточка AMDgroup; цена, остаток и compliance требуют подтверждения поставщиком."
"amdgroup-public","AMDgroup","https://amdgroup.kz/catalog/khirurgicheskie_bory/freza_khirurgicheskaya_h166_021_hp/","freza_khirurgicheskaya_h166_021_hp","freza khirurgicheskaya h166 021 hp","","Стоматологические товары","piece","KZT","","","false","Публичная карточка AMDgroup; цена, остаток и compliance требуют подтверждения поставщиком."
"amdgroup-public","AMDgroup","https://amdgroup.kz/catalog/khirurgicheskie_bory/frezy_khirurgicheskie_c801_010m_hp/","frezy_khirurgicheskie_c801_010m_hp","frezy khirurgicheskie c801 010m hp","","Стоматологические товары","piece","KZT","","","false","Публичная карточка AMDgroup; цена, остаток и compliance требуют подтверждения поставщиком."
"amdgroup-public","AMDgroup","https://amdgroup.kz/catalog/khirurgicheskie_bory/frezy_khirurgicheskie_c801_012m_hp/","frezy_khirurgicheskie_c801_012m_hp","frezy khirurgicheskie c801 012m hp","","Стоматологические товары","piece","KZT","","","false","Публичная карточка AMDgroup; цена, остаток и compliance требуют подтверждения поставщиком."
"amdgroup-public","AMDgroup","https://amdgroup.kz/catalog/khirurgicheskie_bory/frezy_khirurgicheskie_c801_018m_hp/","frezy_khirurgicheskie_c801_018m_hp","frezy khirurgicheskie c801 018m hp","","Стоматологические товары","piece","KZT","","","false","Публичная карточка AMDgroup; цена, остаток и compliance требуют подтверждения поставщиком."
"amdgroup-public","AMDgroup","https://amdgroup.kz/catalog/khirurgicheskie_bory/frezy_khirurgicheskie_c801_023m_hp/","frezy_khirurgicheskie_c801_023m_hp","frezy khirurgicheskie c801 023m hp","","Стоматологические товары","piece","KZT","","","false","Публичная карточка AMDgroup; цена, остаток и compliance требуют подтверждения поставщиком."
"amdgroup-public","AMDgroup","https://amdgroup.kz/catalog/khirurgicheskie_bory/frezy_khirurgicheskie_c801_025m_hp/","frezy_khirurgicheskie_c801_025m_hp","frezy khirurgicheskie c801 025m hp","","Стоматологические товары","piece","KZT","","","false","Публичная карточка AMDgroup; цена, остаток и compliance требуют подтверждения поставщиком."
"amdgroup-public","AMDgroup","https://amdgroup.kz/catalog/khirurgicheskie_bory/frezy_khirurgicheskie_c801_035m_hp/","frezy_khirurgicheskie_c801_035m_hp","frezy khirurgicheskie c801 035m hp","","Стоматологические товары","piece","KZT","","","false","Публичная карточка AMDgroup; цена, остаток и compliance требуют подтверждения поставщиком."
"amdgroup-public","AMDgroup","https://amdgroup.kz/catalog/khirurgicheskie_bory/frezy_khirurgicheskie_cds1_016sc_fg/","frezy_khirurgicheskie_cds1_016sc_fg","frezy khirurgicheskie cds1 016sc fg","","Стоматологические товары","piece","KZT","","","false","Публичная карточка AMDgroup; цена, остаток и compliance требуют подтверждения поставщиком."
"amdgroup-public","AMDgroup","https://amdgroup.kz/catalog/khirurgicheskie_bory/frezy_khirurgicheskie_cds1_018sc_fgl/","frezy_khirurgicheskie_cds1_018sc_fgl","frezy khirurgicheskie cds1 018sc fgl","","Стоматологические товары","piece","KZT","","","false","Публичная карточка AMDgroup; цена, остаток и compliance требуют подтверждения поставщиком."
"amdgroup-public","AMDgroup","https://amdgroup.kz/catalog/khirurgicheskie_bory/frezy_khirurgicheskie_cds1_021c_fgl/","frezy_khirurgicheskie_cds1_021c_fgl","frezy khirurgicheskie cds1 021c fgl","","Стоматологические товары","piece","KZT","","","false","Публичная карточка AMDgroup; цена, остаток и compliance требуют подтверждения поставщиком."
"amdgroup-public","AMDgroup","https://amdgroup.kz/catalog/khirurgicheskie_bory/frezy_khirurgicheskie_cds1_021sc_fgl/","frezy_khirurgicheskie_cds1_021sc_fgl","frezy khirurgicheskie cds1 021sc fgl","","Стоматологические товары","piece","KZT","","","false","Публичная карточка AMDgroup; цена, остаток и compliance требуют подтверждения поставщиком."
"amdgroup-public","AMDgroup","https://amdgroup.kz/catalog/khirurgicheskie_bory/frezy_khirurgicheskie_cds1_023c_hp/","frezy_khirurgicheskie_cds1_023c_hp","frezy khirurgicheskie cds1 023c hp","","Стоматологические товары","piece","KZT","","","false","Публичная карточка AMDgroup; цена, остаток и compliance требуют подтверждения поставщиком."
"amdgroup-public","AMDgroup","https://amdgroup.kz/catalog/khirurgicheskie_bory/frezy_khirurgicheskie_h141_014_fgxl/","frezy_khirurgicheskie_h141_014_fgxl","frezy khirurgicheskie h141 014 fgxl","","Стоматологические товары","piece","KZT","","","false","Публичная карточка AMDgroup; цена, остаток и compliance требуют подтверждения поставщиком."
"amdgroup-public","AMDgroup","https://amdgroup.kz/catalog/khirurgicheskie_bory/frezy_khirurgicheskie_h141_018_fgxl/","frezy_khirurgicheskie_h141_018_fgxl","frezy khirurgicheskie h141 018 fgxl","","Стоматологические товары","piece","KZT","","","false","Публичная карточка AMDgroup; цена, остаток и compliance требуют подтверждения поставщиком."
"amdgroup-public","AMDgroup","https://amdgroup.kz/catalog/khirurgicheskie_bory/frezy_khirurgicheskie_h141_021_fgxl/","frezy_khirurgicheskie_h141_021_fgxl","frezy khirurgicheskie h141 021 fgxl","","Стоматологические товары","piece","KZT","","","false","Публичная карточка AMDgroup; цена, остаток и compliance требуют подтверждения поставщиком."
"amdgroup-public","AMDgroup","https://amdgroup.kz/catalog/khirurgicheskie_bory/frezy_khirurgicheskie_h141_023_fgxl/","frezy_khirurgicheskie_h141_023_fgxl","frezy khirurgicheskie h141 023 fgxl","","Стоматологические товары","piece","KZT","","","false","Публичная карточка AMDgroup; цена, остаток и compliance требуют подтверждения поставщиком."
"amdgroup-public","AMDgroup","https://amdgroup.kz/catalog/khirurgicheskie_bory/frezy_khirurgicheskie_h141ax_023_hp/","frezy_khirurgicheskie_h141ax_023_hp","frezy khirurgicheskie h141ax 023 hp","","Стоматологические товары","piece","KZT","","","false","Публичная карточка AMDgroup; цена, остаток и compliance требуют подтверждения поставщиком."
"amdgroup-public","AMDgroup","https://amdgroup.kz/catalog/khirurgicheskie_bory/frezy_khirurgicheskie_h141ax_023_ral/","frezy_khirurgicheskie_h141ax_023_ral","frezy khirurgicheskie h141ax 023 ral","","Стоматологические товары","piece","KZT","","","false","Публичная карточка AMDgroup; цена, остаток и compliance требуют подтверждения поставщиком."
"amdgroup-public","AMDgroup","https://amdgroup.kz/catalog/khirurgicheskie_bory/frezy_khirurgicheskie_h141ax_023_raxl/","frezy_khirurgicheskie_h141ax_023_raxl","frezy khirurgicheskie h141ax 023 raxl","","Стоматологические товары","piece","KZT","","","false","Публичная карточка AMDgroup; цена, остаток и compliance требуют подтверждения поставщиком."
"amdgroup-public","AMDgroup","https://amdgroup.kz/catalog/khirurgicheskie_bory/frezy_khirurgicheskie_h141ax_027_hp/","frezy_khirurgicheskie_h141ax_027_hp","frezy khirurgicheskie h141ax 027 hp","","Стоматологические товары","piece","KZT","","","false","Публичная карточка AMDgroup; цена, остаток и compliance требуют подтверждения поставщиком."
"amdgroup-public","AMDgroup","https://amdgroup.kz/catalog/khirurgicheskie_bory/frezy_khirurgicheskie_h141ax_027_ral/","frezy_khirurgicheskie_h141ax_027_ral","frezy khirurgicheskie h141ax 027 ral","","Стоматологические товары","piece","KZT","","","false","Публичная карточка AMDgroup; цена, остаток и compliance требуют подтверждения поставщиком."
"amdgroup-public","AMDgroup","https://amdgroup.kz/catalog/khirurgicheskie_bory/frezy_khirurgicheskie_h141ax_027_raxl/","frezy_khirurgicheskie_h141ax_027_raxl","frezy khirurgicheskie h141ax 027 raxl","","Стоматологические товары","piece","KZT","","","false","Публичная карточка AMDgroup; цена, остаток и compliance требуют подтверждения поставщиком."
"amdgroup-public","AMDgroup","https://amdgroup.kz/catalog/khirurgicheskie_bory/frezy_khirurgicheskie_h141ax_031_hp/","frezy_khirurgicheskie_h141ax_031_hp","frezy khirurgicheskie h141ax 031 hp","","Стоматологические товары","piece","KZT","","","false","Публичная карточка AMDgroup; цена, остаток и compliance требуют подтверждения поставщиком."
"amdgroup-public","AMDgroup","https://amdgroup.kz/catalog/khirurgicheskie_bory/frezy_khirurgicheskie_h141ax_031_ral/","frezy_khirurgicheskie_h141ax_031_ral","frezy khirurgicheskie h141ax 031 ral","","Стоматологические товары","piece","KZT","","","false","Публичная карточка AMDgroup; цена, остаток и compliance требуют подтверждения поставщиком."
"amdgroup-public","AMDgroup","https://amdgroup.kz/catalog/khirurgicheskie_bory/frezy_khirurgicheskie_h141ax_031_raxl/","frezy_khirurgicheskie_h141ax_031_raxl","frezy khirurgicheskie h141ax 031 raxl","","Стоматологические товары","piece","KZT","","","false","Публичная карточка AMDgroup; цена, остаток и compliance требуют подтверждения поставщиком."
"amdgroup-public","AMDgroup","https://amdgroup.kz/catalog/khirurgicheskie_bory/frezy_khirurgicheskie_h141ax_035_hp/","frezy_khirurgicheskie_h141ax_035_hp","frezy khirurgicheskie h141ax 035 hp","","Стоматологические товары","piece","KZT","","","false","Публичная карточка AMDgroup; цена, остаток и compliance требуют подтверждения поставщиком."
"amdgroup-public","AMDgroup","https://amdgroup.kz/catalog/khirurgicheskie_bory/frezy_khirurgicheskie_h141ax_035_ral/","frezy_khirurgicheskie_h141ax_035_ral","frezy khirurgicheskie h141ax 035 ral","","Стоматологические товары","piece","KZT","","","false","Публичная карточка AMDgroup; цена, остаток и compliance требуют подтверждения поставщиком."
"amdgroup-public","AMDgroup","https://amdgroup.kz/catalog/khirurgicheskie_bory/frezy_khirurgicheskie_h141ax_035_raxl/","frezy_khirurgicheskie_h141ax_035_raxl","frezy khirurgicheskie h141ax 035 raxl","","Стоматологические товары","piece","KZT","","","false","Публичная карточка AMDgroup; цена, остаток и compliance требуют подтверждения поставщиком."
"amdgroup-public","AMDgroup","https://amdgroup.kz/catalog/khirurgicheskie_bory/frezy_khirurgicheskie_h141ax_040_hp/","frezy_khirurgicheskie_h141ax_040_hp","frezy khirurgicheskie h141ax 040 hp","","Стоматологические товары","piece","KZT","","","false","Публичная карточка AMDgroup; цена, остаток и compliance требуют подтверждения поставщиком."
"amdgroup-public","AMDgroup","https://amdgroup.kz/catalog/khirurgicheskie_bory/frezy_khirurgicheskie_h141ax_040_ral/","frezy_khirurgicheskie_h141ax_040_ral","frezy khirurgicheskie h141ax 040 ral","","Стоматологические товары","piece","KZT","","","false","Публичная карточка AMDgroup; цена, остаток и compliance требуют подтверждения поставщиком."
"amdgroup-public","AMDgroup","https://amdgroup.kz/catalog/khirurgicheskie_bory/frezy_khirurgicheskie_h141ax_040_raxl/","frezy_khirurgicheskie_h141ax_040_raxl","frezy khirurgicheskie h141ax 040 raxl","","Стоматологические товары","piece","KZT","","","false","Публичная карточка AMDgroup; цена, остаток и compliance требуют подтверждения поставщиком."
"amdgroup-public","AMDgroup","https://amdgroup.kz/catalog/khirurgicheskie_bory/frezy_khirurgicheskie_h141ax_050_raxl/","frezy_khirurgicheskie_h141ax_050_raxl","frezy khirurgicheskie h141ax 050 raxl","","Стоматологические товары","piece","KZT","","","false","Публичная карточка AMDgroup; цена, остаток и compliance требуют подтверждения поставщиком."
"amdgroup-public","AMDgroup","https://amdgroup.kz/catalog/khirurgicheskie_bory/frezy_khirurgicheskie_h151_015_fgxl/","frezy_khirurgicheskie_h151_015_fgxl","frezy khirurgicheskie h151 015 fgxl","","Стоматологические товары","piece","KZT","","","false","Публичная карточка AMDgroup; цена, остаток и compliance требуют подтверждения поставщиком."
"amdgroup-public","AMDgroup","https://amdgroup.kz/catalog/khirurgicheskie_bory/frezy_khirurgicheskie_h151_015_fgxxl/","frezy_khirurgicheskie_h151_015_fgxxl","frezy khirurgicheskie h151 015 fgxxl","","Стоматологические товары","piece","KZT","","","false","Публичная карточка AMDgroup; цена, остаток и compliance требуют подтверждения поставщиком."
"amdgroup-public","AMDgroup","https://amdgroup.kz/catalog/khirurgicheskie_bory/frezy_khirurgicheskie_h161_016_fgxl/","frezy_khirurgicheskie_h161_016_fgxl","frezy khirurgicheskie h161 016 fgxl","","Стоматологические товары","piece","KZT","","","false","Публичная карточка AMDgroup; цена, остаток и compliance требуют подтверждения поставщиком."
"amdgroup-public","AMDgroup","https://amdgroup.kz/catalog/khirurgicheskie_bory/frezy_khirurgicheskie_h161_016_hp/","frezy_khirurgicheskie_h161_016_hp","frezy khirurgicheskie h161 016 hp","","Стоматологические товары","piece","KZT","","","false","Публичная карточка AMDgroup; цена, остаток и compliance требуют подтверждения поставщиком."
"amdgroup-public","AMDgroup","https://amdgroup.kz/catalog/khirurgicheskie_bory/frezy_khirurgicheskie_h162_016_fgxl/","frezy_khirurgicheskie_h162_016_fgxl","frezy khirurgicheskie h162 016 fgxl","","Стоматологические товары","piece","KZT","","","false","Публичная карточка AMDgroup; цена, остаток и compliance требуют подтверждения поставщиком."
"amdgroup-public","AMDgroup","https://amdgroup.kz/catalog/khirurgicheskie_bory/frezy_khirurgicheskie_h162_016_hp/","frezy_khirurgicheskie_h162_016_hp","frezy khirurgicheskie h162 016 hp","","Стоматологические товары","piece","KZT","","","false","Публичная карточка AMDgroup; цена, остаток и compliance требуют подтверждения поставщиком."
"amdgroup-public","AMDgroup","https://amdgroup.kz/catalog/khirurgicheskie_bory/frezy_khirurgicheskie_h162a_016_fgxxl/","frezy_khirurgicheskie_h162a_016_fgxxl","frezy khirurgicheskie h162a 016 fgxxl","","Стоматологические товары","piece","KZT","","","false","Публичная карточка AMDgroup; цена, остаток и compliance требуют подтверждения поставщиком."
"amdgroup-public","AMDgroup","https://amdgroup.kz/catalog/khirurgicheskie_bory/frezy_khirurgicheskie_h162a_016_hp/","frezy_khirurgicheskie_h162a_016_hp","frezy khirurgicheskie h162a 016 hp","","Стоматологические товары","piece","KZT","","","false","Публичная карточка AMDgroup; цена, остаток и compliance требуют подтверждения поставщиком."
"amdgroup-public","AMDgroup","https://amdgroup.kz/catalog/khirurgicheskie_bory/frezy_khirurgicheskie_h162a_016_raxl/","frezy_khirurgicheskie_h162a_016_raxl","frezy khirurgicheskie h162a 016 raxl","","Стоматологические товары","piece","KZT","","","false","Публичная карточка AMDgroup; цена, остаток и compliance требуют подтверждения поставщиком."
"amdgroup-public","AMDgroup","https://amdgroup.kz/catalog/khirurgicheskie_bory/frezy_khirurgicheskie_h162s_016_hp/","frezy_khirurgicheskie_h162s_016_hp","frezy khirurgicheskie h162s 016 hp","","Стоматологические товары","piece","KZT","","","false","Публичная карточка AMDgroup; цена, остаток и compliance требуют подтверждения поставщиком."
"amdgroup-public","AMDgroup","https://amdgroup.kz/catalog/khirurgicheskie_bory/frezy_khirurgicheskie_h166_021_ral/","frezy_khirurgicheskie_h166_021_ral","frezy khirurgicheskie h166 021 ral","","Стоматологические товары","piece","KZT","","","false","Публичная карточка AMDgroup; цена, остаток и compliance требуют подтверждения поставщиком."
"amdgroup-public","AMDgroup","https://amdgroup.kz/catalog/khirurgicheskie_bory/frezy_khirurgicheskie_h254a_012_fgxl/","frezy_khirurgicheskie_h254a_012_fgxl","frezy khirurgicheskie h254a 012 fgxl","","Стоматологические товары","piece","KZT","","","false","Публичная карточка AMDgroup; цена, остаток и compliance требуют подтверждения поставщиком."
"amdgroup-public","AMDgroup","https://amdgroup.kz/catalog/khirurgicheskie_bory/frezy_khirurgicheskie_h254a_012_hp/","frezy_khirurgicheskie_h254a_012_hp","frezy khirurgicheskie h254a 012 hp","","Стоматологические товары","piece","KZT","","","false","Публичная карточка AMDgroup; цена, остаток и compliance требуют подтверждения поставщиком."
"amdgroup-public","AMDgroup","https://amdgroup.kz/catalog/khirurgicheskie_bory/frezy_khirurgicheskie_h254a_012_ral/","frezy_khirurgicheskie_h254a_012_ral","frezy khirurgicheskie h254a 012 ral","","Стоматологические товары","piece","KZT","","","false","Публичная карточка AMDgroup; цена, остаток и compliance требуют подтверждения поставщиком."
"amdgroup-public","AMDgroup","https://amdgroup.kz/catalog/khirurgicheskie_bory/frezy_khirurgicheskie_h254a_012_raxl/","frezy_khirurgicheskie_h254a_012_raxl","frezy khirurgicheskie h254a 012 raxl","","Стоматологические товары","piece","KZT","","","false","Публичная карточка AMDgroup; цена, остаток и compliance требуют подтверждения поставщиком."
"amdgroup-public","AMDgroup","https://amdgroup.kz/catalog/khirurgicheskie_bory/frezy_khirurgicheskie_h269_016_fgxl/","frezy_khirurgicheskie_h269_016_fgxl","frezy khirurgicheskie h269 016 fgxl","","Стоматологические товары","piece","KZT","","","false","Публичная карточка AMDgroup; цена, остаток и compliance требуют подтверждения поставщиком."
"amdgroup-public","AMDgroup","https://amdgroup.kz/catalog/khirurgicheskie_bory/frezy_khirurgicheskie_h269_016_fgxxl/","frezy_khirurgicheskie_h269_016_fgxxl","frezy khirurgicheskie h269 016 fgxxl","","Стоматологические товары","piece","KZT","","","false","Публичная карточка AMDgroup; цена, остаток и compliance требуют подтверждения поставщиком."
"amdgroup-public","AMDgroup","https://amdgroup.kz/catalog/khirurgicheskie_bory/frezy_khirurgicheskie_h269_016_hp/","frezy_khirurgicheskie_h269_016_hp","frezy khirurgicheskie h269 016 hp","","Стоматологические товары","piece","KZT","","","false","Публичная карточка AMDgroup; цена, остаток и compliance требуют подтверждения поставщиком."
"amdgroup-public","AMDgroup","https://amdgroup.kz/catalog/khirurgicheskie_bory/frezy_khirurgicheskie_h269_016_raxl/","frezy_khirurgicheskie_h269_016_raxl","frezy khirurgicheskie h269 016 raxl","","Стоматологические товары","piece","KZT","","","false","Публичная карточка AMDgroup; цена, остаток и compliance требуют подтверждения поставщиком."
"amdgroup-public","AMDgroup","https://amdgroup.kz/catalog/khirurgicheskie_bory/frezy_khirurgicheskie_rf229_040_ral/","frezy_khirurgicheskie_rf229_040_ral","frezy khirurgicheskie rf229 040 ral","","Стоматологические товары","piece","KZT","","","false","Публичная карточка AMDgroup; цена, остаток и compliance требуют подтверждения поставщиком."
"amdgroup-public","AMDgroup","https://amdgroup.kz/catalog/kobalt_khromovyy_abatment/abatment_vygoraemyy_dlya_koronki_3_5_cf_gh_1_0_np/","abatment_vygoraemyy_dlya_koronki_3_5_cf_gh_1_0_np","abatment vygoraemyy dlya koronki 3 5 cf gh 1 0 np","","Стоматологические товары","piece","KZT","","","false","Публичная карточка AMDgroup; цена, остаток и compliance требуют подтверждения поставщиком."
"amdgroup-public","AMDgroup","https://amdgroup.kz/catalog/kobalt_khromovyy_abatment/abatment_vygoraemyy_dlya_koronki_4_5_cf_gh_1_0_np/","abatment_vygoraemyy_dlya_koronki_4_5_cf_gh_1_0_np","abatment vygoraemyy dlya koronki 4 5 cf gh 1 0 np","","Стоматологические товары","piece","KZT","","","false","Публичная карточка AMDgroup; цена, остаток и compliance требуют подтверждения поставщиком."
"amdgroup-public","AMDgroup","https://amdgroup.kz/catalog/kobalt_khromovyy_abatment/abatment_vygoraemyy_dlya_koronki_4_5_cf_gh_1_0_sp/","abatment_vygoraemyy_dlya_koronki_4_5_cf_gh_1_0_sp","abatment vygoraemyy dlya koronki 4 5 cf gh 1 0 sp","","Стоматологические товары","piece","KZT","","","false","Публичная карточка AMDgroup; цена, остаток и compliance требуют подтверждения поставщиком."
"amdgroup-public","AMDgroup","https://amdgroup.kz/catalog/kobalt_khromovyy_abatment/abatment_vygoraemyy_dlya_koronki_5_5_cf_gh_1_0_sp/","abatment_vygoraemyy_dlya_koronki_5_5_cf_gh_1_0_sp","abatment vygoraemyy dlya koronki 5 5 cf gh 1 0 sp","","Стоматологические товары","piece","KZT","","","false","Публичная карточка AMDgroup; цена, остаток и compliance требуют подтверждения поставщиком."
"amdgroup-public","AMDgroup","https://amdgroup.kz/catalog/kobalt_khromovyy_abatment/abatment_vygoraemyy_dlya_mostov_3_5_cf_gh_1_0_np/","abatment_vygoraemyy_dlya_mostov_3_5_cf_gh_1_0_np","abatment vygoraemyy dlya mostov 3 5 cf gh 1 0 np","","Стоматологические товары","piece","KZT","","","false","Публичная карточка AMDgroup; цена, остаток и compliance требуют подтверждения поставщиком."
"amdgroup-public","AMDgroup","https://amdgroup.kz/catalog/kobalt_khromovyy_abatment/abatment_vygoraemyy_dlya_mostov_4_5_cf_gh_1_0_np/","abatment_vygoraemyy_dlya_mostov_4_5_cf_gh_1_0_np","abatment vygoraemyy dlya mostov 4 5 cf gh 1 0 np","","Стоматологические товары","piece","KZT","","","false","Публичная карточка AMDgroup; цена, остаток и compliance требуют подтверждения поставщиком."
"amdgroup-public","AMDgroup","https://amdgroup.kz/catalog/kobalt_khromovyy_abatment/abatment_vygoraemyy_dlya_mostov_4_5_cf_gh_1_0_sp/","abatment_vygoraemyy_dlya_mostov_4_5_cf_gh_1_0_sp","abatment vygoraemyy dlya mostov 4 5 cf gh 1 0 sp","","Стоматологические товары","piece","KZT","","","false","Публичная карточка AMDgroup; цена, остаток и compliance требуют подтверждения поставщиком."
"amdgroup-public","AMDgroup","https://amdgroup.kz/catalog/kobalt_khromovyy_abatment/abatment_vygoraemyy_dlya_mostov_5_5_cf_gh_1_0_sp/","abatment_vygoraemyy_dlya_mostov_5_5_cf_gh_1_0_sp","abatment vygoraemyy dlya mostov 5 5 cf gh 1 0 sp","","Стоматологические товары","piece","KZT","","","false","Публичная карточка AMDgroup; цена, остаток и compliance требуют подтверждения поставщиком."
"amdgroup-public","AMDgroup","https://amdgroup.kz/catalog/kolesovidnye/820_050m_fg_borye_almaznye/","820_050m_fg_borye_almaznye","820 050m fg borye almaznye","","Стоматологические товары","piece","KZT","","","false","Публичная карточка AMDgroup; цена, остаток и compliance требуют подтверждения поставщиком."
"amdgroup-public","AMDgroup","https://amdgroup.kz/catalog/kolesovidnye/bory_almaznye_815_027m_fg/","bory_almaznye_815_027m_fg","bory almaznye 815 027m fg","","Стоматологические товары","piece","KZT","","","false","Публичная карточка AMDgroup; цена, остаток и compliance требуют подтверждения поставщиком."
"amdgroup-public","AMDgroup","https://amdgroup.kz/catalog/kolesovidnye/bory_almaznye_817_047c_fg/","bory_almaznye_817_047c_fg","bory almaznye 817 047c fg","","Стоматологические товары","piece","KZT","","","false","Публичная карточка AMDgroup; цена, остаток и compliance требуют подтверждения поставщиком."
"amdgroup-public","AMDgroup","https://amdgroup.kz/catalog/kolesovidnye/bory_almaznye_817_047m_fg/","bory_almaznye_817_047m_fg","bory almaznye 817 047m fg","","Стоматологические товары","piece","KZT","","","false","Публичная карточка AMDgroup; цена, остаток и compliance требуют подтверждения поставщиком."
"amdgroup-public","AMDgroup","https://amdgroup.kz/catalog/kolesovidnye/bory_almaznye_828_026m_fg/","bory_almaznye_828_026m_fg","bory almaznye 828 026m fg","","Стоматологические товары","piece","KZT","","","false","Публичная карточка AMDgroup; цена, остаток и compliance требуют подтверждения поставщиком."
"amdgroup-public","AMDgroup","https://amdgroup.kz/catalog/kolesovidnye/bory_almaznye_828_030m_fg/","bory_almaznye_828_030m_fg","bory almaznye 828 030m fg","","Стоматологические товары","piece","KZT","","","false","Публичная карточка AMDgroup; цена, остаток и compliance требуют подтверждения поставщиком."
"amdgroup-public","AMDgroup","https://amdgroup.kz/catalog/kolpachki_/kolpachok_laboratornyy_odnoetapnyy_cuzn_4_8/","kolpachok_laboratornyy_odnoetapnyy_cuzn_4_8","kolpachok laboratornyy odnoetapnyy cuzn 4 8","","Стоматологические товары","piece","KZT","","","false","Публичная карточка AMDgroup; цена, остаток и compliance требуют подтверждения поставщиком."
"amdgroup-public","AMDgroup","https://amdgroup.kz/catalog/kolpachki_/kolpachok_laboratornyy_odnoetapnyy_litoy_4_8/","kolpachok_laboratornyy_odnoetapnyy_litoy_4_8","kolpachok laboratornyy odnoetapnyy litoy 4 8","","Стоматологические товары","piece","KZT","","","false","Публичная карточка AMDgroup; цена, остаток и compliance требуют подтверждения поставщиком."
"amdgroup-public","AMDgroup","https://amdgroup.kz/catalog/kolpachki_/kolpachok_laboratornyy_odnoetapnyy_titanovyy_4_8/","kolpachok_laboratornyy_odnoetapnyy_titanovyy_4_8","kolpachok laboratornyy odnoetapnyy titanovyy 4 8","","Стоматологические товары","piece","KZT","","","false","Публичная карточка AMDgroup; цена, остаток и compliance требуют подтверждения поставщиком."
"amdgroup-public","AMDgroup","https://amdgroup.kz/catalog/kolpachki_/kolpachok_litoy_s_tsementnoy_fiksatsiey_4_5/","kolpachok_litoy_s_tsementnoy_fiksatsiey_4_5","kolpachok litoy s tsementnoy fiksatsiey 4 5","","Стоматологические товары","piece","KZT","","","false","Публичная карточка AMDgroup; цена, остаток и compliance требуют подтверждения поставщиком."
"amdgroup-public","AMDgroup","https://amdgroup.kz/catalog/kolpachki_/kolpachok_litoy_s_tsementnoy_fiksatsiey_4_8/","kolpachok_litoy_s_tsementnoy_fiksatsiey_4_8","kolpachok litoy s tsementnoy fiksatsiey 4 8","","Стоматологические товары","piece","KZT","","","false","Публичная карточка AMDgroup; цена, остаток и compliance требуют подтверждения поставщиком."
"amdgroup-public","AMDgroup","https://amdgroup.kz/catalog/kolpachki_/kolpachok_vremennyy_s_tsementnoy_fiksatsiey_3_5/","kolpachok_vremennyy_s_tsementnoy_fiksatsiey_3_5","kolpachok vremennyy s tsementnoy fiksatsiey 3 5","","Стоматологические товары","piece","KZT","","","false","Публичная карточка AMDgroup; цена, остаток и compliance требуют подтверждения поставщиком."
"amdgroup-public","AMDgroup","https://amdgroup.kz/catalog/kolpachki_/kolpachok_vremennyy_s_tsementnoy_fiksatsiey_4_5/","kolpachok_vremennyy_s_tsementnoy_fiksatsiey_4_5","kolpachok vremennyy s tsementnoy fiksatsiey 4 5","","Стоматологические товары","piece","KZT","","","false","Публичная карточка AMDgroup; цена, остаток и compliance требуют подтверждения поставщиком."
"amdgroup-public","AMDgroup","https://amdgroup.kz/catalog/kolpachki_/vint_laboratornyy_odnoetapnyy_gibridnyy_3_5_4_8/","vint_laboratornyy_odnoetapnyy_gibridnyy_3_5_4_8","vint laboratornyy odnoetapnyy gibridnyy 3 5 4 8","","Стоматологические товары","piece","KZT","","","false","Публичная карточка AMDgroup; цена, остаток и compliance требуют подтверждения поставщиком."
"amdgroup-public","AMDgroup","https://amdgroup.kz/catalog/komponenty/abatment_titanovyy_dlya_multi_unit_polirovalnyy_3_5/","abatment_titanovyy_dlya_multi_unit_polirovalnyy_3_5","abatment titanovyy dlya multi unit polirovalnyy 3 5","","Стоматологические товары","piece","KZT","","","false","Публичная карточка AMDgroup; цена, остаток и compliance требуют подтверждения поставщиком."
"amdgroup-public","AMDgroup","https://amdgroup.kz/catalog/komponenty/abatment_titanovyy_dlya_multi_unit_polirovalnyy_4_8/","abatment_titanovyy_dlya_multi_unit_polirovalnyy_4_8","abatment titanovyy dlya multi unit polirovalnyy 4 8","","Стоматологические товары","piece","KZT","","","false","Публичная карточка AMDgroup; цена, остаток и compliance требуют подтверждения поставщиком."
"amdgroup-public","AMDgroup","https://amdgroup.kz/catalog/komponenty/cocr_kolpachok_na_multi_unit_3_5/","cocr_kolpachok_na_multi_unit_3_5","cocr kolpachok na multi unit 3 5","","Стоматологические товары","piece","KZT","","","false","Публичная карточка AMDgroup; цена, остаток и compliance требуют подтверждения поставщиком."
"amdgroup-public","AMDgroup","https://amdgroup.kz/catalog/komponenty/cocr_kolpachok_na_multi_unit_4_8/","cocr_kolpachok_na_multi_unit_4_8","cocr kolpachok na multi unit 4 8","","Стоматологические товары","piece","KZT","","","false","Публичная карточка AMDgroup; цена, остаток и compliance требуют подтверждения поставщиком."
"amdgroup-public","AMDgroup","https://amdgroup.kz/catalog/komponenty/kolpachok_litoy_multi_unit_unit_4_8/","kolpachok_litoy_multi_unit_unit_4_8","kolpachok litoy multi unit unit 4 8","","Стоматологические товары","piece","KZT","","","false","Публичная карточка AMDgroup; цена, остаток и compliance требуют подтверждения поставщиком."
"amdgroup-public","AMDgroup","https://amdgroup.kz/catalog/komponenty/kolpachok_litoy_multi_unit_unit_4_8_1/","kolpachok_litoy_multi_unit_unit_4_8_1","kolpachok litoy multi unit unit 4 8 1","","Стоматологические товары","piece","KZT","","","false","Публичная карточка AMDgroup; цена, остаток и compliance требуют подтверждения поставщиком."
"amdgroup-public","AMDgroup","https://amdgroup.kz/catalog/komponenty/kolpachok_titanovyy_multi_unit_3_5/","kolpachok_titanovyy_multi_unit_3_5","kolpachok titanovyy multi unit 3 5","","Стоматологические товары","piece","KZT","","","false","Публичная карточка AMDgroup; цена, остаток и compliance требуют подтверждения поставщиком."
"amdgroup-public","AMDgroup","https://amdgroup.kz/catalog/komponenty/kolpachok_titanovyy_multi_unit_3_5_/","kolpachok_titanovyy_multi_unit_3_5_","kolpachok titanovyy multi unit 3 5","","Стоматологические товары","piece","KZT","","","false","Публичная карточка AMDgroup; цена, остаток и compliance требуют подтверждения поставщиком."
"amdgroup-public","AMDgroup","https://amdgroup.kz/catalog/komponenty/kolpachok_titanovyy_multi_unit_s_vint_fiksatsiey_4_8/","kolpachok_titanovyy_multi_unit_s_vint_fiksatsiey_4_8","kolpachok titanovyy multi unit s vint fiksatsiey 4 8","","Стоматологические товары","piece","KZT","","","false","Публичная карточка AMDgroup; цена, остаток и compliance требуют подтверждения поставщиком."
"amdgroup-public","AMDgroup","https://amdgroup.kz/catalog/komponenty/kolpachok_zashchitnyy_dlya_multi_unit_3_5/","kolpachok_zashchitnyy_dlya_multi_unit_3_5","kolpachok zashchitnyy dlya multi unit 3 5","","Стоматологические товары","piece","KZT","","","false","Публичная карточка AMDgroup; цена, остаток и compliance требуют подтверждения поставщиком."
"amdgroup-public","AMDgroup","https://amdgroup.kz/catalog/komponenty/kolpachok_zashchitnyy_dlya_multi_unit_4_8/","kolpachok_zashchitnyy_dlya_multi_unit_4_8","kolpachok zashchitnyy dlya multi unit 4 8","","Стоматологические товары","piece","KZT","","","false","Публичная карточка AMDgroup; цена, остаток и compliance требуют подтверждения поставщиком."
"amdgroup-public","AMDgroup","https://amdgroup.kz/catalog/komponenty/otvertka_dlya_multi_unit/","otvertka_dlya_multi_unit","otvertka dlya multi unit","","Стоматологические товары","piece","KZT","","","false","Публичная карточка AMDgroup; цена, остаток и compliance требуют подтверждения поставщиком."
"amdgroup-public","AMDgroup","https://amdgroup.kz/catalog/komponenty/otvertka_dlya_multi_unit_s_fiksatorom/","otvertka_dlya_multi_unit_s_fiksatorom","otvertka dlya multi unit s fiksatorom","","Стоматологические товары","piece","KZT","","","false","Публичная карточка AMDgroup; цена, остаток и compliance требуют подтверждения поставщиком."
"amdgroup-public","AMDgroup","https://amdgroup.kz/catalog/komponenty/skanbodi_multi_unit_3_5/","skanbodi_multi_unit_3_5","skanbodi multi unit 3 5","","Стоматологические товары","piece","KZT","","","false","Публичная карточка AMDgroup; цена, остаток и compliance требуют подтверждения поставщиком."
"amdgroup-public","AMDgroup","https://amdgroup.kz/catalog/komponenty/skanbodi_multi_unit_4_8/","skanbodi_multi_unit_4_8","skanbodi multi unit 4 8","","Стоматологические товары","piece","KZT","","","false","Публичная карточка AMDgroup; цена, остаток и compliance требуют подтверждения поставщиком."
"amdgroup-public","AMDgroup","https://amdgroup.kz/catalog/komponenty/transfer_multi_unit_3_5_d_otkr_lozhki/","transfer_multi_unit_3_5_d_otkr_lozhki","transfer multi unit 3 5 d otkr lozhki","","Стоматологические товары","piece","KZT","","","false","Публичная карточка AMDgroup; цена, остаток и compliance требуют подтверждения поставщиком."
"amdgroup-public","AMDgroup","https://amdgroup.kz/catalog/komponenty/transfer_multi_unit_d_otkr_lozhki_4_8/","transfer_multi_unit_d_otkr_lozhki_4_8","transfer multi unit d otkr lozhki 4 8","","Стоматологические товары","piece","KZT","","","false","Публичная карточка AMDgroup; цена, остаток и compliance требуют подтверждения поставщиком."
"amdgroup-public","AMDgroup","https://amdgroup.kz/catalog/komponenty/transfer_multi_unit_d_zakr_lozhki_4_8/","transfer_multi_unit_d_zakr_lozhki_4_8","transfer multi unit d zakr lozhki 4 8","","Стоматологические товары","piece","KZT","","","false","Публичная карточка AMDgroup; цена, остаток и compliance требуют подтверждения поставщиком."
"amdgroup-public","AMDgroup","https://amdgroup.kz/catalog/komponenty/vint_dlya_kolpachka_multiyunitnogo_proteza_3_5_4_8/","vint_dlya_kolpachka_multiyunitnogo_proteza_3_5_4_8","vint dlya kolpachka multiyunitnogo proteza 3 5 4 8","","Стоматологические товары","piece","KZT","","","false","Публичная карточка AMDgroup; цена, остаток и compliance требуют подтверждения поставщиком."
"amdgroup-public","AMDgroup","https://amdgroup.kz/catalog/komponenty/vint_korotkiy_3_5_4_8/","vint_korotkiy_3_5_4_8","vint korotkiy 3 5 4 8","","Стоматологические товары","piece","KZT","","","false","Публичная карточка AMDgroup; цена, остаток и compliance требуют подтверждения поставщиком."
"amdgroup-public","AMDgroup","https://amdgroup.kz/catalog/komponenty_/adapter_k_shestigranniku/","adapter_k_shestigranniku","adapter k shestigranniku","","Стоматологические товары","piece","KZT","","","false","Публичная карточка AMDgroup; цена, остаток и compliance требуют подтверждения поставщиком."
"amdgroup-public","AMDgroup","https://amdgroup.kz/catalog/komponenty_/adapter_ruchnoy_dlya_abat_i_transf/","adapter_ruchnoy_dlya_abat_i_transf","adapter ruchnoy dlya abat i transf","","Стоматологические товары","piece","KZT","","","false","Публичная карточка AMDgroup; цена, остаток и compliance требуют подтверждения поставщиком."
"amdgroup-public","AMDgroup","https://amdgroup.kz/catalog/komponenty_/dinametricheskiy_klyuch/","dinametricheskiy_klyuch","dinametricheskiy klyuch","","Стоматологические товары","piece","KZT","","","false","Публичная карточка AMDgroup; цена, остаток и compliance требуют подтверждения поставщиком."
"amdgroup-public","AMDgroup","https://amdgroup.kz/catalog/komponenty_/distalnaya_balka/","distalnaya_balka","distalnaya balka","","Стоматологические товары","piece","KZT","","","false","Публичная карточка AMDgroup; цена, остаток и compliance требуют подтверждения поставщиком."
"amdgroup-public","AMDgroup","https://amdgroup.kz/catalog/komponenty_/drel_nachalnaya/","drel_nachalnaya","drel nachalnaya","","Стоматологические товары","piece","KZT","","","false","Публичная карточка AMDgroup; цена, остаток и compliance требуют подтверждения поставщиком."
"amdgroup-public","AMDgroup","https://amdgroup.kz/catalog/komponenty_/drel_udlinitel/","drel_udlinitel","drel udlinitel","","Стоматологические товары","piece","KZT","","","false","Публичная карточка AMDgroup; цена, остаток и compliance требуют подтверждения поставщиком."
"amdgroup-public","AMDgroup","https://amdgroup.kz/catalog/komponenty_/izmeritel_vysoty_cf_np/","izmeritel_vysoty_cf_np","izmeritel vysoty cf np","","Стоматологические товары","piece","KZT","","","false","Публичная карточка AMDgroup; цена, остаток и compliance требуют подтверждения поставщиком."
"amdgroup-public","AMDgroup","https://amdgroup.kz/catalog/komponenty_/izmeritel_vysoty_cf_sp/","izmeritel_vysoty_cf_sp","izmeritel vysoty cf sp","","Стоматологические товары","piece","KZT","","","false","Публичная карточка AMDgroup; цена, остаток и compliance требуют подтверждения поставщиком."
"amdgroup-public","AMDgroup","https://amdgroup.kz/catalog/komponenty_/otvertka_shestigrannaya_1_2_dlya_treshchetki/","otvertka_shestigrannaya_1_2_dlya_treshchetki","otvertka shestigrannaya 1 2 dlya treshchetki","","Стоматологические товары","piece","KZT","","","false","Публичная карточка AMDgroup; цена, остаток и compliance требуют подтверждения поставщиком."
"amdgroup-public","AMDgroup","https://amdgroup.kz/catalog/komponenty_/otvertka_shestigrannaya_1_2_dlya_treshchetki_dlinnaya/","otvertka_shestigrannaya_1_2_dlya_treshchetki_dlinnaya","otvertka shestigrannaya 1 2 dlya treshchetki dlinnaya","","Стоматологические товары","piece","KZT","","","false","Публичная карточка AMDgroup; цена, остаток и compliance требуют подтверждения поставщиком."
"amdgroup-public","AMDgroup","https://amdgroup.kz/catalog/komponenty_/otvertka_shestigrannaya_1_2_dlya_treshchetki_korotkaya/","otvertka_shestigrannaya_1_2_dlya_treshchetki_korotkaya","otvertka shestigrannaya 1 2 dlya treshchetki korotkaya","","Стоматологические товары","piece","KZT","","","false","Публичная карточка AMDgroup; цена, остаток и compliance требуют подтверждения поставщиком."
"amdgroup-public","AMDgroup","https://amdgroup.kz/catalog/komponenty_/otvertka_shestigrannaya_1_2_ruchnaya/","otvertka_shestigrannaya_1_2_ruchnaya","otvertka shestigrannaya 1 2 ruchnaya","","Стоматологические товары","piece","KZT","","","false","Публичная карточка AMDgroup; цена, остаток и compliance требуют подтверждения поставщиком."
"amdgroup-public","AMDgroup","https://amdgroup.kz/catalog/komponenty_/otvertka_shestigrannaya_1_2_ruchnaya_dlinnaya/","otvertka_shestigrannaya_1_2_ruchnaya_dlinnaya","otvertka shestigrannaya 1 2 ruchnaya dlinnaya","","Стоматологические товары","piece","KZT","","","false","Публичная карточка AMDgroup; цена, остаток и compliance требуют подтверждения поставщиком."
"amdgroup-public","AMDgroup","https://amdgroup.kz/catalog/komponenty_/otvyertka_hex_1_2_d_otvertki/","otvyertka_hex_1_2_d_otvertki","otvyertka hex 1 2 d otvertki","","Стоматологические товары","piece","KZT","","","false","Публичная карточка AMDgroup; цена, остаток и compliance требуют подтверждения поставщиком."
"amdgroup-public","AMDgroup","https://amdgroup.kz/catalog/komponenty_/otvyertka_hex_1_2_korotkiy_d_otvertki/","otvyertka_hex_1_2_korotkiy_d_otvertki","otvyertka hex 1 2 korotkiy d otvertki","","Стоматологические товары","piece","KZT","","","false","Публичная карточка AMDgroup; цена, остаток и compliance требуют подтверждения поставщиком."
"amdgroup-public","AMDgroup","https://amdgroup.kz/catalog/komponenty_/rentg_manipulyator_dlya_ustanovki_implantatov_s_rezboy_4_0/","rentg_manipulyator_dlya_ustanovki_implantatov_s_rezboy_4_0","rentg manipulyator dlya ustanovki implantatov s rezboy 4 0","","Стоматологические товары","piece","KZT","","","false","Публичная карточка AMDgroup; цена, остаток и compliance требуют подтверждения поставщиком."
"amdgroup-public","AMDgroup","https://amdgroup.kz/catalog/komponenty_/rentg_manipulyator_dlya_ustanovki_implantatov_s_rezboy_4_3/","rentg_manipulyator_dlya_ustanovki_implantatov_s_rezboy_4_3","rentg manipulyator dlya ustanovki implantatov s rezboy 4 3","","Стоматологические товары","piece","KZT","","","false","Публичная карточка AMDgroup; цена, остаток и compliance требуют подтверждения поставщиком."
"amdgroup-public","AMDgroup","https://amdgroup.kz/catalog/komponenty_/rentg_manipulyator_dlya_ustanovki_implantatov_s_rezboy_5_0/","rentg_manipulyator_dlya_ustanovki_implantatov_s_rezboy_5_0","rentg manipulyator dlya ustanovki implantatov s rezboy 5 0","","Стоматологические товары","piece","KZT","","","false","Публичная карточка AMDgroup; цена, остаток и compliance требуют подтверждения поставщиком."
"amdgroup-public","AMDgroup","https://amdgroup.kz/catalog/kompressory/kompressor_stomatologicheskiy_quatro_tandem/","kompressor_stomatologicheskiy_quatro_tandem","kompressor stomatologicheskiy quatro tandem","","Стоматологические товары","piece","KZT","","","false","Публичная карточка AMDgroup; цена, остаток и compliance требуют подтверждения поставщиком."
"amdgroup-public","AMDgroup","https://amdgroup.kz/catalog/kompressory/kompressor_tornado_osush_1ust/","kompressor_tornado_osush_1ust","kompressor tornado osush 1ust","","Стоматологические товары","piece","KZT","","","false","Публичная карточка AMDgroup; цена, остаток и compliance требуют подтверждения поставщиком."
"amdgroup-public","AMDgroup","https://amdgroup.kz/catalog/kompressory/kompressor_tornado_osush_2_ust/","kompressor_tornado_osush_2_ust","kompressor tornado osush 2 ust","","Стоматологические товары","piece","KZT","","","false","Публичная карточка AMDgroup; цена, остаток и compliance требуют подтверждения поставщиком."
"amdgroup-public","AMDgroup","https://amdgroup.kz/catalog/kompressory/kompressor_tornado_osush_4_ust/","kompressor_tornado_osush_4_ust","kompressor tornado osush 4 ust","","Стоматологические товары","piece","KZT","","","false","Публичная карточка AMDgroup; цена, остаток и compliance требуют подтверждения поставщиком."
"amdgroup-public","AMDgroup","https://amdgroup.kz/catalog/konicheskie/bory_almaznye_h132_008_fg/","bory_almaznye_h132_008_fg","bory almaznye h132 008 fg","","Стоматологические товары","piece","KZT","","","false","Публичная карточка AMDgroup; цена, остаток и compliance требуют подтверждения поставщиком."
"amdgroup-public","AMDgroup","https://amdgroup.kz/catalog/konicheskie/bory_almaznye_h133_010_fg/","bory_almaznye_h133_010_fg","bory almaznye h133 010 fg","","Стоматологические товары","piece","KZT","","","false","Публичная карточка AMDgroup; цена, остаток и compliance требуют подтверждения поставщиком."
"amdgroup-public","AMDgroup","https://amdgroup.kz/catalog/konicheskie/bory_almaznye_h134_014_fg/","bory_almaznye_h134_014_fg","bory almaznye h134 014 fg","","Стоматологические товары","piece","KZT","","","false","Публичная карточка AMDgroup; цена, остаток и compliance требуют подтверждения поставщиком."
"amdgroup-public","AMDgroup","https://amdgroup.kz/catalog/konicheskie/bory_almaznye_h134s_014_fg/","bory_almaznye_h134s_014_fg","bory almaznye h134s 014 fg","","Стоматологические товары","piece","KZT","","","false","Публичная карточка AMDgroup; цена, остаток и compliance требуют подтверждения поставщиком."
"amdgroup-public","AMDgroup","https://amdgroup.kz/catalog/konicheskie/bory_almaznye_h135_014_fg/","bory_almaznye_h135_014_fg","bory almaznye h135 014 fg","","Стоматологические товары","piece","KZT","","","false","Публичная карточка AMDgroup; цена, остаток и compliance требуют подтверждения поставщиком."
"amdgroup-public","AMDgroup","https://amdgroup.kz/catalog/konicheskie/bory_almaznye_h135f_014_fg/","bory_almaznye_h135f_014_fg","bory almaznye h135f 014 fg","","Стоматологические товары","piece","KZT","","","false","Публичная карточка AMDgroup; цена, остаток и compliance требуют подтверждения поставщиком."
"amdgroup-public","AMDgroup","https://amdgroup.kz/catalog/konicheskie/bory_tverdosplavnye_h135s_014_fg/","bory_tverdosplavnye_h135s_014_fg","bory tverdosplavnye h135s 014 fg","","Стоматологические товары","piece","KZT","","","false","Публичная карточка AMDgroup; цена, остаток и compliance требуют подтверждения поставщиком."
"amdgroup-public","AMDgroup","https://amdgroup.kz/catalog/konicheskie/bory_tverdosplavnye_h152_009_fgl/","bory_tverdosplavnye_h152_009_fgl","bory tverdosplavnye h152 009 fgl","","Стоматологические товары","piece","KZT","","","false","Публичная карточка AMDgroup; цена, остаток и compliance требуют подтверждения поставщиком."
"amdgroup-public","AMDgroup","https://amdgroup.kz/catalog/konicheskie/bory_tverdosplavnye_t23rx_012_fg/","bory_tverdosplavnye_t23rx_012_fg","bory tverdosplavnye t23rx 012 fg","","Стоматологические товары","piece","KZT","","","false","Публичная карточка AMDgroup; цена, остаток и compliance требуют подтверждения поставщиком."
"amdgroup-public","AMDgroup","https://amdgroup.kz/catalog/konusovidnye/845kr_018m_fg_bory_almaznye/","845kr_018m_fg_bory_almaznye","845kr 018m fg bory almaznye","","Стоматологические товары","piece","KZT","","","false","Публичная карточка AMDgroup; цена, остаток и compliance требуют подтверждения поставщиком."
"amdgroup-public","AMDgroup","https://amdgroup.kz/catalog/konusovidnye/847_014m_fg_bory_almaznye/","847_014m_fg_bory_almaznye","847 014m fg bory almaznye","","Стоматологические товары","piece","KZT","","","false","Публичная карточка AMDgroup; цена, остаток и compliance требуют подтверждения поставщиком."
"amdgroup-public","AMDgroup","https://amdgroup.kz/catalog/konusovidnye/847_033m_fg_bory_almaznye/","847_033m_fg_bory_almaznye","847 033m fg bory almaznye","","Стоматологические товары","piece","KZT","","","false","Публичная карточка AMDgroup; цена, остаток и compliance требуют подтверждения поставщиком."
"amdgroup-public","AMDgroup","https://amdgroup.kz/catalog/konusovidnye/848_10sf_fg_bory_almaznye/","848_10sf_fg_bory_almaznye","848 10sf fg bory almaznye","","Стоматологические товары","piece","KZT","","","false","Публичная карточка AMDgroup; цена, остаток и compliance требуют подтверждения поставщиком."
"amdgroup-public","AMDgroup","https://amdgroup.kz/catalog/konusovidnye/850_010_f_bor/","850_010_f_bor","850 010 f bor","","Стоматологические товары","piece","KZT","","","false","Публичная карточка AMDgroup; цена, остаток и compliance требуют подтверждения поставщиком."
"amdgroup-public","AMDgroup","https://amdgroup.kz/catalog/konusovidnye/850_018sc_fg_bory_almaznye/","850_018sc_fg_bory_almaznye","850 018sc fg bory almaznye","","Стоматологические товары","piece","KZT","","","false","Публичная карточка AMDgroup; цена, остаток и compliance требуют подтверждения поставщиком."
"amdgroup-public","AMDgroup","https://amdgroup.kz/catalog/konusovidnye/851_012f_bory_almaznye/","851_012f_bory_almaznye","851 012f bory almaznye","","Стоматологические товары","piece","KZT","","","false","Публичная карточка AMDgroup; цена, остаток и compliance требуют подтверждения поставщиком."
"amdgroup-public","AMDgroup","https://amdgroup.kz/catalog/konusovidnye/852_010_f_/","852_010_f_","852 010 f","","Стоматологические товары","piece","KZT","","","false","Публичная карточка AMDgroup; цена, остаток и compliance требуют подтверждения поставщиком."
"amdgroup-public","AMDgroup","https://amdgroup.kz/catalog/konusovidnye/852_012m_fg_bory_almaznye/","852_012m_fg_bory_almaznye","852 012m fg bory almaznye","","Стоматологические товары","piece","KZT","","","false","Публичная карточка AMDgroup; цена, остаток и compliance требуют подтверждения поставщиком."
"amdgroup-public","AMDgroup","https://amdgroup.kz/catalog/konusovidnye/852_016f_fg/","852_016f_fg","852 016f fg","","Стоматологические товары","piece","KZT","","","false","Публичная карточка AMDgroup; цена, остаток и compliance требуют подтверждения поставщиком."
"amdgroup-public","AMDgroup","https://amdgroup.kz/catalog/konusovidnye/855_018sc/","855_018sc","855 018sc","","Стоматологические товары","piece","KZT","","","false","Публичная карточка AMDgroup; цена, остаток и compliance требуют подтверждения поставщиком."
"amdgroup-public","AMDgroup","https://amdgroup.kz/catalog/konusovidnye/856_012m_bory_almaznye/","856_012m_bory_almaznye","856 012m bory almaznye","","Стоматологические товары","piece","KZT","","","false","Публичная карточка AMDgroup; цена, остаток и compliance требуют подтверждения поставщиком."
"amdgroup-public","AMDgroup","https://amdgroup.kz/catalog/konusovidnye/856_025tsc_fg_bory_almaznye/","856_025tsc_fg_bory_almaznye","856 025tsc fg bory almaznye","","Стоматологические товары","piece","KZT","","","false","Публичная карточка AMDgroup; цена, остаток и compliance требуют подтверждения поставщиком."
"amdgroup-public","AMDgroup","https://amdgroup.kz/catalog/konusovidnye/858_010sf_fg_bory_almaznye/","858_010sf_fg_bory_almaznye","858 010sf fg bory almaznye","","Стоматологические товары","piece","KZT","","","false","Публичная карточка AMDgroup; цена, остаток и compliance требуют подтверждения поставщиком."
"amdgroup-public","AMDgroup","https://amdgroup.kz/catalog/konusovidnye/859_018tsc_fg_bory_almaznye/","859_018tsc_fg_bory_almaznye","859 018tsc fg bory almaznye","","Стоматологические товары","piece","KZT","","","false","Публичная карточка AMDgroup; цена, остаток и compliance требуют подтверждения поставщиком."
"amdgroup-public","AMDgroup","https://amdgroup.kz/catalog/konusovidnye/859_021m_fg_bory_almaznye/","859_021m_fg_bory_almaznye","859 021m fg bory almaznye","","Стоматологические товары","piece","KZT","","","false","Публичная карточка AMDgroup; цена, остаток и compliance требуют подтверждения поставщиком."
"amdgroup-public","AMDgroup","https://amdgroup.kz/catalog/konusovidnye/bory_almaznye_133_010f_fg/","bory_almaznye_133_010f_fg","bory almaznye 133 010f fg","","Стоматологические товары","piece","KZT","","","false","Публичная карточка AMDgroup; цена, остаток и compliance требуют подтверждения поставщиком."
"amdgroup-public","AMDgroup","https://amdgroup.kz/catalog/konusovidnye/bory_almaznye_134_014f_fg/","bory_almaznye_134_014f_fg","bory almaznye 134 014f fg","","Стоматологические товары","piece","KZT","","","false","Публичная карточка AMDgroup; цена, остаток и compliance требуют подтверждения поставщиком."
"amdgroup-public","AMDgroup","https://amdgroup.kz/catalog/konusovidnye/bory_almaznye_247_009f_fg/","bory_almaznye_247_009f_fg","bory almaznye 247 009f fg","","Стоматологические товары","piece","KZT","","","false","Публичная карточка AMDgroup; цена, остаток и compliance требуют подтверждения поставщиком."
"amdgroup-public","AMDgroup","https://amdgroup.kz/catalog/konusovidnye/bory_almaznye_845_009m_fg/","bory_almaznye_845_009m_fg","bory almaznye 845 009m fg","","Стоматологические товары","piece","KZT","","","false","Публичная карточка AMDgroup; цена, остаток и compliance требуют подтверждения поставщиком."
"amdgroup-public","AMDgroup","https://amdgroup.kz/catalog/konusovidnye/bory_almaznye_845_012c_fg/","bory_almaznye_845_012c_fg","bory almaznye 845 012c fg","","Стоматологические товары","piece","KZT","","","false","Публичная карточка AMDgroup; цена, остаток и compliance требуют подтверждения поставщиком."
"amdgroup-public","AMDgroup","https://amdgroup.kz/catalog/konusovidnye/bory_almaznye_845_012m_fgm/","bory_almaznye_845_012m_fgm","bory almaznye 845 012m fgm","","Стоматологические товары","piece","KZT","","","false","Публичная карточка AMDgroup; цена, остаток и compliance требуют подтверждения поставщиком."
"amdgroup-public","AMDgroup","https://amdgroup.kz/catalog/konusovidnye/bory_almaznye_845_014_c_/","bory_almaznye_845_014_c_","bory almaznye 845 014 c","","Стоматологические товары","piece","KZT","","","false","Публичная карточка AMDgroup; цена, остаток и compliance требуют подтверждения поставщиком."
"amdgroup-public","AMDgroup","https://amdgroup.kz/catalog/konusovidnye/bory_almaznye_845_014m_fg/","bory_almaznye_845_014m_fg","bory almaznye 845 014m fg","","Стоматологические товары","piece","KZT","","","false","Публичная карточка AMDgroup; цена, остаток и compliance требуют подтверждения поставщиком."
"amdgroup-public","AMDgroup","https://amdgroup.kz/catalog/konusovidnye/bory_almaznye_845_016c_fg/","bory_almaznye_845_016c_fg","bory almaznye 845 016c fg","","Стоматологические товары","piece","KZT","","","false","Публичная карточка AMDgroup; цена, остаток и compliance требуют подтверждения поставщиком."
"amdgroup-public","AMDgroup","https://amdgroup.kz/catalog/konusovidnye/bory_almaznye_845_016m_fg/","bory_almaznye_845_016m_fg","bory almaznye 845 016m fg","","Стоматологические товары","piece","KZT","","","false","Публичная карточка AMDgroup; цена, остаток и compliance требуют подтверждения поставщиком."
"amdgroup-public","AMDgroup","https://amdgroup.kz/catalog/konusovidnye/bory_almaznye_845kr_016_m_konus_kruglyy_kant_srednyaya/","bory_almaznye_845kr_016_m_konus_kruglyy_kant_srednyaya","bory almaznye 845kr 016 m konus kruglyy kant srednyaya","","Стоматологические товары","piece","KZT","","","false","Публичная карточка AMDgroup; цена, остаток и compliance требуют подтверждения поставщиком."
"amdgroup-public","AMDgroup","https://amdgroup.kz/catalog/konusovidnye/bory_almaznye_845kr_016f_fg/","bory_almaznye_845kr_016f_fg","bory almaznye 845kr 016f fg","","Стоматологические товары","piece","KZT","","","false","Публичная карточка AMDgroup; цена, остаток и compliance требуют подтверждения поставщиком."
"amdgroup-public","AMDgroup","https://amdgroup.kz/catalog/konusovidnye/bory_almaznye_845kr_018c_fg/","bory_almaznye_845kr_018c_fg","bory almaznye 845kr 018c fg","","Стоматологические товары","piece","KZT","","","false","Публичная карточка AMDgroup; цена, остаток и compliance требуют подтверждения поставщиком."
"amdgroup-public","AMDgroup","https://amdgroup.kz/catalog/konusovidnye/bory_almaznye_845kr_018f_fg/","bory_almaznye_845kr_018f_fg","bory almaznye 845kr 018f fg","","Стоматологические товары","piece","KZT","","","false","Публичная карточка AMDgroup; цена, остаток и compliance требуют подтверждения поставщиком."
"amdgroup-public","AMDgroup","https://amdgroup.kz/catalog/konusovidnye/bory_almaznye_845kr_025c_fg/","bory_almaznye_845kr_025c_fg","bory almaznye 845kr 025c fg","","Стоматологические товары","piece","KZT","","","false","Публичная карточка AMDgroup; цена, остаток и compliance требуют подтверждения поставщиком."
"amdgroup-public","AMDgroup","https://amdgroup.kz/catalog/konusovidnye/bory_almaznye_845kr_025f_fg/","bory_almaznye_845kr_025f_fg","bory almaznye 845kr 025f fg","","Стоматологические товары","piece","KZT","","","false","Публичная карточка AMDgroup; цена, остаток и compliance требуют подтверждения поставщиком."
"amdgroup-public","AMDgroup","https://amdgroup.kz/catalog/konusovidnye/bory_almaznye_845kr_025m_fg/","bory_almaznye_845kr_025m_fg","bory almaznye 845kr 025m fg","","Стоматологические товары","piece","KZT","","","false","Публичная карточка AMDgroup; цена, остаток и compliance требуют подтверждения поставщиком."
"amdgroup-public","AMDgroup","https://amdgroup.kz/catalog/konusovidnye/bory_almaznye_845kr_025sf_fg/","bory_almaznye_845kr_025sf_fg","bory almaznye 845kr 025sf fg","","Стоматологические товары","piece","KZT","","","false","Публичная карточка AMDgroup; цена, остаток и compliance требуют подтверждения поставщиком."
"amdgroup-public","AMDgroup","https://amdgroup.kz/catalog/konusovidnye/bory_almaznye_845krs_017c_fg/","bory_almaznye_845krs_017c_fg","bory almaznye 845krs 017c fg","","Стоматологические товары","piece","KZT","","","false","Публичная карточка AMDgroup; цена, остаток и compliance требуют подтверждения поставщиком."
"amdgroup-public","AMDgroup","https://amdgroup.kz/catalog/konusovidnye/bory_almaznye_845krs_017f_fg/","bory_almaznye_845krs_017f_fg","bory almaznye 845krs 017f fg","","Стоматологические товары","piece","KZT","","","false","Публичная карточка AMDgroup; цена, остаток и compliance требуют подтверждения поставщиком."
"amdgroup-public","AMDgroup","https://amdgroup.kz/catalog/konusovidnye/bory_almaznye_846_012c_fg/","bory_almaznye_846_012c_fg","bory almaznye 846 012c fg","","Стоматологические товары","piece","KZT","","","false","Публичная карточка AMDgroup; цена, остаток и compliance требуют подтверждения поставщиком."
"amdgroup-public","AMDgroup","https://amdgroup.kz/catalog/konusovidnye/bory_almaznye_846_012f_fg/","bory_almaznye_846_012f_fg","bory almaznye 846 012f fg","","Стоматологические товары","piece","KZT","","","false","Публичная карточка AMDgroup; цена, остаток и compliance требуют подтверждения поставщиком."
"amdgroup-public","AMDgroup","https://amdgroup.kz/catalog/konusovidnye/bory_almaznye_846_012m_fg/","bory_almaznye_846_012m_fg","bory almaznye 846 012m fg","","Стоматологические товары","piece","KZT","","","false","Публичная карточка AMDgroup; цена, остаток и compliance требуют подтверждения поставщиком."
"amdgroup-public","AMDgroup","https://amdgroup.kz/catalog/konusovidnye/bory_almaznye_846_012m_kid/","bory_almaznye_846_012m_kid","bory almaznye 846 012m kid","","Стоматологические товары","piece","KZT","","","false","Публичная карточка AMDgroup; цена, остаток и compliance требуют подтверждения поставщиком."
"amdgroup-public","AMDgroup","https://amdgroup.kz/catalog/konusovidnye/bory_almaznye_846_014c_fg/","bory_almaznye_846_014c_fg","bory almaznye 846 014c fg","","Стоматологические товары","piece","KZT","","","false","Публичная карточка AMDgroup; цена, остаток и compliance требуют подтверждения поставщиком."
"amdgroup-public","AMDgroup","https://amdgroup.kz/catalog/konusovidnye/bory_almaznye_846_014m_fg/","bory_almaznye_846_014m_fg","bory almaznye 846 014m fg","","Стоматологические товары","piece","KZT","","","false","Публичная карточка AMDgroup; цена, остаток и compliance требуют подтверждения поставщиком."
"amdgroup-public","AMDgroup","https://amdgroup.kz/catalog/konusovidnye/bory_almaznye_846_016_f/","bory_almaznye_846_016_f","bory almaznye 846 016 f","","Стоматологические товары","piece","KZT","","","false","Публичная карточка AMDgroup; цена, остаток и compliance требуют подтверждения поставщиком."
"amdgroup-public","AMDgroup","https://amdgroup.kz/catalog/konusovidnye/bory_almaznye_846_016c_fg/","bory_almaznye_846_016c_fg","bory almaznye 846 016c fg","","Стоматологические товары","piece","KZT","","","false","Публичная карточка AMDgroup; цена, остаток и compliance требуют подтверждения поставщиком."
"amdgroup-public","AMDgroup","https://amdgroup.kz/catalog/konusovidnye/bory_almaznye_846_016m_fg/","bory_almaznye_846_016m_fg","bory almaznye 846 016m fg","","Стоматологические товары","piece","KZT","","","false","Публичная карточка AMDgroup; цена, остаток и compliance требуют подтверждения поставщиком."
"amdgroup-public","AMDgroup","https://amdgroup.kz/catalog/konusovidnye/bory_almaznye_846_025_f/","bory_almaznye_846_025_f","bory almaznye 846 025 f","","Стоматологические товары","piece","KZT","","","false","Публичная карточка AMDgroup; цена, остаток и compliance требуют подтверждения поставщиком."
"amdgroup-public","AMDgroup","https://amdgroup.kz/catalog/konusovidnye/bory_almaznye_846_025c_fg/","bory_almaznye_846_025c_fg","bory almaznye 846 025c fg","","Стоматологические товары","piece","KZT","","","false","Публичная карточка AMDgroup; цена, остаток и compliance требуют подтверждения поставщиком."
"amdgroup-public","AMDgroup","https://amdgroup.kz/catalog/konusovidnye/bory_almaznye_846_025m_fg/","bory_almaznye_846_025m_fg","bory almaznye 846 025m fg","","Стоматологические товары","piece","KZT","","","false","Публичная карточка AMDgroup; цена, остаток и compliance требуют подтверждения поставщиком."
"amdgroup-public","AMDgroup","https://amdgroup.kz/catalog/konusovidnye/bory_almaznye_846kr_016c_fg/","bory_almaznye_846kr_016c_fg","bory almaznye 846kr 016c fg","","Стоматологические товары","piece","KZT","","","false","Публичная карточка AMDgroup; цена, остаток и compliance требуют подтверждения поставщиком."
"amdgroup-public","AMDgroup","https://amdgroup.kz/catalog/konusovidnye/bory_almaznye_846kr_016f_fg/","bory_almaznye_846kr_016f_fg","bory almaznye 846kr 016f fg","","Стоматологические товары","piece","KZT","","","false","Публичная карточка AMDgroup; цена, остаток и compliance требуют подтверждения поставщиком."
"amdgroup-public","AMDgroup","https://amdgroup.kz/catalog/konusovidnye/bory_almaznye_846kr_016m_fg/","bory_almaznye_846kr_016m_fg","bory almaznye 846kr 016m fg","","Стоматологические товары","piece","KZT","","","false","Публичная карточка AMDgroup; цена, остаток и compliance требуют подтверждения поставщиком."
"amdgroup-public","AMDgroup","https://amdgroup.kz/catalog/konusovidnye/bory_almaznye_846kr_016sc_fg/","bory_almaznye_846kr_016sc_fg","bory almaznye 846kr 016sc fg","","Стоматологические товары","piece","KZT","","","false","Публичная карточка AMDgroup; цена, остаток и compliance требуют подтверждения поставщиком."
"amdgroup-public","AMDgroup","https://amdgroup.kz/catalog/konusovidnye/bory_almaznye_846kr_018f_fg/","bory_almaznye_846kr_018f_fg","bory almaznye 846kr 018f fg","","Стоматологические товары","piece","KZT","","","false","Публичная карточка AMDgroup; цена, остаток и compliance требуют подтверждения поставщиком."
"amdgroup-public","AMDgroup","https://amdgroup.kz/catalog/konusovidnye/bory_almaznye_846krs_019c_fg/","bory_almaznye_846krs_019c_fg","bory almaznye 846krs 019c fg","","Стоматологические товары","piece","KZT","","","false","Публичная карточка AMDgroup; цена, остаток и compliance требуют подтверждения поставщиком."
"amdgroup-public","AMDgroup","https://amdgroup.kz/catalog/konusovidnye/bory_almaznye_846krs_019f_fg/","bory_almaznye_846krs_019f_fg","bory almaznye 846krs 019f fg","","Стоматологические товары","piece","KZT","","","false","Публичная карточка AMDgroup; цена, остаток и compliance требуют подтверждения поставщиком."
"amdgroup-public","AMDgroup","https://amdgroup.kz/catalog/konusovidnye/bory_almaznye_846krs_025c_fg/","bory_almaznye_846krs_025c_fg","bory almaznye 846krs 025c fg","","Стоматологические товары","piece","KZT","","","false","Публичная карточка AMDgroup; цена, остаток и compliance требуют подтверждения поставщиком."
"amdgroup-public","AMDgroup","https://amdgroup.kz/catalog/konusovidnye/bory_almaznye_846krs_025f_fg/","bory_almaznye_846krs_025f_fg","bory almaznye 846krs 025f fg","","Стоматологические товары","piece","KZT","","","false","Публичная карточка AMDgroup; цена, остаток и compliance требуют подтверждения поставщиком."
"amdgroup-public","AMDgroup","https://amdgroup.kz/catalog/konusovidnye/bory_almaznye_846s_025c_fg/","bory_almaznye_846s_025c_fg","bory almaznye 846s 025c fg","","Стоматологические товары","piece","KZT","","","false","Публичная карточка AMDgroup; цена, остаток и compliance требуют подтверждения поставщиком."
"amdgroup-public","AMDgroup","https://amdgroup.kz/catalog/konusovidnye/bory_almaznye_847_010c_fg/","bory_almaznye_847_010c_fg","bory almaznye 847 010c fg","","Стоматологические товары","piece","KZT","","","false","Публичная карточка AMDgroup; цена, остаток и compliance требуют подтверждения поставщиком."
"amdgroup-public","AMDgroup","https://amdgroup.kz/catalog/konusovidnye/bory_almaznye_847_010f_fg/","bory_almaznye_847_010f_fg","bory almaznye 847 010f fg","","Стоматологические товары","piece","KZT","","","false","Публичная карточка AMDgroup; цена, остаток и compliance требуют подтверждения поставщиком."
"amdgroup-public","AMDgroup","https://amdgroup.kz/catalog/konusovidnye/bory_almaznye_847_010m_fg/","bory_almaznye_847_010m_fg","bory almaznye 847 010m fg","","Стоматологические товары","piece","KZT","","","false","Публичная карточка AMDgroup; цена, остаток и compliance требуют подтверждения поставщиком."
"amdgroup-public","AMDgroup","https://amdgroup.kz/catalog/konusovidnye/bory_almaznye_847_010sf_fg/","bory_almaznye_847_010sf_fg","bory almaznye 847 010sf fg","","Стоматологические товары","piece","KZT","","","false","Публичная карточка AMDgroup; цена, остаток и compliance требуют подтверждения поставщиком."
"amdgroup-public","AMDgroup","https://amdgroup.kz/catalog/konusovidnye/bory_almaznye_847_012_m/","bory_almaznye_847_012_m","bory almaznye 847 012 m","","Стоматологические товары","piece","KZT","","","false","Публичная карточка AMDgroup; цена, остаток и compliance требуют подтверждения поставщиком."
"amdgroup-public","AMDgroup","https://amdgroup.kz/catalog/konusovidnye/bory_almaznye_847_012c_fg/","bory_almaznye_847_012c_fg","bory almaznye 847 012c fg","","Стоматологические товары","piece","KZT","","","false","Публичная карточка AMDgroup; цена, остаток и compliance требуют подтверждения поставщиком."
"amdgroup-public","AMDgroup","https://amdgroup.kz/catalog/konusovidnye/bory_almaznye_847_012f_fg/","bory_almaznye_847_012f_fg","bory almaznye 847 012f fg","","Стоматологические товары","piece","KZT","","","false","Публичная карточка AMDgroup; цена, остаток и compliance требуют подтверждения поставщиком."
"amdgroup-public","AMDgroup","https://amdgroup.kz/catalog/konusovidnye/bory_almaznye_847_014c_fg/","bory_almaznye_847_014c_fg","bory almaznye 847 014c fg","","Стоматологические товары","piece","KZT","","","false","Публичная карточка AMDgroup; цена, остаток и compliance требуют подтверждения поставщиком."
"amdgroup-public","AMDgroup","https://amdgroup.kz/catalog/konusovidnye/bory_almaznye_847_016c_fg/","bory_almaznye_847_016c_fg","bory almaznye 847 016c fg","","Стоматологические товары","piece","KZT","","","false","Публичная карточка AMDgroup; цена, остаток и compliance требуют подтверждения поставщиком."
"amdgroup-public","AMDgroup","https://amdgroup.kz/catalog/konusovidnye/bory_almaznye_847_016f_fg/","bory_almaznye_847_016f_fg","bory almaznye 847 016f fg","","Стоматологические товары","piece","KZT","","","false","Публичная карточка AMDgroup; цена, остаток и compliance требуют подтверждения поставщиком."
"amdgroup-public","AMDgroup","https://amdgroup.kz/catalog/konusovidnye/bory_almaznye_847_018c_fg/","bory_almaznye_847_018c_fg","bory almaznye 847 018c fg","","Стоматологические товары","piece","KZT","","","false","Публичная карточка AMDgroup; цена, остаток и compliance требуют подтверждения поставщиком."
"amdgroup-public","AMDgroup","https://amdgroup.kz/catalog/konusovidnye/bory_almaznye_847_023c_fg/","bory_almaznye_847_023c_fg","bory almaznye 847 023c fg","","Стоматологические товары","piece","KZT","","","false","Публичная карточка AMDgroup; цена, остаток и compliance требуют подтверждения поставщиком."
"amdgroup-public","AMDgroup","https://amdgroup.kz/catalog/konusovidnye/bory_almaznye_847_023m_fg/","bory_almaznye_847_023m_fg","bory almaznye 847 023m fg","","Стоматологические товары","piece","KZT","","","false","Публичная карточка AMDgroup; цена, остаток и compliance требуют подтверждения поставщиком."
"amdgroup-public","AMDgroup","https://amdgroup.kz/catalog/konusovidnye/bory_almaznye_847kr_016_m_konus_s_krug_kantom_sredniy/","bory_almaznye_847kr_016_m_konus_s_krug_kantom_sredniy","bory almaznye 847kr 016 m konus s krug kantom sredniy","","Стоматологические товары","piece","KZT","","","false","Публичная карточка AMDgroup; цена, остаток и compliance требуют подтверждения поставщиком."
"amdgroup-public","AMDgroup","https://amdgroup.kz/catalog/konusovidnye/bory_almaznye_847kr_016c_fg/","bory_almaznye_847kr_016c_fg","bory almaznye 847kr 016c fg","","Стоматологические товары","piece","KZT","","","false","Публичная карточка AMDgroup; цена, остаток и compliance требуют подтверждения поставщиком."
"amdgroup-public","AMDgroup","https://amdgroup.kz/catalog/konusovidnye/bory_almaznye_847kr_016f_fg/","bory_almaznye_847kr_016f_fg","bory almaznye 847kr 016f fg","","Стоматологические товары","piece","KZT","","","false","Публичная карточка AMDgroup; цена, остаток и compliance требуют подтверждения поставщиком."
"amdgroup-public","AMDgroup","https://amdgroup.kz/catalog/konusovidnye/bory_almaznye_847kr_018c_fg/","bory_almaznye_847kr_018c_fg","bory almaznye 847kr 018c fg","","Стоматологические товары","piece","KZT","","","false","Публичная карточка AMDgroup; цена, остаток и compliance требуют подтверждения поставщиком."
"amdgroup-public","AMDgroup","https://amdgroup.kz/catalog/konusovidnye/bory_almaznye_847kr_018f_fg/","bory_almaznye_847kr_018f_fg","bory almaznye 847kr 018f fg","","Стоматологические товары","piece","KZT","","","false","Публичная карточка AMDgroup; цена, остаток и compliance требуют подтверждения поставщиком."
"amdgroup-public","AMDgroup","https://amdgroup.kz/catalog/konusovidnye/bory_almaznye_847kr_018m_fg/","bory_almaznye_847kr_018m_fg","bory almaznye 847kr 018m fg","","Стоматологические товары","piece","KZT","","","false","Публичная карточка AMDgroup; цена, остаток и compliance требуют подтверждения поставщиком."
"amdgroup-public","AMDgroup","https://amdgroup.kz/catalog/konusovidnye/bory_almaznye_847kr_023f_fg/","bory_almaznye_847kr_023f_fg","bory almaznye 847kr 023f fg","","Стоматологические товары","piece","KZT","","","false","Публичная карточка AMDgroup; цена, остаток и compliance требуют подтверждения поставщиком."
"amdgroup-public","AMDgroup","https://amdgroup.kz/catalog/konusovidnye/bory_almaznye_847kr_023m_fg/","bory_almaznye_847kr_023m_fg","bory almaznye 847kr 023m fg","","Стоматологические товары","piece","KZT","","","false","Публичная карточка AMDgroup; цена, остаток и compliance требуют подтверждения поставщиком."
"amdgroup-public","AMDgroup","https://amdgroup.kz/catalog/konusovidnye/bory_almaznye_848_010_sf/","bory_almaznye_848_010_sf","bory almaznye 848 010 sf","","Стоматологические товары","piece","KZT","","","false","Публичная карточка AMDgroup; цена, остаток и compliance требуют подтверждения поставщиком."
"amdgroup-public","AMDgroup","https://amdgroup.kz/catalog/konusovidnye/bory_almaznye_848_010c_fg/","bory_almaznye_848_010c_fg","bory almaznye 848 010c fg","","Стоматологические товары","piece","KZT","","","false","Публичная карточка AMDgroup; цена, остаток и compliance требуют подтверждения поставщиком."
"amdgroup-public","AMDgroup","https://amdgroup.kz/catalog/konusovidnye/bory_almaznye_848_010f_fg/","bory_almaznye_848_010f_fg","bory almaznye 848 010f fg","","Стоматологические товары","piece","KZT","","","false","Публичная карточка AMDgroup; цена, остаток и compliance требуют подтверждения поставщиком."
"amdgroup-public","AMDgroup","https://amdgroup.kz/catalog/konusovidnye/bory_almaznye_848_010m_fg/","bory_almaznye_848_010m_fg","bory almaznye 848 010m fg","","Стоматологические товары","piece","KZT","","","false","Публичная карточка AMDgroup; цена, остаток и compliance требуют подтверждения поставщиком."
"amdgroup-public","AMDgroup","https://amdgroup.kz/catalog/konusovidnye/bory_almaznye_848_012c_fg/","bory_almaznye_848_012c_fg","bory almaznye 848 012c fg","","Стоматологические товары","piece","KZT","","","false","Публичная карточка AMDgroup; цена, остаток и compliance требуют подтверждения поставщиком."
"amdgroup-public","AMDgroup","https://amdgroup.kz/catalog/konusovidnye/bory_almaznye_848_012f_fg/","bory_almaznye_848_012f_fg","bory almaznye 848 012f fg","","Стоматологические товары","piece","KZT","","","false","Публичная карточка AMDgroup; цена, остаток и compliance требуют подтверждения поставщиком."
"amdgroup-public","AMDgroup","https://amdgroup.kz/catalog/konusovidnye/bory_almaznye_848_012m_fg/","bory_almaznye_848_012m_fg","bory almaznye 848 012m fg","","Стоматологические товары","piece","KZT","","","false","Публичная карточка AMDgroup; цена, остаток и compliance требуют подтверждения поставщиком."
"amdgroup-public","AMDgroup","https://amdgroup.kz/catalog/konusovidnye/bory_almaznye_848_014c_fg/","bory_almaznye_848_014c_fg","bory almaznye 848 014c fg","","Стоматологические товары","piece","KZT","","","false","Публичная карточка AMDgroup; цена, остаток и compliance требуют подтверждения поставщиком."
"amdgroup-public","AMDgroup","https://amdgroup.kz/catalog/konusovidnye/bory_almaznye_848_014f_fg/","bory_almaznye_848_014f_fg","bory almaznye 848 014f fg","","Стоматологические товары","piece","KZT","","","false","Публичная карточка AMDgroup; цена, остаток и compliance требуют подтверждения поставщиком."
"amdgroup-public","AMDgroup","https://amdgroup.kz/catalog/konusovidnye/bory_almaznye_848_014m_fg/","bory_almaznye_848_014m_fg","bory almaznye 848 014m fg","","Стоматологические товары","piece","KZT","","","false","Публичная карточка AMDgroup; цена, остаток и compliance требуют подтверждения поставщиком."
"amdgroup-public","AMDgroup","https://amdgroup.kz/catalog/konusovidnye/bory_almaznye_848_014sf_fg/","bory_almaznye_848_014sf_fg","bory almaznye 848 014sf fg","","Стоматологические товары","piece","KZT","","","false","Публичная карточка AMDgroup; цена, остаток и compliance требуют подтверждения поставщиком."
"amdgroup-public","AMDgroup","https://amdgroup.kz/catalog/konusovidnye/bory_almaznye_848_016c_fg/","bory_almaznye_848_016c_fg","bory almaznye 848 016c fg","","Стоматологические товары","piece","KZT","","","false","Публичная карточка AMDgroup; цена, остаток и compliance требуют подтверждения поставщиком."
"amdgroup-public","AMDgroup","https://amdgroup.kz/catalog/konusovidnye/bory_almaznye_848_016f_fg/","bory_almaznye_848_016f_fg","bory almaznye 848 016f fg","","Стоматологические товары","piece","KZT","","","false","Публичная карточка AMDgroup; цена, остаток и compliance требуют подтверждения поставщиком."
"amdgroup-public","AMDgroup","https://amdgroup.kz/catalog/konusovidnye/bory_almaznye_848_016m_fg/","bory_almaznye_848_016m_fg","bory almaznye 848 016m fg","","Стоматологические товары","piece","KZT","","","false","Публичная карточка AMDgroup; цена, остаток и compliance требуют подтверждения поставщиком."
"amdgroup-public","AMDgroup","https://amdgroup.kz/catalog/konusovidnye/bory_almaznye_848_016sf_fg/","bory_almaznye_848_016sf_fg","bory almaznye 848 016sf fg","","Стоматологические товары","piece","KZT","","","false","Публичная карточка AMDgroup; цена, остаток и compliance требуют подтверждения поставщиком."
"amdgroup-public","AMDgroup","https://amdgroup.kz/catalog/konusovidnye/bory_almaznye_848_018f_fg/","bory_almaznye_848_018f_fg","bory almaznye 848 018f fg","","Стоматологические товары","piece","KZT","","","false","Публичная карточка AMDgroup; цена, остаток и compliance требуют подтверждения поставщиком."
"amdgroup-public","AMDgroup","https://amdgroup.kz/catalog/konusovidnye/bory_almaznye_848_018m_hp/","bory_almaznye_848_018m_hp","bory almaznye 848 018m hp","","Стоматологические товары","piece","KZT","","","false","Публичная карточка AMDgroup; цена, остаток и compliance требуют подтверждения поставщиком."
"amdgroup-public","AMDgroup","https://amdgroup.kz/catalog/konusovidnye/bory_almaznye_848_018m_konus_s_ploskim_kontsom_sredniy/","bory_almaznye_848_018m_konus_s_ploskim_kontsom_sredniy","bory almaznye 848 018m konus s ploskim kontsom sredniy","","Стоматологические товары","piece","KZT","","","false","Публичная карточка AMDgroup; цена, остаток и compliance требуют подтверждения поставщиком."
"amdgroup-public","AMDgroup","https://amdgroup.kz/catalog/konusovidnye/bory_almaznye_848_040m_hp/","bory_almaznye_848_040m_hp","bory almaznye 848 040m hp","","Стоматологические товары","piece","KZT","","","false","Публичная карточка AMDgroup; цена, остаток и compliance требуют подтверждения поставщиком."
"amdgroup-public","AMDgroup","https://amdgroup.kz/catalog/konusovidnye/bory_almaznye_848l_012m_fg/","bory_almaznye_848l_012m_fg","bory almaznye 848l 012m fg","","Стоматологические товары","piece","KZT","","","false","Публичная карточка AMDgroup; цена, остаток и compliance требуют подтверждения поставщиком."
"amdgroup-public","AMDgroup","https://amdgroup.kz/catalog/konusovidnye/bory_almaznye_848l_014f_fg/","bory_almaznye_848l_014f_fg","bory almaznye 848l 014f fg","","Стоматологические товары","piece","KZT","","","false","Публичная карточка AMDgroup; цена, остаток и compliance требуют подтверждения поставщиком."
"amdgroup-public","AMDgroup","https://amdgroup.kz/catalog/konusovidnye/bory_almaznye_848l_014m_fg/","bory_almaznye_848l_014m_fg","bory almaznye 848l 014m fg","","Стоматологические товары","piece","KZT","","","false","Публичная карточка AMDgroup; цена, остаток и compliance требуют подтверждения поставщиком."
"amdgroup-public","AMDgroup","https://amdgroup.kz/catalog/konusovidnye/bory_almaznye_848l_014sc_fg/","bory_almaznye_848l_014sc_fg","bory almaznye 848l 014sc fg","","Стоматологические товары","piece","KZT","","","false","Публичная карточка AMDgroup; цена, остаток и compliance требуют подтверждения поставщиком."
"amdgroup-public","AMDgroup","https://amdgroup.kz/catalog/konusovidnye/bory_almaznye_848l_016c_fg/","bory_almaznye_848l_016c_fg","bory almaznye 848l 016c fg","","Стоматологические товары","piece","KZT","","","false","Публичная карточка AMDgroup; цена, остаток и compliance требуют подтверждения поставщиком."
"amdgroup-public","AMDgroup","https://amdgroup.kz/catalog/konusovidnye/bory_almaznye_848l_016sc_fg/","bory_almaznye_848l_016sc_fg","bory almaznye 848l 016sc fg","","Стоматологические товары","piece","KZT","","","false","Публичная карточка AMDgroup; цена, остаток и compliance требуют подтверждения поставщиком."
"amdgroup-public","AMDgroup","https://amdgroup.kz/catalog/konusovidnye/bory_almaznye_848l_018_m_konus_s_ploskim_kontsom_dlinnyy_srednyaya/","bory_almaznye_848l_018_m_konus_s_ploskim_kontsom_dlinnyy_srednyaya","bory almaznye 848l 018 m konus s ploskim kontsom dlinnyy srednyaya","","Стоматологические товары","piece","KZT","","","false","Публичная карточка AMDgroup; цена, остаток и compliance требуют подтверждения поставщиком."
"amdgroup-public","AMDgroup","https://amdgroup.kz/catalog/konusovidnye/bory_almaznye_848l_018c_fg/","bory_almaznye_848l_018c_fg","bory almaznye 848l 018c fg","","Стоматологические товары","piece","KZT","","","false","Публичная карточка AMDgroup; цена, остаток и compliance требуют подтверждения поставщиком."
"amdgroup-public","AMDgroup","https://amdgroup.kz/catalog/konusovidnye/bory_almaznye_848l_018sc_fg/","bory_almaznye_848l_018sc_fg","bory almaznye 848l 018sc fg","","Стоматологические товары","piece","KZT","","","false","Публичная карточка AMDgroup; цена, остаток и compliance требуют подтверждения поставщиком."
"amdgroup-public","AMDgroup","https://amdgroup.kz/catalog/konusovidnye/bory_almaznye_849_009c_fg/","bory_almaznye_849_009c_fg","bory almaznye 849 009c fg","","Стоматологические товары","piece","KZT","","","false","Публичная карточка AMDgroup; цена, остаток и compliance требуют подтверждения поставщиком."
"amdgroup-public","AMDgroup","https://amdgroup.kz/catalog/konusovidnye/bory_almaznye_849_009f_fg/","bory_almaznye_849_009f_fg","bory almaznye 849 009f fg","","Стоматологические товары","piece","KZT","","","false","Публичная карточка AMDgroup; цена, остаток и compliance требуют подтверждения поставщиком."
"amdgroup-public","AMDgroup","https://amdgroup.kz/catalog/konusovidnye/bory_almaznye_849_009m_fg/","bory_almaznye_849_009m_fg","bory almaznye 849 009m fg","","Стоматологические товары","piece","KZT","","","false","Публичная карточка AMDgroup; цена, остаток и compliance требуют подтверждения поставщиком."
"amdgroup-public","AMDgroup","https://amdgroup.kz/catalog/konusovidnye/bory_almaznye_849_010c_fg/","bory_almaznye_849_010c_fg","bory almaznye 849 010c fg","","Стоматологические товары","piece","KZT","","","false","Публичная карточка AMDgroup; цена, остаток и compliance требуют подтверждения поставщиком."
"amdgroup-public","AMDgroup","https://amdgroup.kz/catalog/konusovidnye/bory_almaznye_849_010f_fg/","bory_almaznye_849_010f_fg","bory almaznye 849 010f fg","","Стоматологические товары","piece","KZT","","","false","Публичная карточка AMDgroup; цена, остаток и compliance требуют подтверждения поставщиком."
"amdgroup-public","AMDgroup","https://amdgroup.kz/catalog/konusovidnye/bory_almaznye_849_010m_fg/","bory_almaznye_849_010m_fg","bory almaznye 849 010m fg","","Стоматологические товары","piece","KZT","","","false","Публичная карточка AMDgroup; цена, остаток и compliance требуют подтверждения поставщиком."
"amdgroup-public","AMDgroup","https://amdgroup.kz/catalog/konusovidnye/bory_almaznye_849_010sf_fg/","bory_almaznye_849_010sf_fg","bory almaznye 849 010sf fg","","Стоматологические товары","piece","KZT","","","false","Публичная карточка AMDgroup; цена, остаток и compliance требуют подтверждения поставщиком."
"amdgroup-public","AMDgroup","https://amdgroup.kz/catalog/konusovidnye/bory_almaznye_849_012c_fg/","bory_almaznye_849_012c_fg","bory almaznye 849 012c fg","","Стоматологические товары","piece","KZT","","","false","Публичная карточка AMDgroup; цена, остаток и compliance требуют подтверждения поставщиком."
"amdgroup-public","AMDgroup","https://amdgroup.kz/catalog/konusovidnye/bory_almaznye_849_012f_fg/","bory_almaznye_849_012f_fg","bory almaznye 849 012f fg","","Стоматологические товары","piece","KZT","","","false","Публичная карточка AMDgroup; цена, остаток и compliance требуют подтверждения поставщиком."
"amdgroup-public","AMDgroup","https://amdgroup.kz/catalog/konusovidnye/bory_almaznye_849_012m_fg/","bory_almaznye_849_012m_fg","bory almaznye 849 012m fg","","Стоматологические товары","piece","KZT","","","false","Публичная карточка AMDgroup; цена, остаток и compliance требуют подтверждения поставщиком."
"amdgroup-public","AMDgroup","https://amdgroup.kz/catalog/konusovidnye/bory_almaznye_849_014c_fg/","bory_almaznye_849_014c_fg","bory almaznye 849 014c fg","","Стоматологические товары","piece","KZT","","","false","Публичная карточка AMDgroup; цена, остаток и compliance требуют подтверждения поставщиком."
"amdgroup-public","AMDgroup","https://amdgroup.kz/catalog/konusovidnye/bory_almaznye_849_016c_fg/","bory_almaznye_849_016c_fg","bory almaznye 849 016c fg","","Стоматологические товары","piece","KZT","","","false","Публичная карточка AMDgroup; цена, остаток и compliance требуют подтверждения поставщиком."
"amdgroup-public","AMDgroup","https://amdgroup.kz/catalog/konusovidnye/bory_almaznye_850_010_m_2_/","bory_almaznye_850_010_m_2_","bory almaznye 850 010 m 2","","Стоматологические товары","piece","KZT","","","false","Публичная карточка AMDgroup; цена, остаток и compliance требуют подтверждения поставщиком."
"amdgroup-public","AMDgroup","https://amdgroup.kz/catalog/konusovidnye/bory_almaznye_850_010c_fg/","bory_almaznye_850_010c_fg","bory almaznye 850 010c fg","","Стоматологические товары","piece","KZT","","","false","Публичная карточка AMDgroup; цена, остаток и compliance требуют подтверждения поставщиком."
"amdgroup-public","AMDgroup","https://amdgroup.kz/catalog/konusovidnye/bory_almaznye_850_010f_fg/","bory_almaznye_850_010f_fg","bory almaznye 850 010f fg","","Стоматологические товары","piece","KZT","","","false","Публичная карточка AMDgroup; цена, остаток и compliance требуют подтверждения поставщиком."
"amdgroup-public","AMDgroup","https://amdgroup.kz/catalog/konusovidnye/bory_almaznye_850_010sf_fg/","bory_almaznye_850_010sf_fg","bory almaznye 850 010sf fg","","Стоматологические товары","piece","KZT","","","false","Публичная карточка AMDgroup; цена, остаток и compliance требуют подтверждения поставщиком."
"amdgroup-public","AMDgroup","https://amdgroup.kz/catalog/konusovidnye/bory_almaznye_850_012_m_fg/","bory_almaznye_850_012_m_fg","bory almaznye 850 012 m fg","","Стоматологические товары","piece","KZT","","","false","Публичная карточка AMDgroup; цена, остаток и compliance требуют подтверждения поставщиком."
"amdgroup-public","AMDgroup","https://amdgroup.kz/catalog/konusovidnye/bory_almaznye_850_012c_fg_konus_s_kruglym_kontsom_krupnaya/","bory_almaznye_850_012c_fg_konus_s_kruglym_kontsom_krupnaya","bory almaznye 850 012c fg konus s kruglym kontsom krupnaya","","Стоматологические товары","piece","KZT","","","false","Публичная карточка AMDgroup; цена, остаток и compliance требуют подтверждения поставщиком."
"amdgroup-public","AMDgroup","https://amdgroup.kz/catalog/konusovidnye/bory_almaznye_850_012f_fg/","bory_almaznye_850_012f_fg","bory almaznye 850 012f fg","","Стоматологические товары","piece","KZT","","","false","Публичная карточка AMDgroup; цена, остаток и compliance требуют подтверждения поставщиком."
"amdgroup-public","AMDgroup","https://amdgroup.kz/catalog/konusovidnye/bory_almaznye_850_012sf_fg/","bory_almaznye_850_012sf_fg","bory almaznye 850 012sf fg","","Стоматологические товары","piece","KZT","","","false","Публичная карточка AMDgroup; цена, остаток и compliance требуют подтверждения поставщиком."
"amdgroup-public","AMDgroup","https://amdgroup.kz/catalog/konusovidnye/bory_almaznye_850_014c_fg/","bory_almaznye_850_014c_fg","bory almaznye 850 014c fg","","Стоматологические товары","piece","KZT","","","false","Публичная карточка AMDgroup; цена, остаток и compliance требуют подтверждения поставщиком."
"amdgroup-public","AMDgroup","https://amdgroup.kz/catalog/konusovidnye/bory_almaznye_850_014f_fg/","bory_almaznye_850_014f_fg","bory almaznye 850 014f fg","","Стоматологические товары","piece","KZT","","","false","Публичная карточка AMDgroup; цена, остаток и compliance требуют подтверждения поставщиком."
"amdgroup-public","AMDgroup","https://amdgroup.kz/catalog/konusovidnye/bory_almaznye_850_014m_fg/","bory_almaznye_850_014m_fg","bory almaznye 850 014m fg","","Стоматологические товары","piece","KZT","","","false","Публичная карточка AMDgroup; цена, остаток и compliance требуют подтверждения поставщиком."
"amdgroup-public","AMDgroup","https://amdgroup.kz/catalog/konusovidnye/bory_almaznye_850_014sc_fg/","bory_almaznye_850_014sc_fg","bory almaznye 850 014sc fg","","Стоматологические товары","piece","KZT","","","false","Публичная карточка AMDgroup; цена, остаток и compliance требуют подтверждения поставщиком."
"amdgroup-public","AMDgroup","https://amdgroup.kz/catalog/konusovidnye/bory_almaznye_850_014sf_fg/","bory_almaznye_850_014sf_fg","bory almaznye 850 014sf fg","","Стоматологические товары","piece","KZT","","","false","Публичная карточка AMDgroup; цена, остаток и compliance требуют подтверждения поставщиком."
"amdgroup-public","AMDgroup","https://amdgroup.kz/catalog/konusovidnye/bory_almaznye_850_016c_fg/","bory_almaznye_850_016c_fg","bory almaznye 850 016c fg","","Стоматологические товары","piece","KZT","","","false","Публичная карточка AMDgroup; цена, остаток и compliance требуют подтверждения поставщиком."
"amdgroup-public","AMDgroup","https://amdgroup.kz/catalog/konusovidnye/bory_almaznye_850_016f_fg_kruglyy_/","bory_almaznye_850_016f_fg_kruglyy_","bory almaznye 850 016f fg kruglyy","","Стоматологические товары","piece","KZT","","","false","Публичная карточка AMDgroup; цена, остаток и compliance требуют подтверждения поставщиком."
"amdgroup-public","AMDgroup","https://amdgroup.kz/catalog/konusovidnye/bory_almaznye_850_016m_fg/","bory_almaznye_850_016m_fg","bory almaznye 850 016m fg","","Стоматологические товары","piece","KZT","","","false","Публичная карточка AMDgroup; цена, остаток и compliance требуют подтверждения поставщиком."
"amdgroup-public","AMDgroup","https://amdgroup.kz/catalog/konusovidnye/bory_almaznye_850_016sf_fg/","bory_almaznye_850_016sf_fg","bory almaznye 850 016sf fg","","Стоматологические товары","piece","KZT","","","false","Публичная карточка AMDgroup; цена, остаток и compliance требуют подтверждения поставщиком."
"amdgroup-public","AMDgroup","https://amdgroup.kz/catalog/konusovidnye/bory_almaznye_850_018c_fg/","bory_almaznye_850_018c_fg","bory almaznye 850 018c fg","","Стоматологические товары","piece","KZT","","","false","Публичная карточка AMDgroup; цена, остаток и compliance требуют подтверждения поставщиком."
"amdgroup-public","AMDgroup","https://amdgroup.kz/catalog/konusovidnye/bory_almaznye_850_023_f_konus_s_kruglym_kontsom_melkaya/","bory_almaznye_850_023_f_konus_s_kruglym_kontsom_melkaya","bory almaznye 850 023 f konus s kruglym kontsom melkaya","","Стоматологические товары","piece","KZT","","","false","Публичная карточка AMDgroup; цена, остаток и compliance требуют подтверждения поставщиком."
"amdgroup-public","AMDgroup","https://amdgroup.kz/catalog/konusovidnye/bory_almaznye_850_023c_fg/","bory_almaznye_850_023c_fg","bory almaznye 850 023c fg","","Стоматологические товары","piece","KZT","","","false","Публичная карточка AMDgroup; цена, остаток и compliance требуют подтверждения поставщиком."
"amdgroup-public","AMDgroup","https://amdgroup.kz/catalog/konusovidnye/bory_almaznye_850kr_014c_fg/","bory_almaznye_850kr_014c_fg","bory almaznye 850kr 014c fg","","Стоматологические товары","piece","KZT","","","false","Публичная карточка AMDgroup; цена, остаток и compliance требуют подтверждения поставщиком."
"amdgroup-public","AMDgroup","https://amdgroup.kz/catalog/konusovidnye/bory_almaznye_850kr_014m_fg/","bory_almaznye_850kr_014m_fg","bory almaznye 850kr 014m fg","","Стоматологические товары","piece","KZT","","","false","Публичная карточка AMDgroup; цена, остаток и compliance требуют подтверждения поставщиком."
"amdgroup-public","AMDgroup","https://amdgroup.kz/catalog/konusovidnye/bory_almaznye_850kr_014sc_fg/","bory_almaznye_850kr_014sc_fg","bory almaznye 850kr 014sc fg","","Стоматологические товары","piece","KZT","","","false","Публичная карточка AMDgroup; цена, остаток и compliance требуют подтверждения поставщиком."
"amdgroup-public","AMDgroup","https://amdgroup.kz/catalog/konusovidnye/bory_almaznye_850kr_018c_fg/","bory_almaznye_850kr_018c_fg","bory almaznye 850kr 018c fg","","Стоматологические товары","piece","KZT","","","false","Публичная карточка AMDgroup; цена, остаток и compliance требуют подтверждения поставщиком."
"amdgroup-public","AMDgroup","https://amdgroup.kz/catalog/konusovidnye/bory_almaznye_850kr_018m_fg/","bory_almaznye_850kr_018m_fg","bory almaznye 850kr 018m fg","","Стоматологические товары","piece","KZT","","","false","Публичная карточка AMDgroup; цена, остаток и compliance требуют подтверждения поставщиком."
"amdgroup-public","AMDgroup","https://amdgroup.kz/catalog/konusovidnye/bory_almaznye_850kr_018sc_fg/","bory_almaznye_850kr_018sc_fg","bory almaznye 850kr 018sc fg","","Стоматологические товары","piece","KZT","","","false","Публичная карточка AMDgroup; цена, остаток и compliance требуют подтверждения поставщиком."
"amdgroup-public","AMDgroup","https://amdgroup.kz/catalog/konusovidnye/bory_almaznye_850l_012c_fg/","bory_almaznye_850l_012c_fg","bory almaznye 850l 012c fg","","Стоматологические товары","piece","KZT","","","false","Публичная карточка AMDgroup; цена, остаток и compliance требуют подтверждения поставщиком."
"amdgroup-public","AMDgroup","https://amdgroup.kz/catalog/konusovidnye/bory_almaznye_850l_012f_fg/","bory_almaznye_850l_012f_fg","bory almaznye 850l 012f fg","","Стоматологические товары","piece","KZT","","","false","Публичная карточка AMDgroup; цена, остаток и compliance требуют подтверждения поставщиком."
"amdgroup-public","AMDgroup","https://amdgroup.kz/catalog/konusovidnye/bory_almaznye_850l_012m_fg/","bory_almaznye_850l_012m_fg","bory almaznye 850l 012m fg","","Стоматологические товары","piece","KZT","","","false","Публичная карточка AMDgroup; цена, остаток и compliance требуют подтверждения поставщиком."
"amdgroup-public","AMDgroup","https://amdgroup.kz/catalog/konusovidnye/bory_almaznye_850l_012sf_fg/","bory_almaznye_850l_012sf_fg","bory almaznye 850l 012sf fg","","Стоматологические товары","piece","KZT","","","false","Публичная карточка AMDgroup; цена, остаток и compliance требуют подтверждения поставщиком."
"amdgroup-public","AMDgroup","https://amdgroup.kz/catalog/konusovidnye/bory_almaznye_850l_014c_fg/","bory_almaznye_850l_014c_fg","bory almaznye 850l 014c fg","","Стоматологические товары","piece","KZT","","","false","Публичная карточка AMDgroup; цена, остаток и compliance требуют подтверждения поставщиком."
"amdgroup-public","AMDgroup","https://amdgroup.kz/catalog/konusovidnye/bory_almaznye_850l_014f_fg/","bory_almaznye_850l_014f_fg","bory almaznye 850l 014f fg","","Стоматологические товары","piece","KZT","","","false","Публичная карточка AMDgroup; цена, остаток и compliance требуют подтверждения поставщиком."
"amdgroup-public","AMDgroup","https://amdgroup.kz/catalog/konusovidnye/bory_almaznye_850l_014m_fg/","bory_almaznye_850l_014m_fg","bory almaznye 850l 014m fg","","Стоматологические товары","piece","KZT","","","false","Публичная карточка AMDgroup; цена, остаток и compliance требуют подтверждения поставщиком."
"amdgroup-public","AMDgroup","https://amdgroup.kz/catalog/konusovidnye/bory_almaznye_850l_014sc_fg/","bory_almaznye_850l_014sc_fg","bory almaznye 850l 014sc fg","","Стоматологические товары","piece","KZT","","","false","Публичная карточка AMDgroup; цена, остаток и compliance требуют подтверждения поставщиком."
"amdgroup-public","AMDgroup","https://amdgroup.kz/catalog/konusovidnye/bory_almaznye_850l_014sf_fg/","bory_almaznye_850l_014sf_fg","bory almaznye 850l 014sf fg","","Стоматологические товары","piece","KZT","","","false","Публичная карточка AMDgroup; цена, остаток и compliance требуют подтверждения поставщиком."
"amdgroup-public","AMDgroup","https://amdgroup.kz/catalog/konusovidnye/bory_almaznye_850l_016c_fg/","bory_almaznye_850l_016c_fg","bory almaznye 850l 016c fg","","Стоматологические товары","piece","KZT","","","false","Публичная карточка AMDgroup; цена, остаток и compliance требуют подтверждения поставщиком."
"amdgroup-public","AMDgroup","https://amdgroup.kz/catalog/konusovidnye/bory_almaznye_850l_016f_fg/","bory_almaznye_850l_016f_fg","bory almaznye 850l 016f fg","","Стоматологические товары","piece","KZT","","","false","Публичная карточка AMDgroup; цена, остаток и compliance требуют подтверждения поставщиком."
"amdgroup-public","AMDgroup","https://amdgroup.kz/catalog/konusovidnye/bory_almaznye_850l_016m_fg/","bory_almaznye_850l_016m_fg","bory almaznye 850l 016m fg","","Стоматологические товары","piece","KZT","","","false","Публичная карточка AMDgroup; цена, остаток и compliance требуют подтверждения поставщиком."
"amdgroup-public","AMDgroup","https://amdgroup.kz/catalog/konusovidnye/bory_almaznye_850l_016sc_fg/","bory_almaznye_850l_016sc_fg","bory almaznye 850l 016sc fg","","Стоматологические товары","piece","KZT","","","false","Публичная карточка AMDgroup; цена, остаток и compliance требуют подтверждения поставщиком."
"amdgroup-public","AMDgroup","https://amdgroup.kz/catalog/konusovidnye/bory_almaznye_850l_018c_fg/","bory_almaznye_850l_018c_fg","bory almaznye 850l 018c fg","","Стоматологические товары","piece","KZT","","","false","Публичная карточка AMDgroup; цена, остаток и compliance требуют подтверждения поставщиком."
"amdgroup-public","AMDgroup","https://amdgroup.kz/catalog/konusovidnye/bory_almaznye_850l_018m_fg/","bory_almaznye_850l_018m_fg","bory almaznye 850l 018m fg","","Стоматологические товары","piece","KZT","","","false","Публичная карточка AMDgroup; цена, остаток и compliance требуют подтверждения поставщиком."
"amdgroup-public","AMDgroup","https://amdgroup.kz/catalog/konusovidnye/bory_almaznye_851_010f_fg/","bory_almaznye_851_010f_fg","bory almaznye 851 010f fg","","Стоматологические товары","piece","KZT","","","false","Публичная карточка AMDgroup; цена, остаток и compliance требуют подтверждения поставщиком."
"amdgroup-public","AMDgroup","https://amdgroup.kz/catalog/konusovidnye/bory_almaznye_851_010m_fg/","bory_almaznye_851_010m_fg","bory almaznye 851 010m fg","","Стоматологические товары","piece","KZT","","","false","Публичная карточка AMDgroup; цена, остаток и compliance требуют подтверждения поставщиком."
"amdgroup-public","AMDgroup","https://amdgroup.kz/catalog/konusovidnye/bory_almaznye_851_012c_fg/","bory_almaznye_851_012c_fg","bory almaznye 851 012c fg","","Стоматологические товары","piece","KZT","","","false","Публичная карточка AMDgroup; цена, остаток и compliance требуют подтверждения поставщиком."
"amdgroup-public","AMDgroup","https://amdgroup.kz/catalog/konusovidnye/bory_almaznye_851_012f_fg_/","bory_almaznye_851_012f_fg_","bory almaznye 851 012f fg","","Стоматологические товары","piece","KZT","","","false","Публичная карточка AMDgroup; цена, остаток и compliance требуют подтверждения поставщиком."
"amdgroup-public","AMDgroup","https://amdgroup.kz/catalog/konusovidnye/bory_almaznye_851_012m_fg/","bory_almaznye_851_012m_fg","bory almaznye 851 012m fg","","Стоматологические товары","piece","KZT","","","false","Публичная карточка AMDgroup; цена, остаток и compliance требуют подтверждения поставщиком."
"amdgroup-public","AMDgroup","https://amdgroup.kz/catalog/konusovidnye/bory_almaznye_851_016c_fg/","bory_almaznye_851_016c_fg","bory almaznye 851 016c fg","","Стоматологические товары","piece","KZT","","","false","Публичная карточка AMDgroup; цена, остаток и compliance требуют подтверждения поставщиком."
"amdgroup-public","AMDgroup","https://amdgroup.kz/catalog/konusovidnye/bory_almaznye_852_007m_kid/","bory_almaznye_852_007m_kid","bory almaznye 852 007m kid","","Стоматологические товары","piece","KZT","","","false","Публичная карточка AMDgroup; цена, остаток и compliance требуют подтверждения поставщиком."
"amdgroup-public","AMDgroup","https://amdgroup.kz/catalog/konusovidnye/bory_almaznye_852_010f_fg/","bory_almaznye_852_010f_fg","bory almaznye 852 010f fg","","Стоматологические товары","piece","KZT","","","false","Публичная карточка AMDgroup; цена, остаток и compliance требуют подтверждения поставщиком."
"amdgroup-public","AMDgroup","https://amdgroup.kz/catalog/konusovidnye/bory_almaznye_852_010m_fg/","bory_almaznye_852_010m_fg","bory almaznye 852 010m fg","","Стоматологические товары","piece","KZT","","","false","Публичная карточка AMDgroup; цена, остаток и compliance требуют подтверждения поставщиком."
"amdgroup-public","AMDgroup","https://amdgroup.kz/catalog/konusovidnye/bory_almaznye_852_010sf_fg/","bory_almaznye_852_010sf_fg","bory almaznye 852 010sf fg","","Стоматологические товары","piece","KZT","","","false","Публичная карточка AMDgroup; цена, остаток и compliance требуют подтверждения поставщиком."
"amdgroup-public","AMDgroup","https://amdgroup.kz/catalog/konusovidnye/bory_almaznye_852_012c_fg/","bory_almaznye_852_012c_fg","bory almaznye 852 012c fg","","Стоматологические товары","piece","KZT","","","false","Публичная карточка AMDgroup; цена, остаток и compliance требуют подтверждения поставщиком."
"amdgroup-public","AMDgroup","https://amdgroup.kz/catalog/konusovidnye/bory_almaznye_852_012f_fg/","bory_almaznye_852_012f_fg","bory almaznye 852 012f fg","","Стоматологические товары","piece","KZT","","","false","Публичная карточка AMDgroup; цена, остаток и compliance требуют подтверждения поставщиком."
"amdgroup-public","AMDgroup","https://amdgroup.kz/catalog/konusovidnye/bory_almaznye_852_012m_fg/","bory_almaznye_852_012m_fg","bory almaznye 852 012m fg","","Стоматологические товары","piece","KZT","","","false","Публичная карточка AMDgroup; цена, остаток и compliance требуют подтверждения поставщиком."
"amdgroup-public","AMDgroup","https://amdgroup.kz/catalog/konusovidnye/bory_almaznye_852_012sf_fg/","bory_almaznye_852_012sf_fg","bory almaznye 852 012sf fg","","Стоматологические товары","piece","KZT","","","false","Публичная карточка AMDgroup; цена, остаток и compliance требуют подтверждения поставщиком."
"amdgroup-public","AMDgroup","https://amdgroup.kz/catalog/konusovidnye/bory_almaznye_852_023m_fg/","bory_almaznye_852_023m_fg","bory almaznye 852 023m fg","","Стоматологические товары","piece","KZT","","","false","Публичная карточка AMDgroup; цена, остаток и compliance требуют подтверждения поставщиком."
"amdgroup-public","AMDgroup","https://amdgroup.kz/catalog/konusovidnye/bory_almaznye_855_012c_fg/","bory_almaznye_855_012c_fg","bory almaznye 855 012c fg","","Стоматологические товары","piece","KZT","","","false","Публичная карточка AMDgroup; цена, остаток и compliance требуют подтверждения поставщиком."
"amdgroup-public","AMDgroup","https://amdgroup.kz/catalog/konusovidnye/bory_almaznye_855_012f_fg/","bory_almaznye_855_012f_fg","bory almaznye 855 012f fg","","Стоматологические товары","piece","KZT","","","false","Публичная карточка AMDgroup; цена, остаток и compliance требуют подтверждения поставщиком."
"amdgroup-public","AMDgroup","https://amdgroup.kz/catalog/konusovidnye/bory_almaznye_855_012m_fg/","bory_almaznye_855_012m_fg","bory almaznye 855 012m fg","","Стоматологические товары","piece","KZT","","","false","Публичная карточка AMDgroup; цена, остаток и compliance требуют подтверждения поставщиком."
"amdgroup-public","AMDgroup","https://amdgroup.kz/catalog/konusovidnye/bory_almaznye_855_014c_fg/","bory_almaznye_855_014c_fg","bory almaznye 855 014c fg","","Стоматологические товары","piece","KZT","","","false","Публичная карточка AMDgroup; цена, остаток и compliance требуют подтверждения поставщиком."
"amdgroup-public","AMDgroup","https://amdgroup.kz/catalog/konusovidnye/bory_almaznye_855_014f_fg/","bory_almaznye_855_014f_fg","bory almaznye 855 014f fg","","Стоматологические товары","piece","KZT","","","false","Публичная карточка AMDgroup; цена, остаток и compliance требуют подтверждения поставщиком."
"amdgroup-public","AMDgroup","https://amdgroup.kz/catalog/konusovidnye/bory_almaznye_855_014sf_fg/","bory_almaznye_855_014sf_fg","bory almaznye 855 014sf fg","","Стоматологические товары","piece","KZT","","","false","Публичная карточка AMDgroup; цена, остаток и compliance требуют подтверждения поставщиком."
"amdgroup-public","AMDgroup","https://amdgroup.kz/catalog/konusovidnye/bory_almaznye_855_025_tsc/","bory_almaznye_855_025_tsc","bory almaznye 855 025 tsc","","Стоматологические товары","piece","KZT","","","false","Публичная карточка AMDgroup; цена, остаток и compliance требуют подтверждения поставщиком."
"amdgroup-public","AMDgroup","https://amdgroup.kz/catalog/konusovidnye/bory_almaznye_855_025c_fg/","bory_almaznye_855_025c_fg","bory almaznye 855 025c fg","","Стоматологические товары","piece","KZT","","","false","Публичная карточка AMDgroup; цена, остаток и compliance требуют подтверждения поставщиком."
"amdgroup-public","AMDgroup","https://amdgroup.kz/catalog/konusovidnye/bory_almaznye_855_025m_fg/","bory_almaznye_855_025m_fg","bory almaznye 855 025m fg","","Стоматологические товары","piece","KZT","","","false","Публичная карточка AMDgroup; цена, остаток и compliance требуют подтверждения поставщиком."
"amdgroup-public","AMDgroup","https://amdgroup.kz/catalog/konusovidnye/bory_almaznye_856_009f_fg/","bory_almaznye_856_009f_fg","bory almaznye 856 009f fg","","Стоматологические товары","piece","KZT","","","false","Публичная карточка AMDgroup; цена, остаток и compliance требуют подтверждения поставщиком."
"amdgroup-public","AMDgroup","https://amdgroup.kz/catalog/konusovidnye/bory_almaznye_856_009m_fg/","bory_almaznye_856_009m_fg","bory almaznye 856 009m fg","","Стоматологические товары","piece","KZT","","","false","Публичная карточка AMDgroup; цена, остаток и compliance требуют подтверждения поставщиком."
"amdgroup-public","AMDgroup","https://amdgroup.kz/catalog/konusovidnye/bory_almaznye_856_009sf_fg/","bory_almaznye_856_009sf_fg","bory almaznye 856 009sf fg","","Стоматологические товары","piece","KZT","","","false","Публичная карточка AMDgroup; цена, остаток и compliance требуют подтверждения поставщиком."
"amdgroup-public","AMDgroup","https://amdgroup.kz/catalog/konusovidnye/bory_almaznye_856_010f_fg/","bory_almaznye_856_010f_fg","bory almaznye 856 010f fg","","Стоматологические товары","piece","KZT","","","false","Публичная карточка AMDgroup; цена, остаток и compliance требуют подтверждения поставщиком."
"amdgroup-public","AMDgroup","https://amdgroup.kz/catalog/konusovidnye/bory_almaznye_856_010sf_fg/","bory_almaznye_856_010sf_fg","bory almaznye 856 010sf fg","","Стоматологические товары","piece","KZT","","","false","Публичная карточка AMDgroup; цена, остаток и compliance требуют подтверждения поставщиком."
"amdgroup-public","AMDgroup","https://amdgroup.kz/catalog/konusovidnye/bory_almaznye_856_012c_fg/","bory_almaznye_856_012c_fg","bory almaznye 856 012c fg","","Стоматологические товары","piece","KZT","","","false","Публичная карточка AMDgroup; цена, остаток и compliance требуют подтверждения поставщиком."
"amdgroup-public","AMDgroup","https://amdgroup.kz/catalog/konusovidnye/bory_almaznye_856_012f_fg/","bory_almaznye_856_012f_fg","bory almaznye 856 012f fg","","Стоматологические товары","piece","KZT","","","false","Публичная карточка AMDgroup; цена, остаток и compliance требуют подтверждения поставщиком."
"amdgroup-public","AMDgroup","https://amdgroup.kz/catalog/konusovidnye/bory_almaznye_856_012m_fg/","bory_almaznye_856_012m_fg","bory almaznye 856 012m fg","","Стоматологические товары","piece","KZT","","","false","Публичная карточка AMDgroup; цена, остаток и compliance требуют подтверждения поставщиком."
"amdgroup-public","AMDgroup","https://amdgroup.kz/catalog/konusovidnye/bory_almaznye_856_012sf_fg/","bory_almaznye_856_012sf_fg","bory almaznye 856 012sf fg","","Стоматологические товары","piece","KZT","","","false","Публичная карточка AMDgroup; цена, остаток и compliance требуют подтверждения поставщиком."
"amdgroup-public","AMDgroup","https://amdgroup.kz/catalog/konusovidnye/bory_almaznye_856_014c_fg/","bory_almaznye_856_014c_fg","bory almaznye 856 014c fg","","Стоматологические товары","piece","KZT","","","false","Публичная карточка AMDgroup; цена, остаток и compliance требуют подтверждения поставщиком."
"amdgroup-public","AMDgroup","https://amdgroup.kz/catalog/konusovidnye/bory_almaznye_856_014f_fg/","bory_almaznye_856_014f_fg","bory almaznye 856 014f fg","","Стоматологические товары","piece","KZT","","","false","Публичная карточка AMDgroup; цена, остаток и compliance требуют подтверждения поставщиком."
"amdgroup-public","AMDgroup","https://amdgroup.kz/catalog/konusovidnye/bory_almaznye_856_014m_fg/","bory_almaznye_856_014m_fg","bory almaznye 856 014m fg","","Стоматологические товары","piece","KZT","","","false","Публичная карточка AMDgroup; цена, остаток и compliance требуют подтверждения поставщиком."
"amdgroup-public","AMDgroup","https://amdgroup.kz/catalog/konusovidnye/bory_almaznye_856_014sf_fg/","bory_almaznye_856_014sf_fg","bory almaznye 856 014sf fg","","Стоматологические товары","piece","KZT","","","false","Публичная карточка AMDgroup; цена, остаток и compliance требуют подтверждения поставщиком."
"amdgroup-public","AMDgroup","https://amdgroup.kz/catalog/konusovidnye/bory_almaznye_856_016c_fg/","bory_almaznye_856_016c_fg","bory almaznye 856 016c fg","","Стоматологические товары","piece","KZT","","","false","Публичная карточка AMDgroup; цена, остаток и compliance требуют подтверждения поставщиком."
"amdgroup-public","AMDgroup","https://amdgroup.kz/catalog/konusovidnye/bory_almaznye_856_016f_fg/","bory_almaznye_856_016f_fg","bory almaznye 856 016f fg","","Стоматологические товары","piece","KZT","","","false","Публичная карточка AMDgroup; цена, остаток и compliance требуют подтверждения поставщиком."
"amdgroup-public","AMDgroup","https://amdgroup.kz/catalog/konusovidnye/bory_almaznye_856_016m_fg/","bory_almaznye_856_016m_fg","bory almaznye 856 016m fg","","Стоматологические товары","piece","KZT","","","false","Публичная карточка AMDgroup; цена, остаток и compliance требуют подтверждения поставщиком."
"amdgroup-public","AMDgroup","https://amdgroup.kz/catalog/konusovidnye/bory_almaznye_856_016sc_fg/","bory_almaznye_856_016sc_fg","bory almaznye 856 016sc fg","","Стоматологические товары","piece","KZT","","","false","Публичная карточка AMDgroup; цена, остаток и compliance требуют подтверждения поставщиком."
"amdgroup-public","AMDgroup","https://amdgroup.kz/catalog/konusovidnye/bory_almaznye_856_016sf_fg/","bory_almaznye_856_016sf_fg","bory almaznye 856 016sf fg","","Стоматологические товары","piece","KZT","","","false","Публичная карточка AMDgroup; цена, остаток и compliance требуют подтверждения поставщиком."
"amdgroup-public","AMDgroup","https://amdgroup.kz/catalog/konusovidnye/bory_almaznye_856_018c_fg/","bory_almaznye_856_018c_fg","bory almaznye 856 018c fg","","Стоматологические товары","piece","KZT","","","false","Публичная карточка AMDgroup; цена, остаток и compliance требуют подтверждения поставщиком."
"amdgroup-public","AMDgroup","https://amdgroup.kz/catalog/konusovidnye/bory_almaznye_856_018f_fg/","bory_almaznye_856_018f_fg","bory almaznye 856 018f fg","","Стоматологические товары","piece","KZT","","","false","Публичная карточка AMDgroup; цена, остаток и compliance требуют подтверждения поставщиком."
"amdgroup-public","AMDgroup","https://amdgroup.kz/catalog/konusovidnye/bory_almaznye_856_018m_fg/","bory_almaznye_856_018m_fg","bory almaznye 856 018m fg","","Стоматологические товары","piece","KZT","","","false","Публичная карточка AMDgroup; цена, остаток и compliance требуют подтверждения поставщиком."
"amdgroup-public","AMDgroup","https://amdgroup.kz/catalog/konusovidnye/bory_almaznye_856_018sc_fg/","bory_almaznye_856_018sc_fg","bory almaznye 856 018sc fg","","Стоматологические товары","piece","KZT","","","false","Публичная карточка AMDgroup; цена, остаток и compliance требуют подтверждения поставщиком."
"amdgroup-public","AMDgroup","https://amdgroup.kz/catalog/konusovidnye/bory_almaznye_856_021f_fg/","bory_almaznye_856_021f_fg","bory almaznye 856 021f fg","","Стоматологические товары","piece","KZT","","","false","Публичная карточка AMDgroup; цена, остаток и compliance требуют подтверждения поставщиком."
"amdgroup-public","AMDgroup","https://amdgroup.kz/catalog/konusovidnye/bory_almaznye_856_021m_fg/","bory_almaznye_856_021m_fg","bory almaznye 856 021m fg","","Стоматологические товары","piece","KZT","","","false","Публичная карточка AMDgroup; цена, остаток и compliance требуют подтверждения поставщиком."
"amdgroup-public","AMDgroup","https://amdgroup.kz/catalog/konusovidnye/bory_almaznye_856_021sf_fg/","bory_almaznye_856_021sf_fg","bory almaznye 856 021sf fg","","Стоматологические товары","piece","KZT","","","false","Публичная карточка AMDgroup; цена, остаток и compliance требуют подтверждения поставщиком."
"amdgroup-public","AMDgroup","https://amdgroup.kz/catalog/konusovidnye/bory_almaznye_856_025c_fg/","bory_almaznye_856_025c_fg","bory almaznye 856 025c fg","","Стоматологические товары","piece","KZT","","","false","Публичная карточка AMDgroup; цена, остаток и compliance требуют подтверждения поставщиком."
"amdgroup-public","AMDgroup","https://amdgroup.kz/catalog/konusovidnye/bory_almaznye_856_025f_fg/","bory_almaznye_856_025f_fg","bory almaznye 856 025f fg","","Стоматологические товары","piece","KZT","","","false","Публичная карточка AMDgroup; цена, остаток и compliance требуют подтверждения поставщиком."
"amdgroup-public","AMDgroup","https://amdgroup.kz/catalog/konusovidnye/bory_almaznye_856l_014c_fg/","bory_almaznye_856l_014c_fg","bory almaznye 856l 014c fg","","Стоматологические товары","piece","KZT","","","false","Публичная карточка AMDgroup; цена, остаток и compliance требуют подтверждения поставщиком."
"amdgroup-public","AMDgroup","https://amdgroup.kz/catalog/konusovidnye/bory_almaznye_856l_014f_fg/","bory_almaznye_856l_014f_fg","bory almaznye 856l 014f fg","","Стоматологические товары","piece","KZT","","","false","Публичная карточка AMDgroup; цена, остаток и compliance требуют подтверждения поставщиком."
"amdgroup-public","AMDgroup","https://amdgroup.kz/catalog/konusovidnye/bory_almaznye_856l_014m_fg/","bory_almaznye_856l_014m_fg","bory almaznye 856l 014m fg","","Стоматологические товары","piece","KZT","","","false","Публичная карточка AMDgroup; цена, остаток и compliance требуют подтверждения поставщиком."
"amdgroup-public","AMDgroup","https://amdgroup.kz/catalog/konusovidnye/bory_almaznye_856l_016_m_3_dlin_konus_s_krug_kontsom_srednyaya/","bory_almaznye_856l_016_m_3_dlin_konus_s_krug_kontsom_srednyaya","bory almaznye 856l 016 m 3 dlin konus s krug kontsom srednyaya","","Стоматологические товары","piece","KZT","","","false","Публичная карточка AMDgroup; цена, остаток и compliance требуют подтверждения поставщиком."
"amdgroup-public","AMDgroup","https://amdgroup.kz/catalog/konusovidnye/bory_almaznye_856l_016c_fg/","bory_almaznye_856l_016c_fg","bory almaznye 856l 016c fg","","Стоматологические товары","piece","KZT","","","false","Публичная карточка AMDgroup; цена, остаток и compliance требуют подтверждения поставщиком."
"amdgroup-public","AMDgroup","https://amdgroup.kz/catalog/konusovidnye/bory_almaznye_856l_016f_fg/","bory_almaznye_856l_016f_fg","bory almaznye 856l 016f fg","","Стоматологические товары","piece","KZT","","","false","Публичная карточка AMDgroup; цена, остаток и compliance требуют подтверждения поставщиком."
"amdgroup-public","AMDgroup","https://amdgroup.kz/catalog/konusovidnye/bory_almaznye_856l_018c_fg/","bory_almaznye_856l_018c_fg","bory almaznye 856l 018c fg","","Стоматологические товары","piece","KZT","","","false","Публичная карточка AMDgroup; цена, остаток и compliance требуют подтверждения поставщиком."
"amdgroup-public","AMDgroup","https://amdgroup.kz/catalog/konusovidnye/bory_almaznye_856l_018f_fg/","bory_almaznye_856l_018f_fg","bory almaznye 856l 018f fg","","Стоматологические товары","piece","KZT","","","false","Публичная карточка AMDgroup; цена, остаток и compliance требуют подтверждения поставщиком."
"amdgroup-public","AMDgroup","https://amdgroup.kz/catalog/konusovidnye/bory_almaznye_856l_018m_fg/","bory_almaznye_856l_018m_fg","bory almaznye 856l 018m fg","","Стоматологические товары","piece","KZT","","","false","Публичная карточка AMDgroup; цена, остаток и compliance требуют подтверждения поставщиком."
"amdgroup-public","AMDgroup","https://amdgroup.kz/catalog/konusovidnye/bory_almaznye_856l_020_m_3_/","bory_almaznye_856l_020_m_3_","bory almaznye 856l 020 m 3","","Стоматологические товары","piece","KZT","","","false","Публичная карточка AMDgroup; цена, остаток и compliance требуют подтверждения поставщиком."
"amdgroup-public","AMDgroup","https://amdgroup.kz/catalog/konusovidnye/bory_almaznye_857_012c_fg/","bory_almaznye_857_012c_fg","bory almaznye 857 012c fg","","Стоматологические товары","piece","KZT","","","false","Публичная карточка AMDgroup; цена, остаток и compliance требуют подтверждения поставщиком."
"amdgroup-public","AMDgroup","https://amdgroup.kz/catalog/konusovidnye/bory_almaznye_857_012m_fg/","bory_almaznye_857_012m_fg","bory almaznye 857 012m fg","","Стоматологические товары","piece","KZT","","","false","Публичная карточка AMDgroup; цена, остаток и compliance требуют подтверждения поставщиком."
"amdgroup-public","AMDgroup","https://amdgroup.kz/catalog/konusovidnye/bory_almaznye_857_012sf_fg/","bory_almaznye_857_012sf_fg","bory almaznye 857 012sf fg","","Стоматологические товары","piece","KZT","","","false","Публичная карточка AMDgroup; цена, остаток и compliance требуют подтверждения поставщиком."
"amdgroup-public","AMDgroup","https://amdgroup.kz/catalog/konusovidnye/bory_almaznye_857_014f_fg/","bory_almaznye_857_014f_fg","bory almaznye 857 014f fg","","Стоматологические товары","piece","KZT","","","false","Публичная карточка AMDgroup; цена, остаток и compliance требуют подтверждения поставщиком."
"amdgroup-public","AMDgroup","https://amdgroup.kz/catalog/konusovidnye/bory_almaznye_857_014m_fg/","bory_almaznye_857_014m_fg","bory almaznye 857 014m fg","","Стоматологические товары","piece","KZT","","","false","Публичная карточка AMDgroup; цена, остаток и compliance требуют подтверждения поставщиком."
"amdgroup-public","AMDgroup","https://amdgroup.kz/catalog/konusovidnye/bory_almaznye_857_014sc_fg/","bory_almaznye_857_014sc_fg","bory almaznye 857 014sc fg","","Стоматологические товары","piece","KZT","","","false","Публичная карточка AMDgroup; цена, остаток и compliance требуют подтверждения поставщиком."
"amdgroup-public","AMDgroup","https://amdgroup.kz/catalog/konusovidnye/bory_almaznye_857_016c_fg/","bory_almaznye_857_016c_fg","bory almaznye 857 016c fg","","Стоматологические товары","piece","KZT","","","false","Публичная карточка AMDgroup; цена, остаток и compliance требуют подтверждения поставщиком."
"amdgroup-public","AMDgroup","https://amdgroup.kz/catalog/konusovidnye/bory_almaznye_857_016m_fg/","bory_almaznye_857_016m_fg","bory almaznye 857 016m fg","","Стоматологические товары","piece","KZT","","","false","Публичная карточка AMDgroup; цена, остаток и compliance требуют подтверждения поставщиком."
"amdgroup-public","AMDgroup","https://amdgroup.kz/catalog/konusovidnye/bory_almaznye_858_010c_fg/","bory_almaznye_858_010c_fg","bory almaznye 858 010c fg","","Стоматологические товары","piece","KZT","","","false","Публичная карточка AMDgroup; цена, остаток и compliance требуют подтверждения поставщиком."
"amdgroup-public","AMDgroup","https://amdgroup.kz/catalog/konusovidnye/bory_almaznye_858_010f_fg/","bory_almaznye_858_010f_fg","bory almaznye 858 010f fg","","Стоматологические товары","piece","KZT","","","false","Публичная карточка AMDgroup; цена, остаток и compliance требуют подтверждения поставщиком."
"amdgroup-public","AMDgroup","https://amdgroup.kz/catalog/konusovidnye/bory_almaznye_858_010m_fg/","bory_almaznye_858_010m_fg","bory almaznye 858 010m fg","","Стоматологические товары","piece","KZT","","","false","Публичная карточка AMDgroup; цена, остаток и compliance требуют подтверждения поставщиком."
"amdgroup-public","AMDgroup","https://amdgroup.kz/catalog/konusovidnye/bory_almaznye_858_010sf_fg/","bory_almaznye_858_010sf_fg","bory almaznye 858 010sf fg","","Стоматологические товары","piece","KZT","","","false","Публичная карточка AMDgroup; цена, остаток и compliance требуют подтверждения поставщиком."
"amdgroup-public","AMDgroup","https://amdgroup.kz/catalog/konusovidnye/bory_almaznye_858_012c_fg/","bory_almaznye_858_012c_fg","bory almaznye 858 012c fg","","Стоматологические товары","piece","KZT","","","false","Публичная карточка AMDgroup; цена, остаток и compliance требуют подтверждения поставщиком."
"amdgroup-public","AMDgroup","https://amdgroup.kz/catalog/konusovidnye/bory_almaznye_858_012f_fg/","bory_almaznye_858_012f_fg","bory almaznye 858 012f fg","","Стоматологические товары","piece","KZT","","","false","Публичная карточка AMDgroup; цена, остаток и compliance требуют подтверждения поставщиком."
"amdgroup-public","AMDgroup","https://amdgroup.kz/catalog/konusovidnye/bory_almaznye_858_014c_fg/","bory_almaznye_858_014c_fg","bory almaznye 858 014c fg","","Стоматологические товары","piece","KZT","","","false","Публичная карточка AMDgroup; цена, остаток и compliance требуют подтверждения поставщиком."
"amdgroup-public","AMDgroup","https://amdgroup.kz/catalog/konusovidnye/bory_almaznye_858_014f_fg/","bory_almaznye_858_014f_fg","bory almaznye 858 014f fg","","Стоматологические товары","piece","KZT","","","false","Публичная карточка AMDgroup; цена, остаток и compliance требуют подтверждения поставщиком."
"amdgroup-public","AMDgroup","https://amdgroup.kz/catalog/konusovidnye/bory_almaznye_858_014m_fg/","bory_almaznye_858_014m_fg","bory almaznye 858 014m fg","","Стоматологические товары","piece","KZT","","","false","Публичная карточка AMDgroup; цена, остаток и compliance требуют подтверждения поставщиком."
"amdgroup-public","AMDgroup","https://amdgroup.kz/catalog/konusovidnye/bory_almaznye_858_016c_fg/","bory_almaznye_858_016c_fg","bory almaznye 858 016c fg","","Стоматологические товары","piece","KZT","","","false","Публичная карточка AMDgroup; цена, остаток и compliance требуют подтверждения поставщиком."
"amdgroup-public","AMDgroup","https://amdgroup.kz/catalog/konusovidnye/bory_almaznye_858_016f_fg/","bory_almaznye_858_016f_fg","bory almaznye 858 016f fg","","Стоматологические товары","piece","KZT","","","false","Публичная карточка AMDgroup; цена, остаток и compliance требуют подтверждения поставщиком."
"amdgroup-public","AMDgroup","https://amdgroup.kz/catalog/konusovidnye/bory_almaznye_858_016m_fg/","bory_almaznye_858_016m_fg","bory almaznye 858 016m fg","","Стоматологические товары","piece","KZT","","","false","Публичная карточка AMDgroup; цена, остаток и compliance требуют подтверждения поставщиком."
"amdgroup-public","AMDgroup","https://amdgroup.kz/catalog/konusovidnye/bory_almaznye_859_010c_fg/","bory_almaznye_859_010c_fg","bory almaznye 859 010c fg","","Стоматологические товары","piece","KZT","","","false","Публичная карточка AMDgroup; цена, остаток и compliance требуют подтверждения поставщиком."
"amdgroup-public","AMDgroup","https://amdgroup.kz/catalog/konusovidnye/bory_almaznye_859_010f_fg/","bory_almaznye_859_010f_fg","bory almaznye 859 010f fg","","Стоматологические товары","piece","KZT","","","false","Публичная карточка AMDgroup; цена, остаток и compliance требуют подтверждения поставщиком."
"amdgroup-public","AMDgroup","https://amdgroup.kz/catalog/konusovidnye/bory_almaznye_859_010m_fg/","bory_almaznye_859_010m_fg","bory almaznye 859 010m fg","","Стоматологические товары","piece","KZT","","","false","Публичная карточка AMDgroup; цена, остаток и compliance требуют подтверждения поставщиком."
"amdgroup-public","AMDgroup","https://amdgroup.kz/catalog/konusovidnye/bory_almaznye_859_010sf_fg/","bory_almaznye_859_010sf_fg","bory almaznye 859 010sf fg","","Стоматологические товары","piece","KZT","","","false","Публичная карточка AMDgroup; цена, остаток и compliance требуют подтверждения поставщиком."
"amdgroup-public","AMDgroup","https://amdgroup.kz/catalog/konusovidnye/bory_almaznye_859_012c_fg/","bory_almaznye_859_012c_fg","bory almaznye 859 012c fg","","Стоматологические товары","piece","KZT","","","false","Публичная карточка AMDgroup; цена, остаток и compliance требуют подтверждения поставщиком."
"amdgroup-public","AMDgroup","https://amdgroup.kz/catalog/konusovidnye/bory_almaznye_859_012f_fg/","bory_almaznye_859_012f_fg","bory almaznye 859 012f fg","","Стоматологические товары","piece","KZT","","","false","Публичная карточка AMDgroup; цена, остаток и compliance требуют подтверждения поставщиком."
"amdgroup-public","AMDgroup","https://amdgroup.kz/catalog/konusovidnye/bory_almaznye_859_012m_fg/","bory_almaznye_859_012m_fg","bory almaznye 859 012m fg","","Стоматологические товары","piece","KZT","","","false","Публичная карточка AMDgroup; цена, остаток и compliance требуют подтверждения поставщиком."
"amdgroup-public","AMDgroup","https://amdgroup.kz/catalog/konusovidnye/bory_almaznye_859_012sf_fg/","bory_almaznye_859_012sf_fg","bory almaznye 859 012sf fg","","Стоматологические товары","piece","KZT","","","false","Публичная карточка AMDgroup; цена, остаток и compliance требуют подтверждения поставщиком."
"amdgroup-public","AMDgroup","https://amdgroup.kz/catalog/konusovidnye/bory_almaznye_859_014c_fg/","bory_almaznye_859_014c_fg","bory almaznye 859 014c fg","","Стоматологические товары","piece","KZT","","","false","Публичная карточка AMDgroup; цена, остаток и compliance требуют подтверждения поставщиком."
"amdgroup-public","AMDgroup","https://amdgroup.kz/catalog/konusovidnye/bory_almaznye_859_014f_fg/","bory_almaznye_859_014f_fg","bory almaznye 859 014f fg","","Стоматологические товары","piece","KZT","","","false","Публичная карточка AMDgroup; цена, остаток и compliance требуют подтверждения поставщиком."
"amdgroup-public","AMDgroup","https://amdgroup.kz/catalog/konusovidnye/bory_almaznye_859_014m_fg/","bory_almaznye_859_014m_fg","bory almaznye 859 014m fg","","Стоматологические товары","piece","KZT","","","false","Публичная карточка AMDgroup; цена, остаток и compliance требуют подтверждения поставщиком."
"amdgroup-public","AMDgroup","https://amdgroup.kz/catalog/konusovidnye/bory_almaznye_859_014sf_fg/","bory_almaznye_859_014sf_fg","bory almaznye 859 014sf fg","","Стоматологические товары","piece","KZT","","","false","Публичная карточка AMDgroup; цена, остаток и compliance требуют подтверждения поставщиком."
"amdgroup-public","AMDgroup","https://amdgroup.kz/catalog/konusovidnye/bory_almaznye_859_016c_fg/","bory_almaznye_859_016c_fg","bory almaznye 859 016c fg","","Стоматологические товары","piece","KZT","","","false","Публичная карточка AMDgroup; цена, остаток и compliance требуют подтверждения поставщиком."
"amdgroup-public","AMDgroup","https://amdgroup.kz/catalog/konusovidnye/bory_almaznye_859_016f_fg/","bory_almaznye_859_016f_fg","bory almaznye 859 016f fg","","Стоматологические товары","piece","KZT","","","false","Публичная карточка AMDgroup; цена, остаток и compliance требуют подтверждения поставщиком."
"amdgroup-public","AMDgroup","https://amdgroup.kz/catalog/konusovidnye/bory_almaznye_859_016m_fg/","bory_almaznye_859_016m_fg","bory almaznye 859 016m fg","","Стоматологические товары","piece","KZT","","","false","Публичная карточка AMDgroup; цена, остаток и compliance требуют подтверждения поставщиком."
"amdgroup-public","AMDgroup","https://amdgroup.kz/catalog/konusovidnye/bory_almaznye_859_016sf_fg/","bory_almaznye_859_016sf_fg","bory almaznye 859 016sf fg","","Стоматологические товары","piece","KZT","","","false","Публичная карточка AMDgroup; цена, остаток и compliance требуют подтверждения поставщиком."
"amdgroup-public","AMDgroup","https://amdgroup.kz/catalog/konusovidnye/bory_almaznye_859_018c_fg/","bory_almaznye_859_018c_fg","bory almaznye 859 018c fg","","Стоматологические товары","piece","KZT","","","false","Публичная карточка AMDgroup; цена, остаток и compliance требуют подтверждения поставщиком."
"amdgroup-public","AMDgroup","https://amdgroup.kz/catalog/konusovidnye/bory_almaznye_859_018f_fg/","bory_almaznye_859_018f_fg","bory almaznye 859 018f fg","","Стоматологические товары","piece","KZT","","","false","Публичная карточка AMDgroup; цена, остаток и compliance требуют подтверждения поставщиком."
"amdgroup-public","AMDgroup","https://amdgroup.kz/catalog/konusovidnye/bory_almaznye_859_018m_fg/","bory_almaznye_859_018m_fg","bory almaznye 859 018m fg","","Стоматологические товары","piece","KZT","","","false","Публичная карточка AMDgroup; цена, остаток и compliance требуют подтверждения поставщиком."
"amdgroup-public","AMDgroup","https://amdgroup.kz/catalog/konusovidnye/bory_almaznye_859_018sc_fg/","bory_almaznye_859_018sc_fg","bory almaznye 859 018sc fg","","Стоматологические товары","piece","KZT","","","false","Публичная карточка AMDgroup; цена, остаток и compliance требуют подтверждения поставщиком."
"amdgroup-public","AMDgroup","https://amdgroup.kz/catalog/konusovidnye/bory_almaznye_859_018sf_fg/","bory_almaznye_859_018sf_fg","bory almaznye 859 018sf fg","","Стоматологические товары","piece","KZT","","","false","Публичная карточка AMDgroup; цена, остаток и compliance требуют подтверждения поставщиком."
"amdgroup-public","AMDgroup","https://amdgroup.kz/catalog/konusovidnye/bory_almaznye_859_021m_fg/","bory_almaznye_859_021m_fg","bory almaznye 859 021m fg","","Стоматологические товары","piece","KZT","","","false","Публичная карточка AMDgroup; цена, остаток и compliance требуют подтверждения поставщиком."
"amdgroup-public","AMDgroup","https://amdgroup.kz/catalog/konusovidnye/bory_almaznye_859cl_010f_fg/","bory_almaznye_859cl_010f_fg","bory almaznye 859cl 010f fg","","Стоматологические товары","piece","KZT","","","false","Публичная карточка AMDgroup; цена, остаток и compliance требуют подтверждения поставщиком."
"amdgroup-public","AMDgroup","https://amdgroup.kz/catalog/konusovidnye/bory_almaznye_859cl_010m_fg/","bory_almaznye_859cl_010m_fg","bory almaznye 859cl 010m fg","","Стоматологические товары","piece","KZT","","","false","Публичная карточка AMDgroup; цена, остаток и compliance требуют подтверждения поставщиком."
"amdgroup-public","AMDgroup","https://amdgroup.kz/catalog/konusovidnye/bory_almaznye_859l_010f_fg/","bory_almaznye_859l_010f_fg","bory almaznye 859l 010f fg","","Стоматологические товары","piece","KZT","","","false","Публичная карточка AMDgroup; цена, остаток и compliance требуют подтверждения поставщиком."
"amdgroup-public","AMDgroup","https://amdgroup.kz/catalog/konusovidnye/bory_almaznye_859l_010m_fg/","bory_almaznye_859l_010m_fg","bory almaznye 859l 010m fg","","Стоматологические товары","piece","KZT","","","false","Публичная карточка AMDgroup; цена, остаток и compliance требуют подтверждения поставщиком."
"amdgroup-public","AMDgroup","https://amdgroup.kz/catalog/konusovidnye/bory_almaznye_859l_010sf_fg/","bory_almaznye_859l_010sf_fg","bory almaznye 859l 010sf fg","","Стоматологические товары","piece","KZT","","","false","Публичная карточка AMDgroup; цена, остаток и compliance требуют подтверждения поставщиком."
"amdgroup-public","AMDgroup","https://amdgroup.kz/catalog/konusovidnye/bory_almaznye_859l_014_m_/","bory_almaznye_859l_014_m_","bory almaznye 859l 014 m","","Стоматологические товары","piece","KZT","","","false","Публичная карточка AMDgroup; цена, остаток и compliance требуют подтверждения поставщиком."
"amdgroup-public","AMDgroup","https://amdgroup.kz/catalog/konusovidnye/bory_almaznye_859l_014c_fg/","bory_almaznye_859l_014c_fg","bory almaznye 859l 014c fg","","Стоматологические товары","piece","KZT","","","false","Публичная карточка AMDgroup; цена, остаток и compliance требуют подтверждения поставщиком."
"amdgroup-public","AMDgroup","https://amdgroup.kz/catalog/konusovidnye/bory_almaznye_859l_014f_fg/","bory_almaznye_859l_014f_fg","bory almaznye 859l 014f fg","","Стоматологические товары","piece","KZT","","","false","Публичная карточка AMDgroup; цена, остаток и compliance требуют подтверждения поставщиком."
"amdgroup-public","AMDgroup","https://amdgroup.kz/catalog/konusovidnye/bory_almaznye_859l_014sf_fg/","bory_almaznye_859l_014sf_fg","bory almaznye 859l 014sf fg","","Стоматологические товары","piece","KZT","","","false","Публичная карточка AMDgroup; цена, остаток и compliance требуют подтверждения поставщиком."
"amdgroup-public","AMDgroup","https://amdgroup.kz/catalog/konusovidnye/bory_almaznye_859l_016c_fg/","bory_almaznye_859l_016c_fg","bory almaznye 859l 016c fg","","Стоматологические товары","piece","KZT","","","false","Публичная карточка AMDgroup; цена, остаток и compliance требуют подтверждения поставщиком."
"amdgroup-public","AMDgroup","https://amdgroup.kz/catalog/konusovidnye/bory_almaznye_859l_016f_fg/","bory_almaznye_859l_016f_fg","bory almaznye 859l 016f fg","","Стоматологические товары","piece","KZT","","","false","Публичная карточка AMDgroup; цена, остаток и compliance требуют подтверждения поставщиком."
"amdgroup-public","AMDgroup","https://amdgroup.kz/catalog/konusovidnye/bory_almaznye_859l_016m_fg/","bory_almaznye_859l_016m_fg","bory almaznye 859l 016m fg","","Стоматологические товары","piece","KZT","","","false","Публичная карточка AMDgroup; цена, остаток и compliance требуют подтверждения поставщиком."
"amdgroup-public","AMDgroup","https://amdgroup.kz/catalog/konusovidnye/bory_almaznye_859l_016sc_fg/","bory_almaznye_859l_016sc_fg","bory almaznye 859l 016sc fg","","Стоматологические товары","piece","KZT","","","false","Публичная карточка AMDgroup; цена, остаток и compliance требуют подтверждения поставщиком."
"amdgroup-public","AMDgroup","https://amdgroup.kz/catalog/konusovidnye/bory_almaznye_859l_016sf_fg/","bory_almaznye_859l_016sf_fg","bory almaznye 859l 016sf fg","","Стоматологические товары","piece","KZT","","","false","Публичная карточка AMDgroup; цена, остаток и compliance требуют подтверждения поставщиком."
"amdgroup-public","AMDgroup","https://amdgroup.kz/catalog/konusovidnye/bory_almaznye_859l_018c_fg/","bory_almaznye_859l_018c_fg","bory almaznye 859l 018c fg","","Стоматологические товары","piece","KZT","","","false","Публичная карточка AMDgroup; цена, остаток и compliance требуют подтверждения поставщиком."
"amdgroup-public","AMDgroup","https://amdgroup.kz/catalog/konusovidnye/bory_almaznye_859l_018sc_fg/","bory_almaznye_859l_018sc_fg","bory almaznye 859l 018sc fg","","Стоматологические товары","piece","KZT","","","false","Публичная карточка AMDgroup; цена, остаток и compliance требуют подтверждения поставщиком."
"amdgroup-public","AMDgroup","https://amdgroup.kz/catalog/konusovidnye/bory_almaznye_859l_018sf_fg/","bory_almaznye_859l_018sf_fg","bory almaznye 859l 018sf fg","","Стоматологические товары","piece","KZT","","","false","Публичная карточка AMDgroup; цена, остаток и compliance требуют подтверждения поставщиком."
"amdgroup-public","AMDgroup","https://amdgroup.kz/catalog/konusovidnye/bory_almaznye_869_014sc_fg/","bory_almaznye_869_014sc_fg","bory almaznye 869 014sc fg","","Стоматологические товары","piece","KZT","","","false","Публичная карточка AMDgroup; цена, остаток и compliance требуют подтверждения поставщиком."
"amdgroup-public","AMDgroup","https://amdgroup.kz/catalog/konusovidnye/bory_almaznye_869_016sc_fg/","bory_almaznye_869_016sc_fg","bory almaznye 869 016sc fg","","Стоматологические товары","piece","KZT","","","false","Публичная карточка AMDgroup; цена, остаток и compliance требуют подтверждения поставщиком."
"amdgroup-public","AMDgroup","https://amdgroup.kz/catalog/konusovidnye/bory_almaznye_998_016f_fg/","bory_almaznye_998_016f_fg","bory almaznye 998 016f fg","","Стоматологические товары","piece","KZT","","","false","Публичная карточка AMDgroup; цена, остаток и compliance требуют подтверждения поставщиком."
"amdgroup-public","AMDgroup","https://amdgroup.kz/catalog/konusovidnye/bory_almaznye_998_021f_fg/","bory_almaznye_998_021f_fg","bory almaznye 998 021f fg","","Стоматологические товары","piece","KZT","","","false","Публичная карточка AMDgroup; цена, остаток и compliance требуют подтверждения поставщиком."
"amdgroup-public","AMDgroup","https://amdgroup.kz/catalog/konusovidnye/bory_arkanzas_nas12g/","bory_arkanzas_nas12g","bory arkanzas nas12g","","Стоматологические товары","piece","KZT","","","false","Публичная карточка AMDgroup; цена, остаток и compliance требуют подтверждения поставщиком."
"amdgroup-public","AMDgroup","https://amdgroup.kz/catalog/konusovidnye/bory_stomatologicheskie_volframovye_karbidnye_diametr_009_v_upakovke_6sht_/","bory_stomatologicheskie_volframovye_karbidnye_diametr_009_v_upakovke_6sht_","bory stomatologicheskie volframovye karbidnye diametr 009 v upakovke 6sht","","Стоматологические товары","piece","KZT","","","false","Публичная карточка AMDgroup; цена, остаток и compliance требуют подтверждения поставщиком."
"amdgroup-public","AMDgroup","https://amdgroup.kz/catalog/konusovidnye/bory_stomatologicheskie_volframovye_karbidnye_diametr_009_v_upakovke_6sht__1/","bory_stomatologicheskie_volframovye_karbidnye_diametr_009_v_upakovke_6sht__1","bory stomatologicheskie volframovye karbidnye diametr 009 v upakovke 6sht 1","","Стоматологические товары","piece","KZT","","","false","Публичная карточка AMDgroup; цена, остаток и compliance требуют подтверждения поставщиком."
"amdgroup-public","AMDgroup","https://amdgroup.kz/catalog/konusovidnyebory/bory_almaznye_h336_016_fg/","bory_almaznye_h336_016_fg","bory almaznye h336 016 fg","","Стоматологические товары","piece","KZT","","","false","Публичная карточка AMDgroup; цена, остаток и compliance требуют подтверждения поставщиком."
"amdgroup-public","AMDgroup","https://amdgroup.kz/catalog/konusovidnyebory/bory_almaznye_h375r_014_fg/","bory_almaznye_h375r_014_fg","bory almaznye h375r 014 fg","","Стоматологические товары","piece","KZT","","","false","Публичная карточка AMDgroup; цена, остаток и compliance требуют подтверждения поставщиком."
"amdgroup-public","AMDgroup","https://amdgroup.kz/catalog/konusovidnyebory/bory_almaznye_h375r_016_fg/","bory_almaznye_h375r_016_fg","bory almaznye h375r 016 fg","","Стоматологические товары","piece","KZT","","","false","Публичная карточка AMDgroup; цена, остаток и compliance требуют подтверждения поставщиком."
"amdgroup-public","AMDgroup","https://amdgroup.kz/catalog/konusovidnyebory/bory_almaznye_h375r_018_fg/","bory_almaznye_h375r_018_fg","bory almaznye h375r 018 fg","","Стоматологические товары","piece","KZT","","","false","Публичная карточка AMDgroup; цена, остаток и compliance требуют подтверждения поставщиком."
"amdgroup-public","AMDgroup","https://amdgroup.kz/catalog/konusovidnyebory/bory_tverdosplavnye_h375r_012_fg/","bory_tverdosplavnye_h375r_012_fg","bory tverdosplavnye h375r 012 fg","","Стоматологические товары","piece","KZT","","","false","Публичная карточка AMDgroup; цена, остаток и compliance требуют подтверждения поставщиком."
"amdgroup-public","AMDgroup","https://amdgroup.kz/catalog/kyurety/kyureta_201_202xsi/","kyureta_201_202xsi","kyureta 201 202xsi","","Стоматологические товары","piece","KZT","","","false","Публичная карточка AMDgroup; цена, остаток и compliance требуют подтверждения поставщиком."
"amdgroup-public","AMDgroup","https://amdgroup.kz/catalog/kyurety/kyureta_205_206xsi/","kyureta_205_206xsi","kyureta 205 206xsi","","Стоматологические товары","piece","KZT","","","false","Публичная карточка AMDgroup; цена, остаток и compliance требуют подтверждения поставщиком."
"amdgroup-public","AMDgroup","https://amdgroup.kz/catalog/kyurety/kyureta_209_210xsi/","kyureta_209_210xsi","kyureta 209 210xsi","","Стоматологические товары","piece","KZT","","","false","Публичная карточка AMDgroup; цена, остаток и compliance требуют подтверждения поставщиком."
"amdgroup-public","AMDgroup","https://amdgroup.kz/catalog/kyurety/kyureta_219_220xsi/","kyureta_219_220xsi","kyureta 219 220xsi","","Стоматологические товары","piece","KZT","","","false","Публичная карточка AMDgroup; цена, остаток и compliance требуют подтверждения поставщиком."
"amdgroup-public","AMDgroup","https://amdgroup.kz/catalog/kyurety/kyureta_227_228xsi/","kyureta_227_228xsi","kyureta 227 228xsi","","Стоматологические товары","piece","KZT","","","false","Публичная карточка AMDgroup; цена, остаток и compliance требуют подтверждения поставщиком."
"amdgroup-public","AMDgroup","https://amdgroup.kz/catalog/kyurety/kyureta_235_236xsi/","kyureta_235_236xsi","kyureta 235 236xsi","","Стоматологические товары","piece","KZT","","","false","Публичная карточка AMDgroup; цена, остаток и compliance требуют подтверждения поставщиком."
"amdgroup-public","AMDgroup","https://amdgroup.kz/catalog/kyurety/kyureta_247_248_xsi/","kyureta_247_248_xsi","kyureta 247 248 xsi","","Стоматологические товары","piece","KZT","","","false","Публичная карточка AMDgroup; цена, остаток и compliance требуют подтверждения поставщиком."
"amdgroup-public","AMDgroup","https://amdgroup.kz/catalog/kyurety/kyureta_247_248msdes/","kyureta_247_248msdes","kyureta 247 248msdes","","Стоматологические товары","piece","KZT","","","false","Публичная карточка AMDgroup; цена, остаток и compliance требуют подтверждения поставщиком."
"amdgroup-public","AMDgroup","https://amdgroup.kz/catalog/kyurety/kyureta_266_267xsi/","kyureta_266_267xsi","kyureta 266 267xsi","","Стоматологические товары","piece","KZT","","","false","Публичная карточка AMDgroup; цена, остаток и compliance требуют подтверждения поставщиком."
"amdgroup-public","AMDgroup","https://amdgroup.kz/catalog/kyurety/kyureta_279_280xsi/","kyureta_279_280xsi","kyureta 279 280xsi","","Стоматологические товары","piece","KZT","","","false","Публичная карточка AMDgroup; цена, остаток и compliance требуют подтверждения поставщиком."
"amdgroup-public","AMDgroup","https://amdgroup.kz/catalog/kyurety/kyureta_283_284xsi/","kyureta_283_284xsi","kyureta 283 284xsi","","Стоматологические товары","piece","KZT","","","false","Публичная карточка AMDgroup; цена, остаток и compliance требуют подтверждения поставщиком."
"amdgroup-public","AMDgroup","https://amdgroup.kz/catalog/kyurety/kyureta_731_732xsi/","kyureta_731_732xsi","kyureta 731 732xsi","","Стоматологические товары","piece","KZT","","","false","Публичная карточка AMDgroup; цена, остаток и compliance требуют подтверждения поставщиком."
"amdgroup-public","AMDgroup","https://amdgroup.kz/catalog/kyurety/kyureta_paro_3sht/","kyureta_paro_3sht","kyureta paro 3sht","","Стоматологические товары","piece","KZT","","","false","Публичная карточка AMDgroup; цена, остаток и compliance требуют подтверждения поставщиком."
"amdgroup-public","AMDgroup","https://amdgroup.kz/catalog/kyurety/kyureta_parodontologicheskaya/","kyureta_parodontologicheskaya","kyureta parodontologicheskaya","","Стоматологические товары","piece","KZT","","","false","Публичная карточка AMDgroup; цена, остаток и compliance требуют подтверждения поставщиком."
"amdgroup-public","AMDgroup","https://amdgroup.kz/catalog/kyurety/kyureta_parodontologicheskaya_1/","kyureta_parodontologicheskaya_1","kyureta parodontologicheskaya 1","","Стоматологические товары","piece","KZT","","","false","Публичная карточка AMDgroup; цена, остаток и compliance требуют подтверждения поставщиком."
"amdgroup-public","AMDgroup","https://amdgroup.kz/catalog/kyurety/kyureta_parodontologicheskaya_15_16_225_226xsi/","kyureta_parodontologicheskaya_15_16_225_226xsi","kyureta parodontologicheskaya 15 16 225 226xsi","","Стоматологические товары","piece","KZT","","","false","Публичная карточка AMDgroup; цена, остаток и compliance требуют подтверждения поставщиком."
"amdgroup-public","AMDgroup","https://amdgroup.kz/catalog/kyurety/kyureta_parodontologicheskaya_2/","kyureta_parodontologicheskaya_2","kyureta parodontologicheskaya 2","","Стоматологические товары","piece","KZT","","","false","Публичная карточка AMDgroup; цена, остаток и compliance требуют подтверждения поставщиком."
"amdgroup-public","AMDgroup","https://amdgroup.kz/catalog/kyurety/kyureta_parodontologicheskaya_203_204xsi/","kyureta_parodontologicheskaya_203_204xsi","kyureta parodontologicheskaya 203 204xsi","","Стоматологические товары","piece","KZT","","","false","Публичная карточка AMDgroup; цена, остаток и compliance требуют подтверждения поставщиком."
"amdgroup-public","AMDgroup","https://amdgroup.kz/catalog/kyurety/kyureta_parodontologicheskaya_207_208msdes/","kyureta_parodontologicheskaya_207_208msdes","kyureta parodontologicheskaya 207 208msdes","","Стоматологические товары","piece","KZT","","","false","Публичная карточка AMDgroup; цена, остаток и compliance требуют подтверждения поставщиком."
"amdgroup-public","AMDgroup","https://amdgroup.kz/catalog/kyurety/kyureta_parodontologicheskaya_211_212mxsi/","kyureta_parodontologicheskaya_211_212mxsi","kyureta parodontologicheskaya 211 212mxsi","","Стоматологические товары","piece","KZT","","","false","Публичная карточка AMDgroup; цена, остаток и compliance требуют подтверждения поставщиком."
"amdgroup-public","AMDgroup","https://amdgroup.kz/catalog/kyurety/kyureta_parodontologicheskaya_212_213mxsi/","kyureta_parodontologicheskaya_212_213mxsi","kyureta parodontologicheskaya 212 213mxsi","","Стоматологические товары","piece","KZT","","","false","Публичная карточка AMDgroup; цена, остаток и compliance требуют подтверждения поставщиком."
"amdgroup-public","AMDgroup","https://amdgroup.kz/catalog/kyurety/kyureta_parodontologicheskaya_212_213xsi/","kyureta_parodontologicheskaya_212_213xsi","kyureta parodontologicheskaya 212 213xsi","","Стоматологические товары","piece","KZT","","","false","Публичная карточка AMDgroup; цена, остаток и compliance требуют подтверждения поставщиком."
"amdgroup-public","AMDgroup","https://amdgroup.kz/catalog/kyurety/kyureta_parodontologicheskaya_213_214xsi/","kyureta_parodontologicheskaya_213_214xsi","kyureta parodontologicheskaya 213 214xsi","","Стоматологические товары","piece","KZT","","","false","Публичная карточка AMDgroup; цена, остаток и compliance требуют подтверждения поставщиком."
"amdgroup-public","AMDgroup","https://amdgroup.kz/catalog/kyurety/kyureta_parodontologicheskaya_215_216xsi/","kyureta_parodontologicheskaya_215_216xsi","kyureta parodontologicheskaya 215 216xsi","","Стоматологические товары","piece","KZT","","","false","Публичная карточка AMDgroup; цена, остаток и compliance требуют подтверждения поставщиком."
"amdgroup-public","AMDgroup","https://amdgroup.kz/catalog/kyurety/kyureta_parodontologicheskaya_217_218xsi/","kyureta_parodontologicheskaya_217_218xsi","kyureta parodontologicheskaya 217 218xsi","","Стоматологические товары","piece","KZT","","","false","Публичная карточка AMDgroup; цена, остаток и compliance требуют подтверждения поставщиком."
"amdgroup-public","AMDgroup","https://amdgroup.kz/catalog/kyurety/kyureta_parodontologicheskaya_222_223mxsi/","kyureta_parodontologicheskaya_222_223mxsi","kyureta parodontologicheskaya 222 223mxsi","","Стоматологические товары","piece","KZT","","","false","Публичная карточка AMDgroup; цена, остаток и compliance требуют подтверждения поставщиком."
"amdgroup-public","AMDgroup","https://amdgroup.kz/catalog/kyurety/kyureta_parodontologicheskaya_222_223xsi/","kyureta_parodontologicheskaya_222_223xsi","kyureta parodontologicheskaya 222 223xsi","","Стоматологические товары","piece","KZT","","","false","Публичная карточка AMDgroup; цена, остаток и compliance требуют подтверждения поставщиком."
"amdgroup-public","AMDgroup","https://amdgroup.kz/catalog/kyurety/kyureta_parodontologicheskaya_225_226es/","kyureta_parodontologicheskaya_225_226es","kyureta parodontologicheskaya 225 226es","","Стоматологические товары","piece","KZT","","","false","Публичная карточка AMDgroup; цена, остаток и compliance требуют подтверждения поставщиком."
"amdgroup-public","AMDgroup","https://amdgroup.kz/catalog/kyurety/kyureta_parodontologicheskaya_233_234xsi/","kyureta_parodontologicheskaya_233_234xsi","kyureta parodontologicheskaya 233 234xsi","","Стоматологические товары","piece","KZT","","","false","Публичная карточка AMDgroup; цена, остаток и compliance требуют подтверждения поставщиком."
"amdgroup-public","AMDgroup","https://amdgroup.kz/catalog/kyurety/kyureta_parodontologicheskaya_245_246mxsi/","kyureta_parodontologicheskaya_245_246mxsi","kyureta parodontologicheskaya 245 246mxsi","","Стоматологические товары","piece","KZT","","","false","Публичная карточка AMDgroup; цена, остаток и compliance требуют подтверждения поставщиком."
"amdgroup-public","AMDgroup","https://amdgroup.kz/catalog/kyurety/kyureta_parodontologicheskaya_247_248mxsi/","kyureta_parodontologicheskaya_247_248mxsi","kyureta parodontologicheskaya 247 248mxsi","","Стоматологические товары","piece","KZT","","","false","Публичная карточка AMDgroup; цена, остаток и compliance требуют подтверждения поставщиком."
"amdgroup-public","AMDgroup","https://amdgroup.kz/catalog/kyurety/kyureta_parodontologicheskaya_259_260xsi/","kyureta_parodontologicheskaya_259_260xsi","kyureta parodontologicheskaya 259 260xsi","","Стоматологические товары","piece","KZT","","","false","Публичная карточка AMDgroup; цена, остаток и compliance требуют подтверждения поставщиком."
"amdgroup-public","AMDgroup","https://amdgroup.kz/catalog/kyurety/kyureta_parodontologicheskaya_281_282mxsi/","kyureta_parodontologicheskaya_281_282mxsi","kyureta parodontologicheskaya 281 282mxsi","","Стоматологические товары","piece","KZT","","","false","Публичная карточка AMDgroup; цена, остаток и compliance требуют подтверждения поставщиком."
"amdgroup-public","AMDgroup","https://amdgroup.kz/catalog/kyurety/kyureta_parodontologicheskaya_283_284mes/","kyureta_parodontologicheskaya_283_284mes","kyureta parodontologicheskaya 283 284mes","","Стоматологические товары","piece","KZT","","","false","Публичная карточка AMDgroup; цена, остаток и compliance требуют подтверждения поставщиком."
"amdgroup-public","AMDgroup","https://amdgroup.kz/catalog/kyurety/kyureta_parodontologicheskaya_285_286xsi/","kyureta_parodontologicheskaya_285_286xsi","kyureta parodontologicheskaya 285 286xsi","","Стоматологические товары","piece","KZT","","","false","Публичная карточка AMDgroup; цена, остаток и compliance требуют подтверждения поставщиком."
"amdgroup-public","AMDgroup","https://amdgroup.kz/catalog/kyurety/kyureta_parodontologicheskaya_3/","kyureta_parodontologicheskaya_3","kyureta parodontologicheskaya 3","","Стоматологические товары","piece","KZT","","","false","Публичная карточка AMDgroup; цена, остаток и compliance требуют подтверждения поставщиком."
"amdgroup-public","AMDgroup","https://amdgroup.kz/catalog/kyurety/kyureta_parodontologicheskaya_grace_t_16_17_mini_mes_dis/","kyureta_parodontologicheskaya_grace_t_16_17_mini_mes_dis","kyureta parodontologicheskaya grace t 16 17 mini mes dis","","Стоматологические товары","piece","KZT","","","false","Публичная карточка AMDgroup; цена, остаток и compliance требуют подтверждения поставщиком."
"amdgroup-public","AMDgroup","https://amdgroup.kz/catalog/kyurety/kyureta_parodontologicheskaya_gracey_11_12_mini_sd_/","kyureta_parodontologicheskaya_gracey_11_12_mini_sd_","kyureta parodontologicheskaya gracey 11 12 mini sd","","Стоматологические товары","piece","KZT","","","false","Публичная карточка AMDgroup; цена, остаток и compliance требуют подтверждения поставщиком."
"amdgroup-public","AMDgroup","https://amdgroup.kz/catalog/kyurety/kyureta_parodontologicheskaya_gracey_15_16/","kyureta_parodontologicheskaya_gracey_15_16","kyureta parodontologicheskaya gracey 15 16","","Стоматологические товары","piece","KZT","","","false","Публичная карточка AMDgroup; цена, остаток и compliance требуют подтверждения поставщиком."
"amdgroup-public","AMDgroup","https://amdgroup.kz/catalog/kyurety/kyureta_parodontologicheskaya_mini_sickle_sd_311_312sdes_/","kyureta_parodontologicheskaya_mini_sickle_sd_311_312sdes_","kyureta parodontologicheskaya mini sickle sd 311 312sdes","","Стоматологические товары","piece","KZT","","","false","Публичная карточка AMDgroup; цена, остаток и compliance требуют подтверждения поставщиком."
"amdgroup-public","AMDgroup","https://amdgroup.kz/catalog/kyurety/kyureta_recall_cfk_3sht/","kyureta_recall_cfk_3sht","kyureta recall cfk 3sht","","Стоматологические товары","piece","KZT","","","false","Публичная карточка AMDgroup; цена, остаток и compliance требуют подтверждения поставщиком."
"amdgroup-public","AMDgroup","https://amdgroup.kz/catalog/kyurety/kyuretki_207_208xsi/","kyuretki_207_208xsi","kyuretki 207 208xsi","","Стоматологические товары","piece","KZT","","","false","Публичная карточка AMDgroup; цена, остаток и compliance требуют подтверждения поставщиком."
"amdgroup-public","AMDgroup","https://amdgroup.kz/catalog/kyurety/kyuretki_kostnye_211_212_xsi/","kyuretki_kostnye_211_212_xsi","kyuretki kostnye 211 212 xsi","","Стоматологические товары","piece","KZT","","","false","Публичная карточка AMDgroup; цена, остаток и compliance требуют подтверждения поставщиком."
"amdgroup-public","AMDgroup","https://amdgroup.kz/catalog/lechebnye_materialy_dlya_kanalov/pasta_gidrookis_kaltsiya_vysokodispersnaya_15g/","pasta_gidrookis_kaltsiya_vysokodispersnaya_15g","pasta gidrookis kaltsiya vysokodispersnaya 15g","","Стоматологические товары","piece","KZT","","","false","Публичная карточка AMDgroup; цена, остаток и compliance требуют подтверждения поставщиком."
"amdgroup-public","AMDgroup","https://amdgroup.kz/catalog/lechebnye_materialy_dlya_kanalov/pasta_gidrookis_medi_kaltsiya_kupral_15_g/","pasta_gidrookis_medi_kaltsiya_kupral_15_g","pasta gidrookis medi kaltsiya kupral 15 g","","Стоматологические товары","piece","KZT","","","false","Публичная карточка AMDgroup; цена, остаток и compliance требуют подтверждения поставщиком."
"amdgroup-public","AMDgroup","https://amdgroup.kz/catalog/lechenie_i_profilaktika/dentin_germetiziruyushchiy_likvid_2kh20ml/","dentin_germetiziruyushchiy_likvid_2kh20ml","dentin germetiziruyushchiy likvid 2kh20ml","","Стоматологические товары","piece","KZT","","","false","Публичная карточка AMDgroup; цена, остаток и compliance требуют подтверждения поставщиком."
"amdgroup-public","AMDgroup","https://amdgroup.kz/catalog/lechenie_i_profilaktika/dentin_germetiziruyushchiy_likvid_2kh5ml/","dentin_germetiziruyushchiy_likvid_2kh5ml","dentin germetiziruyushchiy likvid 2kh5ml","","Стоматологические товары","piece","KZT","","","false","Публичная карточка AMDgroup; цена, остаток и compliance требуют подтверждения поставщиком."
"amdgroup-public","AMDgroup","https://amdgroup.kz/catalog/lechenie_i_profilaktika/emal_glubokiy_ftorid_2_20ml_/","emal_glubokiy_ftorid_2_20ml_","emal glubokiy ftorid 2 20ml","","Стоматологические товары","piece","KZT","","","false","Публичная карточка AMDgroup; цена, остаток и compliance требуют подтверждения поставщиком."
"amdgroup-public","AMDgroup","https://amdgroup.kz/catalog/lechenie_i_profilaktika/emal_glubokiy_ftorid_2_5ml_/","emal_glubokiy_ftorid_2_5ml_","emal glubokiy ftorid 2 5ml","","Стоматологические товары","piece","KZT","","","false","Публичная карточка AMDgroup; цена, остаток и compliance требуют подтверждения поставщиком."
"amdgroup-public","AMDgroup","https://amdgroup.kz/catalog/lechenie_i_profilaktika/fissurit_fx_2_2_5g_shpritsy_/","fissurit_fx_2_2_5g_shpritsy_","fissurit fx 2 2 5g shpritsy","","Стоматологические товары","piece","KZT","","","false","Публичная карточка AMDgroup; цена, остаток и compliance требуют подтверждения поставщиком."
"amdgroup-public","AMDgroup","https://amdgroup.kz/catalog/linzovidnye/bory_almaznye_825_025m_fg/","bory_almaznye_825_025m_fg","bory almaznye 825 025m fg","","Стоматологические товары","piece","KZT","","","false","Публичная карточка AMDgroup; цена, остаток и compliance требуют подтверждения поставщиком."
"amdgroup-public","AMDgroup","https://amdgroup.kz/catalog/lm_trainer/lm_trainer_2_medium/","lm_trainer_2_medium","lm trainer 2 medium","","Стоматологические товары","piece","KZT","","","false","Публичная карточка AMDgroup; цена, остаток и compliance требуют подтверждения поставщиком."
"amdgroup-public","AMDgroup","https://amdgroup.kz/catalog/lm_trainer/lm_trainer_medium/","lm_trainer_medium","lm trainer medium","","Стоматологические товары","piece","KZT","","","false","Публичная карточка AMDgroup; цена, остаток и compliance требуют подтверждения поставщиком."
"amdgroup-public","AMDgroup","https://amdgroup.kz/catalog/lm_trainer/lm_trainer_small/","lm_trainer_small","lm trainer small","","Стоматологические товары","piece","KZT","","","false","Публичная карточка AMDgroup; цена, остаток и compliance требуют подтверждения поставщиком."
"amdgroup-public","AMDgroup","https://amdgroup.kz/catalog/lm_trainer/lm_treyner_dlya_breketov_lm_trainerbraces/","lm_treyner_dlya_breketov_lm_trainerbraces","lm treyner dlya breketov lm trainerbraces","","Стоматологические товары","piece","KZT","","","false","Публичная карточка AMDgroup; цена, остаток и compliance требуют подтверждения поставщиком."
"amdgroup-public","AMDgroup","https://amdgroup.kz/catalog/low/lm_aktivator_20_low_korotkiy/","lm_aktivator_20_low_korotkiy","lm aktivator 20 low korotkiy","","Стоматологические товары","piece","KZT","","","false","Публичная карточка AMDgroup; цена, остаток и compliance требуют подтверждения поставщиком."
"amdgroup-public","AMDgroup","https://amdgroup.kz/catalog/low/lm_aktivator_25_low_korotkiy/","lm_aktivator_25_low_korotkiy","lm aktivator 25 low korotkiy","","Стоматологические товары","piece","KZT","","","false","Публичная карточка AMDgroup; цена, остаток и compliance требуют подтверждения поставщиком."
"amdgroup-public","AMDgroup","https://amdgroup.kz/catalog/low/lm_aktivator_30_low_korotkiy/","lm_aktivator_30_low_korotkiy","lm aktivator 30 low korotkiy","","Стоматологические товары","piece","KZT","","","false","Публичная карточка AMDgroup; цена, остаток и compliance требуют подтверждения поставщиком."
"amdgroup-public","AMDgroup","https://amdgroup.kz/catalog/low/lm_aktivator_35_low_korotkiy/","lm_aktivator_35_low_korotkiy","lm aktivator 35 low korotkiy","","Стоматологические товары","piece","KZT","","","false","Публичная карточка AMDgroup; цена, остаток и compliance требуют подтверждения поставщиком."
"amdgroup-public","AMDgroup","https://amdgroup.kz/catalog/low/lm_aktivator_40_low_korotkiy/","lm_aktivator_40_low_korotkiy","lm aktivator 40 low korotkiy","","Стоматологические товары","piece","KZT","","","false","Публичная карточка AMDgroup; цена, остаток и compliance требуют подтверждения поставщиком."
"amdgroup-public","AMDgroup","https://amdgroup.kz/catalog/low/lm_aktivator_45_low_dlya_ortodonticheskoy_i_miofunk_y_korrektsii_s_pri_i/","lm_aktivator_45_low_dlya_ortodonticheskoy_i_miofunk_y_korrektsii_s_pri_i","lm aktivator 45 low dlya ortodonticheskoy i miofunk y korrektsii s pri i","","Стоматологические товары","piece","KZT","","","false","Публичная карточка AMDgroup; цена, остаток и compliance требуют подтверждения поставщиком."
"amdgroup-public","AMDgroup","https://amdgroup.kz/catalog/low/lm_aktivator_45_low_short_dlya_ortodonticheskoy_i_miofunk_y_korrektsii_s_pri_i/","lm_aktivator_45_low_short_dlya_ortodonticheskoy_i_miofunk_y_korrektsii_s_pri_i","lm aktivator 45 low short dlya ortodonticheskoy i miofunk y korrektsii s pri i","","Стоматологические товары","piece","KZT","","","false","Публичная карточка AMDgroup; цена, остаток и compliance требуют подтверждения поставщиком."
"amdgroup-public","AMDgroup","https://amdgroup.kz/catalog/low/lm_aktivator_50_low_dlya_ortodonticheskoy_i_miofunk_y_korrektsii_s_pri_i/","lm_aktivator_50_low_dlya_ortodonticheskoy_i_miofunk_y_korrektsii_s_pri_i","lm aktivator 50 low dlya ortodonticheskoy i miofunk y korrektsii s pri i","","Стоматологические товары","piece","KZT","","","false","Публичная карточка AMDgroup; цена, остаток и compliance требуют подтверждения поставщиком."
"amdgroup-public","AMDgroup","https://amdgroup.kz/catalog/low/lm_aktivator_50_low_short_dlya_ortodonticheskoy_i_miofunk_y_korrektsii_s_pri_i/","lm_aktivator_50_low_short_dlya_ortodonticheskoy_i_miofunk_y_korrektsii_s_pri_i","lm aktivator 50 low short dlya ortodonticheskoy i miofunk y korrektsii s pri i","","Стоматологические товары","piece","KZT","","","false","Публичная карточка AMDgroup; цена, остаток и compliance требуют подтверждения поставщиком."
"amdgroup-public","AMDgroup","https://amdgroup.kz/catalog/low/lm_aktivator_55_low_short/","lm_aktivator_55_low_short","lm aktivator 55 low short","","Стоматологические товары","piece","KZT","","","false","Публичная карточка AMDgroup; цена, остаток и compliance требуют подтверждения поставщиком."
"amdgroup-public","AMDgroup","https://amdgroup.kz/catalog/low/lm_aktivator_60_low_short/","lm_aktivator_60_low_short","lm aktivator 60 low short","","Стоматологические товары","piece","KZT","","","false","Публичная карточка AMDgroup; цена, остаток и compliance требуют подтверждения поставщиком."
"amdgroup-public","AMDgroup","https://amdgroup.kz/catalog/low/lm_aktivator_65_low_short/","lm_aktivator_65_low_short","lm aktivator 65 low short","","Стоматологические товары","piece","KZT","","","false","Публичная карточка AMDgroup; цена, остаток и compliance требуют подтверждения поставщиком."
"amdgroup-public","AMDgroup","https://amdgroup.kz/catalog/low/lm_aktivator_70_low_short/","lm_aktivator_70_low_short","lm aktivator 70 low short","","Стоматологические товары","piece","KZT","","","false","Публичная карточка AMDgroup; цена, остаток и compliance требуют подтверждения поставщиком."
"amdgroup-public","AMDgroup","https://amdgroup.kz/catalog/low_/lm_aktivator2_nizkiy_dlinnyy_uzkiy_35/","lm_aktivator2_nizkiy_dlinnyy_uzkiy_35","lm aktivator2 nizkiy dlinnyy uzkiy 35","","Стоматологические товары","piece","KZT","","","false","Публичная карточка AMDgroup; цена, остаток и compliance требуют подтверждения поставщиком."
"amdgroup-public","AMDgroup","https://amdgroup.kz/catalog/low_/lm_aktivator2_nizkiy_dlinnyy_uzkiy_40/","lm_aktivator2_nizkiy_dlinnyy_uzkiy_40","lm aktivator2 nizkiy dlinnyy uzkiy 40","","Стоматологические товары","piece","KZT","","","false","Публичная карточка AMDgroup; цена, остаток и compliance требуют подтверждения поставщиком."
"amdgroup-public","AMDgroup","https://amdgroup.kz/catalog/low_/lm_aktivator2_nizkiy_dlinnyy_uzkiy_55/","lm_aktivator2_nizkiy_dlinnyy_uzkiy_55","lm aktivator2 nizkiy dlinnyy uzkiy 55","","Стоматологические товары","piece","KZT","","","false","Публичная карточка AMDgroup; цена, остаток и compliance требуют подтверждения поставщиком."
"amdgroup-public","AMDgroup","https://amdgroup.kz/catalog/low_/lm_aktivator2_nizkiy_dlinnyy_uzkiy_60/","lm_aktivator2_nizkiy_dlinnyy_uzkiy_60","lm aktivator2 nizkiy dlinnyy uzkiy 60","","Стоматологические товары","piece","KZT","","","false","Публичная карточка AMDgroup; цена, остаток и compliance требуют подтверждения поставщиком."
"amdgroup-public","AMDgroup","https://amdgroup.kz/catalog/low_/lm_aktivator2_nizkiy_dlinnyy_uzkiy_65/","lm_aktivator2_nizkiy_dlinnyy_uzkiy_65","lm aktivator2 nizkiy dlinnyy uzkiy 65","","Стоматологические товары","piece","KZT","","","false","Публичная карточка AMDgroup; цена, остаток и compliance требуют подтверждения поставщиком."
"amdgroup-public","AMDgroup","https://amdgroup.kz/catalog/low_/lm_aktivator2_nizkiy_dlinnyy_uzkiy_70/","lm_aktivator2_nizkiy_dlinnyy_uzkiy_70","lm aktivator2 nizkiy dlinnyy uzkiy 70","","Стоматологические товары","piece","KZT","","","false","Публичная карточка AMDgroup; цена, остаток и compliance требуют подтверждения поставщиком."
"amdgroup-public","AMDgroup","https://amdgroup.kz/catalog/low_/lm_aktivator2_nizkiy_korotkiy_uzkiy_usilennyy_35_94235lsnr/","lm_aktivator2_nizkiy_korotkiy_uzkiy_usilennyy_35_94235lsnr","lm aktivator2 nizkiy korotkiy uzkiy usilennyy 35 94235lsnr","","Стоматологические товары","piece","KZT","","","false","Публичная карточка AMDgroup; цена, остаток и compliance требуют подтверждения поставщиком."
"amdgroup-public","AMDgroup","https://amdgroup.kz/catalog/low_/lm_aktivator2_nizkiy_korotkiy_uzkiy_usilennyy_40_94240lsnr/","lm_aktivator2_nizkiy_korotkiy_uzkiy_usilennyy_40_94240lsnr","lm aktivator2 nizkiy korotkiy uzkiy usilennyy 40 94240lsnr","","Стоматологические товары","piece","KZT","","","false","Публичная карточка AMDgroup; цена, остаток и compliance требуют подтверждения поставщиком."
"amdgroup-public","AMDgroup","https://amdgroup.kz/catalog/low_/lm_aktivator2_nizkiy_korotkiy_uzkiy_usilennyy_45/","lm_aktivator2_nizkiy_korotkiy_uzkiy_usilennyy_45","lm aktivator2 nizkiy korotkiy uzkiy usilennyy 45","","Стоматологические товары","piece","KZT","","","false","Публичная карточка AMDgroup; цена, остаток и compliance требуют подтверждения поставщиком."
"amdgroup-public","AMDgroup","https://amdgroup.kz/catalog/low_/lm_aktivator2_nizkiy_korotkiy_uzkiy_usilennyy_55/","lm_aktivator2_nizkiy_korotkiy_uzkiy_usilennyy_55","lm aktivator2 nizkiy korotkiy uzkiy usilennyy 55","","Стоматологические товары","piece","KZT","","","false","Публичная карточка AMDgroup; цена, остаток и compliance требуют подтверждения поставщиком."
"amdgroup-public","AMDgroup","https://amdgroup.kz/catalog/low_/lm_aktivator2_nizkiy_korotkiy_uzkiy_usilennyy_60/","lm_aktivator2_nizkiy_korotkiy_uzkiy_usilennyy_60","lm aktivator2 nizkiy korotkiy uzkiy usilennyy 60","","Стоматологические товары","piece","KZT","","","false","Публичная карточка AMDgroup; цена, остаток и compliance требуют подтверждения поставщиком."
"amdgroup-public","AMDgroup","https://amdgroup.kz/catalog/low_/lm_aktivator2_nizkiy_korotkiy_uzkiy_usilennyy_65/","lm_aktivator2_nizkiy_korotkiy_uzkiy_usilennyy_65","lm aktivator2 nizkiy korotkiy uzkiy usilennyy 65","","Стоматологические товары","piece","KZT","","","false","Публичная карточка AMDgroup; цена, остаток и compliance требуют подтверждения поставщиком."
"amdgroup-public","AMDgroup","https://amdgroup.kz/catalog/low_/lm_aktivator2_nizkiy_korotkiy_uzkiy_usilennyy_70/","lm_aktivator2_nizkiy_korotkiy_uzkiy_usilennyy_70","lm aktivator2 nizkiy korotkiy uzkiy usilennyy 70","","Стоматологические товары","piece","KZT","","","false","Публичная карточка AMDgroup; цена, остаток и compliance требуют подтверждения поставщиком."
"amdgroup-public","AMDgroup","https://amdgroup.kz/catalog/low_/lm_aktivator_2_low_long_45_narrow_dlya_ortodonticheskoy_i_miofunk_y_korrektsii_s_pri_i/","lm_aktivator_2_low_long_45_narrow_dlya_ortodonticheskoy_i_miofunk_y_korrektsii_s_pri_i","lm aktivator 2 low long 45 narrow dlya ortodonticheskoy i miofunk y korrektsii s pri i","","Стоматологические товары","piece","KZT","","","false","Публичная карточка AMDgroup; цена, остаток и compliance требуют подтверждения поставщиком."
"amdgroup-public","AMDgroup","https://amdgroup.kz/catalog/low_/lm_aktivator_2_low_long_50_narrow_dlya_ortodonticheskoy_i_miofunk_y_korrektsii_s_pri_i/","lm_aktivator_2_low_long_50_narrow_dlya_ortodonticheskoy_i_miofunk_y_korrektsii_s_pri_i","lm aktivator 2 low long 50 narrow dlya ortodonticheskoy i miofunk y korrektsii s pri i","","Стоматологические товары","piece","KZT","","","false","Публичная карточка AMDgroup; цена, остаток и compliance требуют подтверждения поставщиком."
"amdgroup-public","AMDgroup","https://amdgroup.kz/catalog/low_/lm_aktivator_2_low_long_60_narrow_/","lm_aktivator_2_low_long_60_narrow_","lm aktivator 2 low long 60 narrow","","Стоматологические товары","piece","KZT","","","false","Публичная карточка AMDgroup; цена, остаток и compliance требуют подтверждения поставщиком."
"amdgroup-public","AMDgroup","https://amdgroup.kz/catalog/low_/lm_aktivator_2_low_short_45_narrow_dlya_ortodonticheskoy_i_miofunk_y_korrektsii_s_pri_i/","lm_aktivator_2_low_short_45_narrow_dlya_ortodonticheskoy_i_miofunk_y_korrektsii_s_pri_i","lm aktivator 2 low short 45 narrow dlya ortodonticheskoy i miofunk y korrektsii s pri i","","Стоматологические товары","piece","KZT","","","false","Публичная карточка AMDgroup; цена, остаток и compliance требуют подтверждения поставщиком."
"amdgroup-public","AMDgroup","https://amdgroup.kz/catalog/low_/lm_aktivator_2_low_short_50/","lm_aktivator_2_low_short_50","lm aktivator 2 low short 50","","Стоматологические товары","piece","KZT","","","false","Публичная карточка AMDgroup; цена, остаток и compliance требуют подтверждения поставщиком."
"amdgroup-public","AMDgroup","https://amdgroup.kz/catalog/low_/lm_aktivator_2_low_short_50narrow_dlya_ortodonticheskoy_i_miofunk_y_korrektsii_s_pri_i/","lm_aktivator_2_low_short_50narrow_dlya_ortodonticheskoy_i_miofunk_y_korrektsii_s_pri_i","lm aktivator 2 low short 50narrow dlya ortodonticheskoy i miofunk y korrektsii s pri i","","Стоматологические товары","piece","KZT","","","false","Публичная карточка AMDgroup; цена, остаток и compliance требуют подтверждения поставщиком."
"amdgroup-public","AMDgroup","https://amdgroup.kz/catalog/low_/lm_aktivator_2_low_short_60_narrow/","lm_aktivator_2_low_short_60_narrow","lm aktivator 2 low short 60 narrow","","Стоматологические товары","piece","KZT","","","false","Публичная карточка AMDgroup; цена, остаток и compliance требуют подтверждения поставщиком."
"amdgroup-public","AMDgroup","https://amdgroup.kz/catalog/low_/lm_aktivator_2_low_short_65_narrow/","lm_aktivator_2_low_short_65_narrow","lm aktivator 2 low short 65 narrow","","Стоматологические товары","piece","KZT","","","false","Публичная карточка AMDgroup; цена, остаток и compliance требуют подтверждения поставщиком."
"amdgroup-public","AMDgroup","https://amdgroup.kz/catalog/low_/lm_aktivator_2_low_short_70_narrow/","lm_aktivator_2_low_short_70_narrow","lm aktivator 2 low short 70 narrow","","Стоматологические товары","piece","KZT","","","false","Публичная карточка AMDgroup; цена, остаток и compliance требуют подтверждения поставщиком."
"amdgroup-public","AMDgroup","https://amdgroup.kz/catalog/low_/lm_aktivator_2_nizkiy_korotkiy_35/","lm_aktivator_2_nizkiy_korotkiy_35","lm aktivator 2 nizkiy korotkiy 35","","Стоматологические товары","piece","KZT","","","false","Публичная карточка AMDgroup; цена, остаток и compliance требуют подтверждения поставщиком."
"amdgroup-public","AMDgroup","https://amdgroup.kz/catalog/low_/lm_aktivator_2_nizkiy_korotkiy_40/","lm_aktivator_2_nizkiy_korotkiy_40","lm aktivator 2 nizkiy korotkiy 40","","Стоматологические товары","piece","KZT","","","false","Публичная карточка AMDgroup; цена, остаток и compliance требуют подтверждения поставщиком."
"amdgroup-public","AMDgroup","https://amdgroup.kz/catalog/low_/lm_aktivator_2_nizkiy_korotkiy_55_/","lm_aktivator_2_nizkiy_korotkiy_55_","lm aktivator 2 nizkiy korotkiy 55","","Стоматологические товары","piece","KZT","","","false","Публичная карточка AMDgroup; цена, остаток и compliance требуют подтверждения поставщиком."
"amdgroup-public","AMDgroup","https://amdgroup.kz/catalog/low_/lm_aktivator_dlya_ortodonticheskoy_i_miofunktsionalnoy_korrektsii_s_prinadlezhnostyami_v_variantakh_/","lm_aktivator_dlya_ortodonticheskoy_i_miofunktsionalnoy_korrektsii_s_prinadlezhnostyami_v_variantakh_","lm aktivator dlya ortodonticheskoy i miofunktsionalnoy korrektsii s prinadlezhnostyami v variantakh","","Стоматологические товары","piece","KZT","","","false","Публичная карточка AMDgroup; цена, остаток и compliance требуют подтверждения поставщиком."
"amdgroup-public","AMDgroup","https://amdgroup.kz/catalog/low_/lm_aktivator_dlya_ortodonticheskoy_i_miofunktsionalnoy_korrektsii_s_prinadlezhnostyami_v_variantakh__1/","lm_aktivator_dlya_ortodonticheskoy_i_miofunktsionalnoy_korrektsii_s_prinadlezhnostyami_v_variantakh__1","lm aktivator dlya ortodonticheskoy i miofunktsionalnoy korrektsii s prinadlezhnostyami v variantakh 1","","Стоматологические товары","piece","KZT","","","false","Публичная карточка AMDgroup; цена, остаток и compliance требуют подтверждения поставщиком."
"amdgroup-public","AMDgroup","https://amdgroup.kz/catalog/low_/lm_aktivator_dlya_ortodonticheskoy_i_miofunktsionalnoy_korrektsii_s_prinadlezhnostyami_v_variantakh__2/","lm_aktivator_dlya_ortodonticheskoy_i_miofunktsionalnoy_korrektsii_s_prinadlezhnostyami_v_variantakh__2","lm aktivator dlya ortodonticheskoy i miofunktsionalnoy korrektsii s prinadlezhnostyami v variantakh 2","","Стоматологические товары","piece","KZT","","","false","Публичная карточка AMDgroup; цена, остаток и compliance требуют подтверждения поставщиком."
"amdgroup-public","AMDgroup","https://amdgroup.kz/catalog/low_/lm_aktivator_dlya_ortodonticheskoy_i_miofunktsionalnoy_korrektsii_s_prinadlezhnostyami_v_variantakh__3/","lm_aktivator_dlya_ortodonticheskoy_i_miofunktsionalnoy_korrektsii_s_prinadlezhnostyami_v_variantakh__3","lm aktivator dlya ortodonticheskoy i miofunktsionalnoy korrektsii s prinadlezhnostyami v variantakh 3","","Стоматологические товары","piece","KZT","","","false","Публичная карточка AMDgroup; цена, остаток и compliance требуют подтверждения поставщиком."
"amdgroup-public","AMDgroup","https://amdgroup.kz/catalog/low_/lm_aktivator_dlya_ortodonticheskoy_i_miofunktsionalnoy_korrektsii_s_prinadlezhnostyami_v_variantakh__4/","lm_aktivator_dlya_ortodonticheskoy_i_miofunktsionalnoy_korrektsii_s_prinadlezhnostyami_v_variantakh__4","lm aktivator dlya ortodonticheskoy i miofunktsionalnoy korrektsii s prinadlezhnostyami v variantakh 4","","Стоматологические товары","piece","KZT","","","false","Публичная карточка AMDgroup; цена, остаток и compliance требуют подтверждения поставщиком."
"amdgroup-public","AMDgroup","https://amdgroup.kz/catalog/low_/lm_aktivator_dlya_ortodonticheskoy_i_miofunktsionalnoy_korrektsii_s_prinadlezhnostyami_v_variantakh__5/","lm_aktivator_dlya_ortodonticheskoy_i_miofunktsionalnoy_korrektsii_s_prinadlezhnostyami_v_variantakh__5","lm aktivator dlya ortodonticheskoy i miofunktsionalnoy korrektsii s prinadlezhnostyami v variantakh 5","","Стоматологические товары","piece","KZT","","","false","Публичная карточка AMDgroup; цена, остаток и compliance требуют подтверждения поставщиком."
"amdgroup-public","AMDgroup","https://amdgroup.kz/catalog/low_/lm_aktivator_dlya_ortodonticheskoy_i_miofunktsionalnoy_korrektsii_s_prinadlezhnostyami_v_variantakh__6/","lm_aktivator_dlya_ortodonticheskoy_i_miofunktsionalnoy_korrektsii_s_prinadlezhnostyami_v_variantakh__6","lm aktivator dlya ortodonticheskoy i miofunktsionalnoy korrektsii s prinadlezhnostyami v variantakh 6","","Стоматологические товары","piece","KZT","","","false","Публичная карточка AMDgroup; цена, остаток и compliance требуют подтверждения поставщиком."
"amdgroup-public","AMDgroup","https://amdgroup.kz/catalog/lumex/limex_ac_mamelon_saffron_12_g_d_oblitsovki_keram_karkasnykh_materialov/","limex_ac_mamelon_saffron_12_g_d_oblitsovki_keram_karkasnykh_materialov","limex ac mamelon saffron 12 g d oblitsovki keram karkasnykh materialov","","Стоматологические товары","piece","KZT","","","false","Публичная карточка AMDgroup; цена, остаток и compliance требуют подтверждения поставщиком."
"amdgroup-public","AMDgroup","https://amdgroup.kz/catalog/lumex/limex_ac_pearl_shell_12_g_d_oblitsovki_keram_karkasnykh_materialov/","limex_ac_pearl_shell_12_g_d_oblitsovki_keram_karkasnykh_materialov","limex ac pearl shell 12 g d oblitsovki keram karkasnykh materialov","","Стоматологические товары","piece","KZT","","","false","Публичная карточка AMDgroup; цена, остаток и compliance требуют подтверждения поставщиком."
"amdgroup-public","AMDgroup","https://amdgroup.kz/catalog/lumex/limex_ac_translucent_12_g_d_oblitsovki_keram_karkasnykh_materialov/","limex_ac_translucent_12_g_d_oblitsovki_keram_karkasnykh_materialov","limex ac translucent 12 g d oblitsovki keram karkasnykh materialov","","Стоматологические товары","piece","KZT","","","false","Публичная карточка AMDgroup; цена, остаток и compliance требуют подтверждения поставщиком."
"amdgroup-public","AMDgroup","https://amdgroup.kz/catalog/lumex/lumex_ac_corrective_neutral_12_g_massa_d_bezmetal_keramiki/","lumex_ac_corrective_neutral_12_g_massa_d_bezmetal_keramiki","lumex ac corrective neutral 12 g massa d bezmetal keramiki","","Стоматологические товары","piece","KZT","","","false","Публичная карточка AMDgroup; цена, остаток и compliance требуют подтверждения поставщиком."
"amdgroup-public","AMDgroup","https://amdgroup.kz/catalog/lumex/lumex_ac_dentine_0m1_12_g_massa_d_bezmetal_keramiki/","lumex_ac_dentine_0m1_12_g_massa_d_bezmetal_keramiki","lumex ac dentine 0m1 12 g massa d bezmetal keramiki","","Стоматологические товары","piece","KZT","","","false","Публичная карточка AMDgroup; цена, остаток и compliance требуют подтверждения поставщиком."
"amdgroup-public","AMDgroup","https://amdgroup.kz/catalog/lumex/lumex_ac_dentine_0m2_12_g_massa_d_bezmetal_keramiki/","lumex_ac_dentine_0m2_12_g_massa_d_bezmetal_keramiki","lumex ac dentine 0m2 12 g massa d bezmetal keramiki","","Стоматологические товары","piece","KZT","","","false","Публичная карточка AMDgroup; цена, остаток и compliance требуют подтверждения поставщиком."
"amdgroup-public","AMDgroup","https://amdgroup.kz/catalog/lumex/lumex_ac_dentine_0m3_12_g_massa_d_bezmetal_keramiki/","lumex_ac_dentine_0m3_12_g_massa_d_bezmetal_keramiki","lumex ac dentine 0m3 12 g massa d bezmetal keramiki","","Стоматологические товары","piece","KZT","","","false","Публичная карточка AMDgroup; цена, остаток и compliance требуют подтверждения поставщиком."
"amdgroup-public","AMDgroup","https://amdgroup.kz/catalog/lumex/lumex_ac_dentine_2m2_12_g_massa_d_bezmetal_keramiki/","lumex_ac_dentine_2m2_12_g_massa_d_bezmetal_keramiki","lumex ac dentine 2m2 12 g massa d bezmetal keramiki","","Стоматологические товары","piece","KZT","","","false","Публичная карточка AMDgroup; цена, остаток и compliance требуют подтверждения поставщиком."
"amdgroup-public","AMDgroup","https://amdgroup.kz/catalog/lumex/lumex_ac_dentine_2m2_50_g_massa_d_bezmetal_keramiki/","lumex_ac_dentine_2m2_50_g_massa_d_bezmetal_keramiki","lumex ac dentine 2m2 50 g massa d bezmetal keramiki","","Стоматологические товары","piece","KZT","","","false","Публичная карточка AMDgroup; цена, остаток и compliance требуют подтверждения поставщиком."
"amdgroup-public","AMDgroup","https://amdgroup.kz/catalog/lumex/lumex_ac_dentine_a2_12_g_massa_d_bezmetal_keramiki/","lumex_ac_dentine_a2_12_g_massa_d_bezmetal_keramiki","lumex ac dentine a2 12 g massa d bezmetal keramiki","","Стоматологические товары","piece","KZT","","","false","Публичная карточка AMDgroup; цена, остаток и compliance требуют подтверждения поставщиком."
"amdgroup-public","AMDgroup","https://amdgroup.kz/catalog/lumex/lumex_ac_dentine_a3_5_12_g_massa_d_bezmetal_keramiki/","lumex_ac_dentine_a3_5_12_g_massa_d_bezmetal_keramiki","lumex ac dentine a3 5 12 g massa d bezmetal keramiki","","Стоматологические товары","piece","KZT","","","false","Публичная карточка AMDgroup; цена, остаток и compliance требуют подтверждения поставщиком."
"amdgroup-public","AMDgroup","https://amdgroup.kz/catalog/lumex/lumex_ac_dentine_b1_12_g_massa_d_bezmetal_keramiki/","lumex_ac_dentine_b1_12_g_massa_d_bezmetal_keramiki","lumex ac dentine b1 12 g massa d bezmetal keramiki","","Стоматологические товары","piece","KZT","","","false","Публичная карточка AMDgroup; цена, остаток и compliance требуют подтверждения поставщиком."
"amdgroup-public","AMDgroup","https://amdgroup.kz/catalog/lumex/lumex_ac_enamel_clear_12_g_massa_d_bezmetal_keramiki/","lumex_ac_enamel_clear_12_g_massa_d_bezmetal_keramiki","lumex ac enamel clear 12 g massa d bezmetal keramiki","","Стоматологические товары","piece","KZT","","","false","Публичная карточка AMDgroup; цена, остаток и compliance требуют подтверждения поставщиком."
"amdgroup-public","AMDgroup","https://amdgroup.kz/catalog/lumex/lumex_ac_enamel_clear_50_g_massa_d_bezmetal_keramiki/","lumex_ac_enamel_clear_50_g_massa_d_bezmetal_keramiki","lumex ac enamel clear 50 g massa d bezmetal keramiki","","Стоматологические товары","piece","KZT","","","false","Публичная карточка AMDgroup; цена, остаток и compliance требуют подтверждения поставщиком."
"amdgroup-public","AMDgroup","https://amdgroup.kz/catalog/lumex/lumex_ac_enamel_fog_12_g_massa_d_bezmetal_keramiki/","lumex_ac_enamel_fog_12_g_massa_d_bezmetal_keramiki","lumex ac enamel fog 12 g massa d bezmetal keramiki","","Стоматологические товары","piece","KZT","","","false","Публичная карточка AMDgroup; цена, остаток и compliance требуют подтверждения поставщиком."
"amdgroup-public","AMDgroup","https://amdgroup.kz/catalog/lumex/lumex_ac_enamel_fog_50_g_massa_d_bezmetal_keramiki/","lumex_ac_enamel_fog_50_g_massa_d_bezmetal_keramiki","lumex ac enamel fog 50 g massa d bezmetal keramiki","","Стоматологические товары","piece","KZT","","","false","Публичная карточка AMDgroup; цена, остаток и compliance требуют подтверждения поставщиком."
"amdgroup-public","AMDgroup","https://amdgroup.kz/catalog/lumex/lumex_ac_enamel_intense_12_g_massa_d_bezmetal_keramiki/","lumex_ac_enamel_intense_12_g_massa_d_bezmetal_keramiki","lumex ac enamel intense 12 g massa d bezmetal keramiki","","Стоматологические товары","piece","KZT","","","false","Публичная карточка AMDgroup; цена, остаток и compliance требуют подтверждения поставщиком."
"amdgroup-public","AMDgroup","https://amdgroup.kz/catalog/lumex/lumex_ac_enamel_light_12_g_massa_d_bezmetal_keramiki/","lumex_ac_enamel_light_12_g_massa_d_bezmetal_keramiki","lumex ac enamel light 12 g massa d bezmetal keramiki","","Стоматологические товары","piece","KZT","","","false","Публичная карточка AMDgroup; цена, остаток и compliance требуют подтверждения поставщиком."
"amdgroup-public","AMDgroup","https://amdgroup.kz/catalog/lumex/lumex_ac_enamel_medium_12_g_massa_d_bezmetal_keramiki/","lumex_ac_enamel_medium_12_g_massa_d_bezmetal_keramiki","lumex ac enamel medium 12 g massa d bezmetal keramiki","","Стоматологические товары","piece","KZT","","","false","Публичная карточка AMDgroup; цена, остаток и compliance требуют подтверждения поставщиком."
"amdgroup-public","AMDgroup","https://amdgroup.kz/catalog/lumex/lumex_ac_gingiva_grapefruit_12_g_massa_d_bezmetal_keramiki/","lumex_ac_gingiva_grapefruit_12_g_massa_d_bezmetal_keramiki","lumex ac gingiva grapefruit 12 g massa d bezmetal keramiki","","Стоматологические товары","piece","KZT","","","false","Публичная карточка AMDgroup; цена, остаток и compliance требуют подтверждения поставщиком."
"amdgroup-public","AMDgroup","https://amdgroup.kz/catalog/lumex/lumex_ac_opaque_dentine_0m1_12_g_massa_d_bezmetal_keramiki/","lumex_ac_opaque_dentine_0m1_12_g_massa_d_bezmetal_keramiki","lumex ac opaque dentine 0m1 12 g massa d bezmetal keramiki","","Стоматологические товары","piece","KZT","","","false","Публичная карточка AMDgroup; цена, остаток и compliance требуют подтверждения поставщиком."
"amdgroup-public","AMDgroup","https://amdgroup.kz/catalog/lumex/lumex_ac_opaque_dentine_0m2_12_g_massa_d_bezmetal_keramiki/","lumex_ac_opaque_dentine_0m2_12_g_massa_d_bezmetal_keramiki","lumex ac opaque dentine 0m2 12 g massa d bezmetal keramiki","","Стоматологические товары","piece","KZT","","","false","Публичная карточка AMDgroup; цена, остаток и compliance требуют подтверждения поставщиком."
"amdgroup-public","AMDgroup","https://amdgroup.kz/catalog/lumex/lumex_ac_opaque_dentine_0m3_12_g_massa_d_bezmetal_keramiki/","lumex_ac_opaque_dentine_0m3_12_g_massa_d_bezmetal_keramiki","lumex ac opaque dentine 0m3 12 g massa d bezmetal keramiki","","Стоматологические товары","piece","KZT","","","false","Публичная карточка AMDgroup; цена, остаток и compliance требуют подтверждения поставщиком."
"amdgroup-public","AMDgroup","https://amdgroup.kz/catalog/lumex/lumex_ac_opaque_dentine_1m2_12_g_massa_d_bezmetal_keramiki/","lumex_ac_opaque_dentine_1m2_12_g_massa_d_bezmetal_keramiki","lumex ac opaque dentine 1m2 12 g massa d bezmetal keramiki","","Стоматологические товары","piece","KZT","","","false","Публичная карточка AMDgroup; цена, остаток и compliance требуют подтверждения поставщиком."
"amdgroup-public","AMDgroup","https://amdgroup.kz/catalog/lumex/lumex_ac_opaque_dentine_2m2_12_g_massa_d_bezmetal_keramiki/","lumex_ac_opaque_dentine_2m2_12_g_massa_d_bezmetal_keramiki","lumex ac opaque dentine 2m2 12 g massa d bezmetal keramiki","","Стоматологические товары","piece","KZT","","","false","Публичная карточка AMDgroup; цена, остаток и compliance требуют подтверждения поставщиком."
"amdgroup-public","AMDgroup","https://amdgroup.kz/catalog/lumex/lumex_ac_opaque_dentine_2m2_50_g_massa_d_bezmetal_keramiki/","lumex_ac_opaque_dentine_2m2_50_g_massa_d_bezmetal_keramiki","lumex ac opaque dentine 2m2 50 g massa d bezmetal keramiki","","Стоматологические товары","piece","KZT","","","false","Публичная карточка AMDgroup; цена, остаток и compliance требуют подтверждения поставщиком."
"amdgroup-public","AMDgroup","https://amdgroup.kz/catalog/lumex/lumex_ac_opaque_dentine_a1_12_g_massa_d_bezmetal_keramiki/","lumex_ac_opaque_dentine_a1_12_g_massa_d_bezmetal_keramiki","lumex ac opaque dentine a1 12 g massa d bezmetal keramiki","","Стоматологические товары","piece","KZT","","","false","Публичная карточка AMDgroup; цена, остаток и compliance требуют подтверждения поставщиком."
"amdgroup-public","AMDgroup","https://amdgroup.kz/catalog/lumex/lumex_ac_opaque_dentine_a2_12_g_massa_d_bezmetal_keramiki/","lumex_ac_opaque_dentine_a2_12_g_massa_d_bezmetal_keramiki","lumex ac opaque dentine a2 12 g massa d bezmetal keramiki","","Стоматологические товары","piece","KZT","","","false","Публичная карточка AMDgroup; цена, остаток и compliance требуют подтверждения поставщиком."
"amdgroup-public","AMDgroup","https://amdgroup.kz/catalog/lumex/lumex_ac_opaque_dentine_a2_50_g_massa_d_bezmetal_keramiki/","lumex_ac_opaque_dentine_a2_50_g_massa_d_bezmetal_keramiki","lumex ac opaque dentine a2 50 g massa d bezmetal keramiki","","Стоматологические товары","piece","KZT","","","false","Публичная карточка AMDgroup; цена, остаток и compliance требуют подтверждения поставщиком."
"amdgroup-public","AMDgroup","https://amdgroup.kz/catalog/lumex/lumex_ac_opaque_dentine_a3_12_g_massa_d_bezmetal_keramiki/","lumex_ac_opaque_dentine_a3_12_g_massa_d_bezmetal_keramiki","lumex ac opaque dentine a3 12 g massa d bezmetal keramiki","","Стоматологические товары","piece","KZT","","","false","Публичная карточка AMDgroup; цена, остаток и compliance требуют подтверждения поставщиком."
"amdgroup-public","AMDgroup","https://amdgroup.kz/catalog/lumex/lumex_ac_opaque_dentine_a3_5_12_g_massa_d_bezmetal_keramiki/","lumex_ac_opaque_dentine_a3_5_12_g_massa_d_bezmetal_keramiki","lumex ac opaque dentine a3 5 12 g massa d bezmetal keramiki","","Стоматологические товары","piece","KZT","","","false","Публичная карточка AMDgroup; цена, остаток и compliance требуют подтверждения поставщиком."
"amdgroup-public","AMDgroup","https://amdgroup.kz/catalog/lumex/lumex_ac_opaque_dentine_b1_12_g_massa_d_bezmetal_keramiki/","lumex_ac_opaque_dentine_b1_12_g_massa_d_bezmetal_keramiki","lumex ac opaque dentine b1 12 g massa d bezmetal keramiki","","Стоматологические товары","piece","KZT","","","false","Публичная карточка AMDgroup; цена, остаток и compliance требуют подтверждения поставщиком."
"amdgroup-public","AMDgroup","https://amdgroup.kz/catalog/lumex/lumex_ac_opaque_opaque_0_12_g_massa_d_bezmetal_keramiki/","lumex_ac_opaque_opaque_0_12_g_massa_d_bezmetal_keramiki","lumex ac opaque opaque 0 12 g massa d bezmetal keramiki","","Стоматологические товары","piece","KZT","","","false","Публичная карточка AMDgroup; цена, остаток и compliance требуют подтверждения поставщиком."
"amdgroup-public","AMDgroup","https://amdgroup.kz/catalog/lumex/lumex_ac_opaque_opaque_1_12_g_massa_d_bezmetal_keramiki/","lumex_ac_opaque_opaque_1_12_g_massa_d_bezmetal_keramiki","lumex ac opaque opaque 1 12 g massa d bezmetal keramiki","","Стоматологические товары","piece","KZT","","","false","Публичная карточка AMDgroup; цена, остаток и compliance требуют подтверждения поставщиком."
"amdgroup-public","AMDgroup","https://amdgroup.kz/catalog/lumex/lumex_ac_opaque_opaque_2_12_g_massa_d_bezmetal_keramiki/","lumex_ac_opaque_opaque_2_12_g_massa_d_bezmetal_keramiki","lumex ac opaque opaque 2 12 g massa d bezmetal keramiki","","Стоматологические товары","piece","KZT","","","false","Публичная карточка AMDgroup; цена, остаток и compliance требуют подтверждения поставщиком."
"amdgroup-public","AMDgroup","https://amdgroup.kz/catalog/lumex/lumex_ac_opaque_opaque_3_12_g_massa_d_bezmetal_keramiki/","lumex_ac_opaque_opaque_3_12_g_massa_d_bezmetal_keramiki","lumex ac opaque opaque 3 12 g massa d bezmetal keramiki","","Стоматологические товары","piece","KZT","","","false","Публичная карточка AMDgroup; цена, остаток и compliance требуют подтверждения поставщиком."
"amdgroup-public","AMDgroup","https://amdgroup.kz/catalog/lumex/lumex_ac_zhidk_mod_250_ml/","lumex_ac_zhidk_mod_250_ml","lumex ac zhidk mod 250 ml","","Стоматологические товары","piece","KZT","","","false","Публичная карточка AMDgroup; цена, остаток и compliance требуют подтверждения поставщиком."
"amdgroup-public","AMDgroup","https://amdgroup.kz/catalog/lumex/lumex_ac_zhidk_mod_50_ml/","lumex_ac_zhidk_mod_50_ml","lumex ac zhidk mod 50 ml","","Стоматологические товары","piece","KZT","","","false","Публичная карточка AMDgroup; цена, остаток и compliance требуют подтверждения поставщиком."
"amdgroup-public","AMDgroup","https://amdgroup.kz/catalog/lumex/vita_lumex_ac_trial_kit_a2/","vita_lumex_ac_trial_kit_a2","vita lumex ac trial kit a2","","Стоматологические товары","piece","KZT","","","false","Публичная карточка AMDgroup; цена, остаток и compliance требуют подтверждения поставщиком."
"amdgroup-public","AMDgroup","https://amdgroup.kz/catalog/lyuksatory/lyuksatory_lm_liftout_c4/","lyuksatory_lm_liftout_c4","lyuksatory lm liftout c4","","Стоматологические товары","piece","KZT","","","false","Публичная карточка AMDgroup; цена, остаток и compliance требуют подтверждения поставщиком."
"amdgroup-public","AMDgroup","https://amdgroup.kz/catalog/lyuksatory/lyuksatory_lm_liftout_c5/","lyuksatory_lm_liftout_c5","lyuksatory lm liftout c5","","Стоматологические товары","piece","KZT","","","false","Публичная карточка AMDgroup; цена, остаток и compliance требуют подтверждения поставщиком."
"amdgroup-public","AMDgroup","https://amdgroup.kz/catalog/lyuksatory/lyuksatory_lm_liftout_s2/","lyuksatory_lm_liftout_s2","lyuksatory lm liftout s2","","Стоматологические товары","piece","KZT","","","false","Публичная карточка AMDgroup; цена, остаток и compliance требуют подтверждения поставщиком."
"amdgroup-public","AMDgroup","https://amdgroup.kz/catalog/lyuksatory/lyuksatory_lm_liftout_s4/","lyuksatory_lm_liftout_s4","lyuksatory lm liftout s4","","Стоматологические товары","piece","KZT","","","false","Публичная карточка AMDgroup; цена, остаток и compliance требуют подтверждения поставщиком."
"amdgroup-public","AMDgroup","https://amdgroup.kz/catalog/lyuksatory/lyuksatory_lm_liftout_s5/","lyuksatory_lm_liftout_s5","lyuksatory lm liftout s5","","Стоматологические товары","piece","KZT","","","false","Публичная карточка AMDgroup; цена, остаток и compliance требуют подтверждения поставщиком."
"amdgroup-public","AMDgroup","https://amdgroup.kz/catalog/lyuksatory/lyuksatory_lm_slimlift_c4/","lyuksatory_lm_slimlift_c4","lyuksatory lm slimlift c4","","Стоматологические товары","piece","KZT","","","false","Публичная карточка AMDgroup; цена, остаток и compliance требуют подтверждения поставщиком."
"amdgroup-public","AMDgroup","https://amdgroup.kz/catalog/lyuksatory/lyuksatory_lm_slimlift_c5/","lyuksatory_lm_slimlift_c5","lyuksatory lm slimlift c5","","Стоматологические товары","piece","KZT","","","false","Публичная карточка AMDgroup; цена, остаток и compliance требуют подтверждения поставщиком."
"amdgroup-public","AMDgroup","https://amdgroup.kz/catalog/lyuksatory/lyuksatory_lm_slimlift_s3/","lyuksatory_lm_slimlift_s3","lyuksatory lm slimlift s3","","Стоматологические товары","piece","KZT","","","false","Публичная карточка AMDgroup; цена, остаток и compliance требуют подтверждения поставщиком."
"amdgroup-public","AMDgroup","https://amdgroup.kz/catalog/lyuksatory/lyuksatory_lm_slimlift_s4/","lyuksatory_lm_slimlift_s4","lyuksatory lm slimlift s4","","Стоматологические товары","piece","KZT","","","false","Публичная карточка AMDgroup; цена, остаток и compliance требуют подтверждения поставщиком."
"amdgroup-public","AMDgroup","https://amdgroup.kz/catalog/lyuksatory/lyuksatory_lm_twistout_c3/","lyuksatory_lm_twistout_c3","lyuksatory lm twistout c3","","Стоматологические товары","piece","KZT","","","false","Публичная карточка AMDgroup; цена, остаток и compliance требуют подтверждения поставщиком."
"amdgroup-public","AMDgroup","https://amdgroup.kz/catalog/lyuksatory/lyuksatory_lm_twistout_c4/","lyuksatory_lm_twistout_c4","lyuksatory lm twistout c4","","Стоматологические товары","piece","KZT","","","false","Публичная карточка AMDgroup; цена, остаток и compliance требуют подтверждения поставщиком."
"amdgroup-public","AMDgroup","https://amdgroup.kz/catalog/lyuksatory/lyuksatory_lm_twistout_c5/","lyuksatory_lm_twistout_c5","lyuksatory lm twistout c5","","Стоматологические товары","piece","KZT","","","false","Публичная карточка AMDgroup; цена, остаток и compliance требуют подтверждения поставщиком."
"amdgroup-public","AMDgroup","https://amdgroup.kz/catalog/lyuksatory/lyuksatory_lm_twistout_s3/","lyuksatory_lm_twistout_s3","lyuksatory lm twistout s3","","Стоматологические товары","piece","KZT","","","false","Публичная карточка AMDgroup; цена, остаток и compliance требуют подтверждения поставщиком."
"amdgroup-public","AMDgroup","https://amdgroup.kz/catalog/lyuksatory/lyuksatory_lm_twistout_s4/","lyuksatory_lm_twistout_s4","lyuksatory lm twistout s4","","Стоматологические товары","piece","KZT","","","false","Публичная карточка AMDgroup; цена, остаток и compliance требуют подтверждения поставщиком."
"amdgroup-public","AMDgroup","https://amdgroup.kz/catalog/lyuksatory/lyuksatory_lm_twistout_s5/","lyuksatory_lm_twistout_s5","lyuksatory lm twistout s5","","Стоматологические товары","piece","KZT","","","false","Публичная карточка AMDgroup; цена, остаток и compliance требуют подтверждения поставщиком."
"amdgroup-public","AMDgroup","https://amdgroup.kz/catalog/maslo_dlya_smazki_nakonechnikov_/maslo_servisnoe_f1_md_400/","maslo_servisnoe_f1_md_400","maslo servisnoe f1 md 400","","Стоматологические товары","piece","KZT","","","false","Публичная карточка AMDgroup; цена, остаток и compliance требуют подтверждения поставщиком."
"amdgroup-public","AMDgroup","https://amdgroup.kz/catalog/maslo_dlya_smazki_nakonechnikov_/nabor_servis_maslo_md_500_zhidkost_ms_1000_d_ap_ta_assistina_301plus/","nabor_servis_maslo_md_500_zhidkost_ms_1000_d_ap_ta_assistina_301plus","nabor servis maslo md 500 zhidkost ms 1000 d ap ta assistina 301plus","","Стоматологические товары","piece","KZT","","","false","Публичная карточка AMDgroup; цена, остаток и compliance требуют подтверждения поставщиком."
"amdgroup-public","AMDgroup","https://amdgroup.kz/catalog/materialy_/meron_poroshok_35g_zhidkost_15ml_/","meron_poroshok_35g_zhidkost_15ml_","meron poroshok 35g zhidkost 15ml","","Стоматологические товары","piece","KZT","","","false","Публичная карточка AMDgroup; цена, остаток и compliance требуют подтверждения поставщиком."
"amdgroup-public","AMDgroup","https://amdgroup.kz/catalog/materialy_/provikol_2kh25g/","provikol_2kh25g","provikol 2kh25g","","Стоматологические товары","piece","KZT","","","false","Публичная карточка AMDgroup; цена, остаток и compliance требуют подтверждения поставщиком."
"amdgroup-public","AMDgroup","https://amdgroup.kz/catalog/materialy_/struktur_2_sc_75_g_a3/","struktur_2_sc_75_g_a3","struktur 2 sc 75 g a3","","Стоматологические товары","piece","KZT","","","false","Публичная карточка AMDgroup; цена, остаток и compliance требуют подтверждения поставщиком."
"amdgroup-public","AMDgroup","https://amdgroup.kz/catalog/materialy_/struktur_2_sc_75_g_bl/","struktur_2_sc_75_g_bl","struktur 2 sc 75 g bl","","Стоматологические товары","piece","KZT","","","false","Публичная карточка AMDgroup; цена, остаток и compliance требуют подтверждения поставщиком."
"amdgroup-public","AMDgroup","https://amdgroup.kz/catalog/materialy_/struktur_2_sc_75g_a1_/","struktur_2_sc_75g_a1_","struktur 2 sc 75g a1","","Стоматологические товары","piece","KZT","","","false","Публичная карточка AMDgroup; цена, остаток и compliance требуют подтверждения поставщиком."
"amdgroup-public","AMDgroup","https://amdgroup.kz/catalog/materialy_/struktur_2_sc_75g_a2_/","struktur_2_sc_75g_a2_","struktur 2 sc 75g a2","","Стоматологические товары","piece","KZT","","","false","Публичная карточка AMDgroup; цена, остаток и compliance требуют подтверждения поставщиком."
"amdgroup-public","AMDgroup","https://amdgroup.kz/catalog/materialy_/ufi_gel_khard_60g_40ml_20ml_k_t_/","ufi_gel_khard_60g_40ml_20ml_k_t_","ufi gel khard 60g 40ml 20ml k t","","Стоматологические товары","piece","KZT","","","false","Публичная карточка AMDgroup; цена, остаток и compliance требуют подтверждения поставщиком."
"amdgroup-public","AMDgroup","https://amdgroup.kz/catalog/materialy_/ufi_gel_p_50ml_50ml_kat10_10_10adg_/","ufi_gel_p_50ml_50ml_kat10_10_10adg_","ufi gel p 50ml 50ml kat10 10 10adg","","Стоматологические товары","piece","KZT","","","false","Публичная карточка AMDgroup; цена, остаток и compliance требуют подтверждения поставщиком."
"amdgroup-public","AMDgroup","https://amdgroup.kz/catalog/merchi/beysbolka_amd_group/","beysbolka_amd_group","beysbolka amd group","","Стоматологические товары","piece","KZT","","","false","Публичная карточка AMDgroup; цена, остаток и compliance требуют подтверждения поставщиком."
"amdgroup-public","AMDgroup","https://amdgroup.kz/catalog/merchi/futbolka_polo_nuvo/","futbolka_polo_nuvo","futbolka polo nuvo","","Стоматологические товары","piece","KZT","","","false","Публичная карточка AMDgroup; цена, остаток и compliance требуют подтверждения поставщиком."
"amdgroup-public","AMDgroup","https://amdgroup.kz/catalog/merchi/khirurgicheskiy_kostyum/","khirurgicheskiy_kostyum","khirurgicheskiy kostyum","","Стоматологические товары","piece","KZT","","","false","Публичная карточка AMDgroup; цена, остаток и compliance требуют подтверждения поставщиком."
"amdgroup-public","AMDgroup","https://amdgroup.kz/catalog/merchi/khirurgicheskiy_kostyum_nuvo/","khirurgicheskiy_kostyum_nuvo","khirurgicheskiy kostyum nuvo","","Стоматологические товары","piece","KZT","","","false","Публичная карточка AMDgroup; цена, остаток и compliance требуют подтверждения поставщиком."
"amdgroup-public","AMDgroup","https://amdgroup.kz/catalog/merchi/polo_futbolka_straumann/","polo_futbolka_straumann","polo futbolka straumann","","Стоматологические товары","piece","KZT","","","false","Публичная карточка AMDgroup; цена, остаток и compliance требуют подтверждения поставщиком."
"amdgroup-public","AMDgroup","https://amdgroup.kz/catalog/mezhzubnye/392_016_m_3_/","392_016_m_3_","392 016 m 3","","Стоматологические товары","piece","KZT","","","false","Публичная карточка AMDgroup; цена, остаток и compliance требуют подтверждения поставщиком."
"amdgroup-public","AMDgroup","https://amdgroup.kz/catalog/mezhzubnye/bory_almaznye_392_016f_fg/","bory_almaznye_392_016f_fg","bory almaznye 392 016f fg","","Стоматологические товары","piece","KZT","","","false","Публичная карточка AMDgroup; цена, остаток и compliance требуют подтверждения поставщиком."
"amdgroup-public","AMDgroup","https://amdgroup.kz/catalog/mezhzubnye/bory_almaznye_392_016m_fgm/","bory_almaznye_392_016m_fgm","bory almaznye 392 016m fgm","","Стоматологические товары","piece","KZT","","","false","Публичная карточка AMDgroup; цена, остаток и compliance требуют подтверждения поставщиком."
"amdgroup-public","AMDgroup","https://amdgroup.kz/catalog/mezhzubnye/bory_almaznye_392_016sf_fg/","bory_almaznye_392_016sf_fg","bory almaznye 392 016sf fg","","Стоматологические товары","piece","KZT","","","false","Публичная карточка AMDgroup; цена, остаток и compliance требуют подтверждения поставщиком."
"amdgroup-public","AMDgroup","https://amdgroup.kz/catalog/mezhzubnye/bory_almaznye_392a_016f/","bory_almaznye_392a_016f","bory almaznye 392a 016f","","Стоматологические товары","piece","KZT","","","false","Публичная карточка AMDgroup; цена, остаток и compliance требуют подтверждения поставщиком."
"amdgroup-public","AMDgroup","https://amdgroup.kz/catalog/nabory/kasseta_dlya_protezirovaniya/","kasseta_dlya_protezirovaniya","kasseta dlya protezirovaniya","","Стоматологические товары","piece","KZT","","","false","Публичная карточка AMDgroup; цена, остаток и compliance требуют подтверждения поставщиком."
"amdgroup-public","AMDgroup","https://amdgroup.kz/catalog/nabory/kasseta_dlya_protezirovaniya_cd1001002_1/","kasseta_dlya_protezirovaniya_cd1001002_1","kasseta dlya protezirovaniya cd1001002 1","","Стоматологические товары","piece","KZT","","","false","Публичная карточка AMDgroup; цена, остаток и compliance требуют подтверждения поставщиком."
"amdgroup-public","AMDgroup","https://amdgroup.kz/catalog/nabory/khirurgicheskiy_nabor_cf_predvarit_ustanovl/","khirurgicheskiy_nabor_cf_predvarit_ustanovl","khirurgicheskiy nabor cf predvarit ustanovl","","Стоматологические товары","piece","KZT","","","false","Публичная карточка AMDgroup; цена, остаток и compliance требуют подтверждения поставщиком."
"amdgroup-public","AMDgroup","https://amdgroup.kz/catalog/nabory/komplekt_stopora_sverla_predv_ustanovl/","komplekt_stopora_sverla_predv_ustanovl","komplekt stopora sverla predv ustanovl","","Стоматологические товары","piece","KZT","","","false","Публичная карточка AMDgroup; цена, остаток и compliance требуют подтверждения поставщиком."
"amdgroup-public","AMDgroup","https://amdgroup.kz/catalog/nabory2/instrumenty_izmeritelnye_6820es/","instrumenty_izmeritelnye_6820es","instrumenty izmeritelnye 6820es","","Стоматологические товары","piece","KZT","","","false","Публичная карточка AMDgroup; цена, остаток и compliance требуют подтверждения поставщиком."
"amdgroup-public","AMDgroup","https://amdgroup.kz/catalog/nabory2/lm_aktivatorp_2_vysokiy_korotkiy_40_/","lm_aktivatorp_2_vysokiy_korotkiy_40_","lm aktivatorp 2 vysokiy korotkiy 40","","Стоматологические товары","piece","KZT","","","false","Публичная карточка AMDgroup; цена, остаток и compliance требуют подтверждения поставщиком."
"amdgroup-public","AMDgroup","https://amdgroup.kz/catalog/nabory2/nabor_nasadok_7624/","nabor_nasadok_7624","nabor nasadok 7624","","Стоматологические товары","piece","KZT","","","false","Публичная карточка AMDgroup; цена, остаток и compliance требуют подтверждения поставщиком."
"amdgroup-public","AMDgroup","https://amdgroup.kz/catalog/nabory2/nabor_nasadok_7626/","nabor_nasadok_7626","nabor nasadok 7626","","Стоматологические товары","piece","KZT","","","false","Публичная карточка AMDgroup; цена, остаток и compliance требуют подтверждения поставщиком."
"amdgroup-public","AMDgroup","https://amdgroup.kz/catalog/nabory2/nabor_nasadok_7628/","nabor_nasadok_7628","nabor nasadok 7628","","Стоматологические товары","piece","KZT","","","false","Публичная карточка AMDgroup; цена, остаток и compliance требуют подтверждения поставщиком."
"amdgroup-public","AMDgroup","https://amdgroup.kz/catalog/nabory2/nabor_parodontologicheskiy_6652xsi/","nabor_parodontologicheskiy_6652xsi","nabor parodontologicheskiy 6652xsi","","Стоматологические товары","piece","KZT","","","false","Публичная карточка AMDgroup; цена, остаток и compliance требуют подтверждения поставщиком."
"amdgroup-public","AMDgroup","https://amdgroup.kz/catalog/nabory2/nabor_restavratsionnyy_6840_xsi_/","nabor_restavratsionnyy_6840_xsi_","nabor restavratsionnyy 6840 xsi","","Стоматологические товары","piece","KZT","","","false","Публичная карточка AMDgroup; цена, остаток и compliance требуют подтверждения поставщиком."
"amdgroup-public","AMDgroup","https://amdgroup.kz/catalog/nabory2/nabor_retraktorov_7502/","nabor_retraktorov_7502","nabor retraktorov 7502","","Стоматологические товары","piece","KZT","","","false","Публичная карточка AMDgroup; цена, остаток и compliance требуют подтверждения поставщиком."
"amdgroup-public","AMDgroup","https://amdgroup.kz/catalog/nabory2/nabor_retraktorov_7504/","nabor_retraktorov_7504","nabor retraktorov 7504","","Стоматологические товары","piece","KZT","","","false","Публичная карточка AMDgroup; цена, остаток и compliance требуют подтверждения поставщиком."
"amdgroup-public","AMDgroup","https://amdgroup.kz/catalog/nabory2/nabor_retraktorov_7506/","nabor_retraktorov_7506","nabor retraktorov 7506","","Стоматологические товары","piece","KZT","","","false","Публичная карточка AMDgroup; цена, остаток и compliance требуют подтверждения поставщиком."
"amdgroup-public","AMDgroup","https://amdgroup.kz/catalog/nabory2/nabor_terapevticheskiy/","nabor_terapevticheskiy","nabor terapevticheskiy","","Стоматологические товары","piece","KZT","","","false","Публичная карточка AMDgroup; цена, остаток и compliance требуют подтверждения поставщиком."
"amdgroup-public","AMDgroup","https://amdgroup.kz/catalog/nabory2/nabor_terapevticheskiy_6657xsi_/","nabor_terapevticheskiy_6657xsi_","nabor terapevticheskiy 6657xsi","","Стоматологические товары","piece","KZT","","","false","Публичная карточка AMDgroup; цена, остаток и compliance требуют подтверждения поставщиком."
"amdgroup-public","AMDgroup","https://amdgroup.kz/catalog/nabory2/startovyy_komplekt/","startovyy_komplekt","startovyy komplekt","","Стоматологические товары","piece","KZT","","","false","Публичная карточка AMDgroup; цена, остаток и compliance требуют подтверждения поставщиком."
"amdgroup-public","AMDgroup","https://amdgroup.kz/catalog/nabory_/bory_almaznye_nti_logic_set_3r/","bory_almaznye_nti_logic_set_3r","bory almaznye nti logic set 3r","","Стоматологические товары","piece","KZT","","","false","Публичная карточка AMDgroup; цена, остаток и compliance требуют подтверждения поставщиком."
"amdgroup-public","AMDgroup","https://amdgroup.kz/catalog/nabory_/bory_almaznye_v_nabore_nti_logic_set_6r/","bory_almaznye_v_nabore_nti_logic_set_6r","bory almaznye v nabore nti logic set 6r","","Стоматологические товары","piece","KZT","","","false","Публичная карточка AMDgroup; цена, остаток и compliance требуют подтверждения поставщиком."
"amdgroup-public","AMDgroup","https://amdgroup.kz/catalog/nabory_/nabor_3d_acryl/","nabor_3d_acryl","nabor 3d acryl","","Стоматологические товары","piece","KZT","","","false","Публичная карточка AMDgroup; цена, остаток и compliance требуют подтверждения поставщиком."
"amdgroup-public","AMDgroup","https://amdgroup.kz/catalog/nabory_/nabor_logic_set_3/","nabor_logic_set_3","nabor logic set 3","","Стоматологические товары","piece","KZT","","","false","Публичная карточка AMDgroup; цена, остаток и compliance требуют подтверждения поставщиком."
"amdgroup-public","AMDgroup","https://amdgroup.kz/catalog/nabory_/nabor_logic_set_4/","nabor_logic_set_4","nabor logic set 4","","Стоматологические товары","piece","KZT","","","false","Публичная карточка AMDgroup; цена, остаток и compliance требуют подтверждения поставщиком."
"amdgroup-public","AMDgroup","https://amdgroup.kz/catalog/nabory_/nabor_logic_set_6/","nabor_logic_set_6","nabor logic set 6","","Стоматологические товары","piece","KZT","","","false","Публичная карточка AMDgroup; цена, остаток и compliance требуют подтверждения поставщиком."
"amdgroup-public","AMDgroup","https://amdgroup.kz/catalog/nabory_/nabor_set_1540/","nabor_set_1540","nabor set 1540","","Стоматологические товары","piece","KZT","","","false","Публичная карточка AMDgroup; цена, остаток и compliance требуют подтверждения поставщиком."
"amdgroup-public","AMDgroup","https://amdgroup.kz/catalog/nasadki_dlya_air_flow/nakonechnik_air_flow_handpiece_na_120_belyy/","nakonechnik_air_flow_handpiece_na_120_belyy","nakonechnik air flow handpiece na 120 belyy","","Стоматологические товары","piece","KZT","","","false","Публичная карточка AMDgroup; цена, остаток и compliance требуют подтверждения поставщиком."
"amdgroup-public","AMDgroup","https://amdgroup.kz/catalog/nasadki_dlya_air_flow/nakonechnik_air_flow_handy_2_120_anthracite_/","nakonechnik_air_flow_handy_2_120_anthracite_","nakonechnik air flow handy 2 120 anthracite","","Стоматологические товары","piece","KZT","","","false","Публичная карточка AMDgroup; цена, остаток и compliance требуют подтверждения поставщиком."
"amdgroup-public","AMDgroup","https://amdgroup.kz/catalog/nasadki_dlya_air_flow/nakonechnik_air_flow_handy_2_120_blue_/","nakonechnik_air_flow_handy_2_120_blue_","nakonechnik air flow handy 2 120 blue","","Стоматологические товары","piece","KZT","","","false","Публичная карточка AMDgroup; цена, остаток и compliance требуют подтверждения поставщиком."
"amdgroup-public","AMDgroup","https://amdgroup.kz/catalog/nasadki_dlya_air_flow/nakonechnik_air_flow_handy_2_120_orange_/","nakonechnik_air_flow_handy_2_120_orange_","nakonechnik air flow handy 2 120 orange","","Стоматологические товары","piece","KZT","","","false","Публичная карточка AMDgroup; цена, остаток и compliance требуют подтверждения поставщиком."
"amdgroup-public","AMDgroup","https://amdgroup.kz/catalog/nasadki_dlya_air_flow/nakonechnik_air_flow_handy_2_revision_kit_eq_140/","nakonechnik_air_flow_handy_2_revision_kit_eq_140","nakonechnik air flow handy 2 revision kit eq 140","","Стоматологические товары","piece","KZT","","","false","Публичная карточка AMDgroup; цена, остаток и compliance требуют подтверждения поставщиком."
"amdgroup-public","AMDgroup","https://amdgroup.kz/catalog/nasadki_dlya_apparata_vektor/nabor_instrumentov_paro_iz_5_sht/","nabor_instrumentov_paro_iz_5_sht","nabor instrumentov paro iz 5 sht","","Стоматологические товары","piece","KZT","","","false","Публичная карточка AMDgroup; цена, остаток и compliance требуют подтверждения поставщиком."
"amdgroup-public","AMDgroup","https://amdgroup.kz/catalog/nasadki_dlya_apparata_vektor/nabor_instrumentov_recall_implant_iz_3_sht/","nabor_instrumentov_recall_implant_iz_3_sht","nabor instrumentov recall implant iz 3 sht","","Стоматологические товары","piece","KZT","","","false","Публичная карточка AMDgroup; цена, остаток и compliance требуют подтверждения поставщиком."
"amdgroup-public","AMDgroup","https://amdgroup.kz/catalog/nasadki_dlya_apparata_vektor/nakonechnik_vector_paro_2031_700_00/","nakonechnik_vector_paro_2031_700_00","nakonechnik vector paro 2031 700 00","","Стоматологические товары","piece","KZT","","","false","Публичная карточка AMDgroup; цена, остаток и compliance требуют подтверждения поставщиком."
"amdgroup-public","AMDgroup","https://amdgroup.kz/catalog/nasadki_dlya_apparata_vektor/nasadka_periimplant_hard_3_sht_/","nasadka_periimplant_hard_3_sht_","nasadka periimplant hard 3 sht","","Стоматологические товары","piece","KZT","","","false","Публичная карточка AMDgroup; цена, остаток и compliance требуют подтверждения поставщиком."
"amdgroup-public","AMDgroup","https://amdgroup.kz/catalog/nasadki_dlya_apparata_vektor/nasadka_periimplant_soft_3_sht/","nasadka_periimplant_soft_3_sht","nasadka periimplant soft 3 sht","","Стоматологические товары","piece","KZT","","","false","Публичная карточка AMDgroup; цена, остаток и compliance требуют подтверждения поставщиком."
"amdgroup-public","AMDgroup","https://amdgroup.kz/catalog/nasadki_dlya_apparata_vektor/paro_lantset_3sht/","paro_lantset_3sht","paro lantset 3sht","","Стоматологические товары","piece","KZT","","","false","Публичная карточка AMDgroup; цена, остаток и compliance требуют подтверждения поставщиком."
"amdgroup-public","AMDgroup","https://amdgroup.kz/catalog/nasadki_dlya_pezo_apparata/instrument_b3/","instrument_b3","instrument b3","","Стоматологические товары","piece","KZT","","","false","Публичная карточка AMDgroup; цена, остаток и compliance требуют подтверждения поставщиком."
"amdgroup-public","AMDgroup","https://amdgroup.kz/catalog/nasadki_dlya_pezo_apparata/instrument_v6/","instrument_v6","instrument v6","","Стоматологические товары","piece","KZT","","","false","Публичная карточка AMDgroup; цена, остаток и compliance требуют подтверждения поставщиком."
"amdgroup-public","AMDgroup","https://amdgroup.kz/catalog/nasadki_dlya_pezo_apparata/instrument_v7/","instrument_v7","instrument v7","","Стоматологические товары","piece","KZT","","","false","Публичная карточка AMDgroup; цена, остаток и compliance требуют подтверждения поставщиком."
"amdgroup-public","AMDgroup","https://amdgroup.kz/catalog/nasadki_dlya_pezo_apparata/nakonechnik_pezon_handpiece_universalnyy/","nakonechnik_pezon_handpiece_universalnyy","nakonechnik pezon handpiece universalnyy","","Стоматологические товары","piece","KZT","","","false","Публичная карточка AMDgroup; цена, остаток и compliance требуют подтверждения поставщиком."
"amdgroup-public","AMDgroup","https://amdgroup.kz/catalog/nasadki_dlya_pezo_apparata/nakonechnik_piezon_handpiece_led/","nakonechnik_piezon_handpiece_led","nakonechnik piezon handpiece led","","Стоматологические товары","piece","KZT","","","false","Публичная карточка AMDgroup; цена, остаток и compliance требуют подтверждения поставщиком."
"amdgroup-public","AMDgroup","https://amdgroup.kz/catalog/nasadki_dlya_pezo_apparata/nasadka_d_formir_kostnogo_okna_s1_05542900/","nasadka_d_formir_kostnogo_okna_s1_05542900","nasadka d formir kostnogo okna s1 05542900","","Стоматологические товары","piece","KZT","","","false","Публичная карточка AMDgroup; цена, остаток и compliance требуют подтверждения поставщиком."
"amdgroup-public","AMDgroup","https://amdgroup.kz/catalog/nasadki_dlya_pezo_apparata/nasadka_d_kosti_b1_05530100/","nasadka_d_kosti_b1_05530100","nasadka d kosti b1 05530100","","Стоматологические товары","piece","KZT","","","false","Публичная карточка AMDgroup; цена, остаток и compliance требуют подтверждения поставщиком."
"amdgroup-public","AMDgroup","https://amdgroup.kz/catalog/nasadki_dlya_pezo_apparata/nasadka_okruglaya_d_formir_kostnogo_okna_s2_05534700/","nasadka_okruglaya_d_formir_kostnogo_okna_s2_05534700","nasadka okruglaya d formir kostnogo okna s2 05534700","","Стоматологические товары","piece","KZT","","","false","Публичная карточка AMDgroup; цена, остаток и compliance требуют подтверждения поставщиком."
"amdgroup-public","AMDgroup","https://amdgroup.kz/catalog/nasadki_dlya_pezo_apparata/nasadka_pilka_dlya_kosti_b2l_05544400/","nasadka_pilka_dlya_kosti_b2l_05544400","nasadka pilka dlya kosti b2l 05544400","","Стоматологические товары","piece","KZT","","","false","Публичная карточка AMDgroup; цена, остаток и compliance требуют подтверждения поставщиком."
"amdgroup-public","AMDgroup","https://amdgroup.kz/catalog/nasadki_dlya_pezo_apparata/nasadka_pilka_dlya_kosti_b2r_06958600/","nasadka_pilka_dlya_kosti_b2r_06958600","nasadka pilka dlya kosti b2r 06958600","","Стоматологические товары","piece","KZT","","","false","Публичная карточка AMDgroup; цена, остаток и compliance требуют подтверждения поставщиком."
"amdgroup-public","AMDgroup","https://amdgroup.kz/catalog/nasadki_dlya_pezo_apparata/stomatologicheskiy_pilnyy_disk_s_6/","stomatologicheskiy_pilnyy_disk_s_6","stomatologicheskiy pilnyy disk s 6","","Стоматологические товары","piece","KZT","","","false","Публичная карточка AMDgroup; цена, остаток и compliance требуют подтверждения поставщиком."
"amdgroup-public","AMDgroup","https://amdgroup.kz/catalog/nasadki_dlya_skeylera/nakonechnik_skeyler_2032_200_00/","nakonechnik_skeyler_2032_200_00","nakonechnik skeyler 2032 200 00","","Стоматологические товары","piece","KZT","","","false","Публичная карточка AMDgroup; цена, остаток и compliance требуют подтверждения поставщиком."
"amdgroup-public","AMDgroup","https://amdgroup.kz/catalog/nebnye/bory_almaznye_899_021f_fg/","bory_almaznye_899_021f_fg","bory almaznye 899 021f fg","","Стоматологические товары","piece","KZT","","","false","Публичная карточка AMDgroup; цена, остаток и compliance требуют подтверждения поставщиком."
"amdgroup-public","AMDgroup","https://amdgroup.kz/catalog/nebnye/bory_almaznye_899_021m_fg/","bory_almaznye_899_021m_fg","bory almaznye 899 021m fg","","Стоматологические товары","piece","KZT","","","false","Публичная карточка AMDgroup; цена, остаток и compliance требуют подтверждения поставщиком."
"amdgroup-public","AMDgroup","https://amdgroup.kz/catalog/nebnye/bory_almaznye_899_027c_fg/","bory_almaznye_899_027c_fg","bory almaznye 899 027c fg","","Стоматологические товары","piece","KZT","","","false","Публичная карточка AMDgroup; цена, остаток и compliance требуют подтверждения поставщиком."
"amdgroup-public","AMDgroup","https://amdgroup.kz/catalog/nebnye/bory_almaznye_899_027m_fg/","bory_almaznye_899_027m_fg","bory almaznye 899 027m fg","","Стоматологические товары","piece","KZT","","","false","Публичная карточка AMDgroup; цена, остаток и compliance требуют подтверждения поставщиком."
"amdgroup-public","AMDgroup","https://amdgroup.kz/catalog/nebnye/bory_almaznye_899_031c_fg/","bory_almaznye_899_031c_fg","bory almaznye 899 031c fg","","Стоматологические товары","piece","KZT","","","false","Публичная карточка AMDgroup; цена, остаток и compliance требуют подтверждения поставщиком."
"amdgroup-public","AMDgroup","https://amdgroup.kz/catalog/oborudovanie_dlya_professionalnoy_gigieny_/ap_t_piezon_250_kompaktnyy_ultrazvukovoy__1/","ap_t_piezon_250_kompaktnyy_ultrazvukovoy__1","ap t piezon 250 kompaktnyy ultrazvukovoy 1","","Стоматологические товары","piece","KZT","","","false","Публичная карточка AMDgroup; цена, остаток и compliance требуют подтверждения поставщиком."
"amdgroup-public","AMDgroup","https://amdgroup.kz/catalog/oborudovanie_dlya_professionalnoy_gigieny_/filtr_vodnyy_airflow_prophylaxis_master_/","filtr_vodnyy_airflow_prophylaxis_master_","filtr vodnyy airflow prophylaxis master","","Стоматологические товары","piece","KZT","","","false","Публичная карточка AMDgroup; цена, остаток и compliance требуют подтверждения поставщиком."
"amdgroup-public","AMDgroup","https://amdgroup.kz/catalog/oborudovanie_dlya_professionalnoy_gigieny_/filtr_vozdushnyy_airflow_prophylaxis_master_/","filtr_vozdushnyy_airflow_prophylaxis_master_","filtr vozdushnyy airflow prophylaxis master","","Стоматологические товары","piece","KZT","","","false","Публичная карточка AMDgroup; цена, остаток и compliance требуют подтверждения поставщиком."
"amdgroup-public","AMDgroup","https://amdgroup.kz/catalog/oborudovanie_dlya_professionalnoy_gigieny_/nabor_airflowmax_fs_476/","nabor_airflowmax_fs_476","nabor airflowmax fs 476","","Стоматологические товары","piece","KZT","","","false","Публичная карточка AMDgroup; цена, остаток и compliance требуют подтверждения поставщиком."
"amdgroup-public","AMDgroup","https://amdgroup.kz/catalog/oborudovanie_dlya_professionalnoy_gigieny_/nakonechnik_handy_3_0_perio_el_545_a_001/","nakonechnik_handy_3_0_perio_el_545_a_001","nakonechnik handy 3 0 perio el 545 a 001","","Стоматологические товары","piece","KZT","","","false","Публичная карточка AMDgroup; цена, остаток и compliance требуют подтверждения поставщиком."
"amdgroup-public","AMDgroup","https://amdgroup.kz/catalog/oborudovanie_dlya_professionalnoy_gigieny_/ochistitel_stomatologicheskiy_night_cleaner_6/","ochistitel_stomatologicheskiy_night_cleaner_6","ochistitel stomatologicheskiy night cleaner 6","","Стоматологические товары","piece","KZT","","","false","Публичная карточка AMDgroup; цена, остаток и compliance требуют подтверждения поставщиком."
"amdgroup-public","AMDgroup","https://amdgroup.kz/catalog/oborudovanie_dlya_professionalnoy_gigieny_/ultrazvukovoy_komb_apparat_air_flow_/","ultrazvukovoy_komb_apparat_air_flow_","ultrazvukovoy komb apparat air flow","","Стоматологические товары","piece","KZT","","","false","Публичная карточка AMDgroup; цена, остаток и compliance требуют подтверждения поставщиком."
"amdgroup-public","AMDgroup","https://amdgroup.kz/catalog/obratnokonusnye/805_009m_fg_borye_almaznye/","805_009m_fg_borye_almaznye","805 009m fg borye almaznye","","Стоматологические товары","piece","KZT","","","false","Публичная карточка AMDgroup; цена, остаток и compliance требуют подтверждения поставщиком."
"amdgroup-public","AMDgroup","https://amdgroup.kz/catalog/obratnokonusnye/805_010_m/","805_010_m","805 010 m","","Стоматологические товары","piece","KZT","","","false","Публичная карточка AMDgroup; цена, остаток и compliance требуют подтверждения поставщиком."
"amdgroup-public","AMDgroup","https://amdgroup.kz/catalog/obratnokonusnye/805_010m_kid_borye_almaznye/","805_010m_kid_borye_almaznye","805 010m kid borye almaznye","","Стоматологические товары","piece","KZT","","","false","Публичная карточка AMDgroup; цена, остаток и compliance требуют подтверждения поставщиком."
"amdgroup-public","AMDgroup","https://amdgroup.kz/catalog/obratnokonusnye/805_012_m_1_/","805_012_m_1_","805 012 m 1","","Стоматологические товары","piece","KZT","","","false","Публичная карточка AMDgroup; цена, остаток и compliance требуют подтверждения поставщиком."
"amdgroup-public","AMDgroup","https://amdgroup.kz/catalog/obratnokonusnye/805_014_m_1_/","805_014_m_1_","805 014 m 1","","Стоматологические товары","piece","KZT","","","false","Публичная карточка AMDgroup; цена, остаток и compliance требуют подтверждения поставщиком."
"amdgroup-public","AMDgroup","https://amdgroup.kz/catalog/obratnokonusnye/805_016m_fg_bory_almaznye/","805_016m_fg_bory_almaznye","805 016m fg bory almaznye","","Стоматологические товары","piece","KZT","","","false","Публичная карточка AMDgroup; цена, остаток и compliance требуют подтверждения поставщиком."
"amdgroup-public","AMDgroup","https://amdgroup.kz/catalog/obratnokonusnye/805_018m_fg_borye_almaznye/","805_018m_fg_borye_almaznye","805 018m fg borye almaznye","","Стоматологические товары","piece","KZT","","","false","Публичная карточка AMDgroup; цена, остаток и compliance требуют подтверждения поставщиком."
"amdgroup-public","AMDgroup","https://amdgroup.kz/catalog/obratnokonusnye/805_021_scfg/","805_021_scfg","805 021 scfg","","Стоматологические товары","piece","KZT","","","false","Публичная карточка AMDgroup; цена, остаток и compliance требуют подтверждения поставщиком."
"amdgroup-public","AMDgroup","https://amdgroup.kz/catalog/obratnokonusnye/805_021c_fg_borye_almaznye/","805_021c_fg_borye_almaznye","805 021c fg borye almaznye","","Стоматологические товары","piece","KZT","","","false","Публичная карточка AMDgroup; цена, остаток и compliance требуют подтверждения поставщиком."
"amdgroup-public","AMDgroup","https://amdgroup.kz/catalog/obratnokonusnye/806_008m_fg_borye_almaznye/","806_008m_fg_borye_almaznye","806 008m fg borye almaznye","","Стоматологические товары","piece","KZT","","","false","Публичная карточка AMDgroup; цена, остаток и compliance требуют подтверждения поставщиком."
"amdgroup-public","AMDgroup","https://amdgroup.kz/catalog/obratnokonusnye/806_016_m_2_/","806_016_m_2_","806 016 m 2","","Стоматологические товары","piece","KZT","","","false","Публичная карточка AMDgroup; цена, остаток и compliance требуют подтверждения поставщиком."
"amdgroup-public","AMDgroup","https://amdgroup.kz/catalog/obratnokonusnye/807_010m_fg_borye_almaznye/","807_010m_fg_borye_almaznye","807 010m fg borye almaznye","","Стоматологические товары","piece","KZT","","","false","Публичная карточка AMDgroup; цена, остаток и compliance требуют подтверждения поставщиком."
"amdgroup-public","AMDgroup","https://amdgroup.kz/catalog/obratnokonusnye/807_012_m_1_/","807_012_m_1_","807 012 m 1","","Стоматологические товары","piece","KZT","","","false","Публичная карточка AMDgroup; цена, остаток и compliance требуют подтверждения поставщиком."
"amdgroup-public","AMDgroup","https://amdgroup.kz/catalog/obratnokonusnye/807_014m_fg_borye_almaznye/","807_014m_fg_borye_almaznye","807 014m fg borye almaznye","","Стоматологические товары","piece","KZT","","","false","Публичная карточка AMDgroup; цена, остаток и compliance требуют подтверждения поставщиком."
"amdgroup-public","AMDgroup","https://amdgroup.kz/catalog/obratnokonusnye/807_021m_fg_borye_almaznye/","807_021m_fg_borye_almaznye","807 021m fg borye almaznye","","Стоматологические товары","piece","KZT","","","false","Публичная карточка AMDgroup; цена, остаток и compliance требуют подтверждения поставщиком."
"amdgroup-public","AMDgroup","https://amdgroup.kz/catalog/obratnokonusnye/bory_almaznye_802_008m_fg/","bory_almaznye_802_008m_fg","bory almaznye 802 008m fg","","Стоматологические товары","piece","KZT","","","false","Публичная карточка AMDgroup; цена, остаток и compliance требуют подтверждения поставщиком."
"amdgroup-public","AMDgroup","https://amdgroup.kz/catalog/obratnokonusnye/bory_almaznye_802_009m_fg/","bory_almaznye_802_009m_fg","bory almaznye 802 009m fg","","Стоматологические товары","piece","KZT","","","false","Публичная карточка AMDgroup; цена, остаток и compliance требуют подтверждения поставщиком."
"amdgroup-public","AMDgroup","https://amdgroup.kz/catalog/obratnokonusnye/bory_almaznye_802_010m_fg/","bory_almaznye_802_010m_fg","bory almaznye 802 010m fg","","Стоматологические товары","piece","KZT","","","false","Публичная карточка AMDgroup; цена, остаток и compliance требуют подтверждения поставщиком."
"amdgroup-public","AMDgroup","https://amdgroup.kz/catalog/obratnokonusnye/bory_almaznye_802_012c_fg/","bory_almaznye_802_012c_fg","bory almaznye 802 012c fg","","Стоматологические товары","piece","KZT","","","false","Публичная карточка AMDgroup; цена, остаток и compliance требуют подтверждения поставщиком."
"amdgroup-public","AMDgroup","https://amdgroup.kz/catalog/obratnokonusnye/bory_almaznye_802_012m_fg/","bory_almaznye_802_012m_fg","bory almaznye 802 012m fg","","Стоматологические товары","piece","KZT","","","false","Публичная карточка AMDgroup; цена, остаток и compliance требуют подтверждения поставщиком."
"amdgroup-public","AMDgroup","https://amdgroup.kz/catalog/obratnokonusnye/bory_almaznye_802_014c_fg/","bory_almaznye_802_014c_fg","bory almaznye 802 014c fg","","Стоматологические товары","piece","KZT","","","false","Публичная карточка AMDgroup; цена, остаток и compliance требуют подтверждения поставщиком."
"amdgroup-public","AMDgroup","https://amdgroup.kz/catalog/obratnokonusnye/bory_almaznye_802_014m_fg/","bory_almaznye_802_014m_fg","bory almaznye 802 014m fg","","Стоматологические товары","piece","KZT","","","false","Публичная карточка AMDgroup; цена, остаток и compliance требуют подтверждения поставщиком."
"amdgroup-public","AMDgroup","https://amdgroup.kz/catalog/obratnokonusnye/bory_almaznye_802_016c_fg/","bory_almaznye_802_016c_fg","bory almaznye 802 016c fg","","Стоматологические товары","piece","KZT","","","false","Публичная карточка AMDgroup; цена, остаток и compliance требуют подтверждения поставщиком."
"amdgroup-public","AMDgroup","https://amdgroup.kz/catalog/obratnokonusnye/bory_almaznye_802_016m_fg/","bory_almaznye_802_016m_fg","bory almaznye 802 016m fg","","Стоматологические товары","piece","KZT","","","false","Публичная карточка AMDgroup; цена, остаток и compliance требуют подтверждения поставщиком."
"amdgroup-public","AMDgroup","https://amdgroup.kz/catalog/obratnokonusnye/bory_almaznye_802_018c_fg/","bory_almaznye_802_018c_fg","bory almaznye 802 018c fg","","Стоматологические товары","piece","KZT","","","false","Публичная карточка AMDgroup; цена, остаток и compliance требуют подтверждения поставщиком."
"amdgroup-public","AMDgroup","https://amdgroup.kz/catalog/obratnokonusnye/bory_almaznye_802_018m_fg/","bory_almaznye_802_018m_fg","bory almaznye 802 018m fg","","Стоматологические товары","piece","KZT","","","false","Публичная карточка AMDgroup; цена, остаток и compliance требуют подтверждения поставщиком."
"amdgroup-public","AMDgroup","https://amdgroup.kz/catalog/obratnokonusnye/bory_almaznye_802l_013m_fg/","bory_almaznye_802l_013m_fg","bory almaznye 802l 013m fg","","Стоматологические товары","piece","KZT","","","false","Публичная карточка AMDgroup; цена, остаток и compliance требуют подтверждения поставщиком."
"amdgroup-public","AMDgroup","https://amdgroup.kz/catalog/obratnokonusnye/bory_almaznye_802l_016m_fg/","bory_almaznye_802l_016m_fg","bory almaznye 802l 016m fg","","Стоматологические товары","piece","KZT","","","false","Публичная карточка AMDgroup; цена, остаток и compliance требуют подтверждения поставщиком."
"amdgroup-public","AMDgroup","https://amdgroup.kz/catalog/obratnokonusnye/bory_almaznye_805_008m_kidfg/","bory_almaznye_805_008m_kidfg","bory almaznye 805 008m kidfg","","Стоматологические товары","piece","KZT","","","false","Публичная карточка AMDgroup; цена, остаток и compliance требуют подтверждения поставщиком."
"amdgroup-public","AMDgroup","https://amdgroup.kz/catalog/obratnokonusnye/bory_almaznye_805_012c_fg/","bory_almaznye_805_012c_fg","bory almaznye 805 012c fg","","Стоматологические товары","piece","KZT","","","false","Публичная карточка AMDgroup; цена, остаток и compliance требуют подтверждения поставщиком."
"amdgroup-public","AMDgroup","https://amdgroup.kz/catalog/obratnokonusnye/bory_almaznye_805_012m_fgm/","bory_almaznye_805_012m_fgm","bory almaznye 805 012m fgm","","Стоматологические товары","piece","KZT","","","false","Публичная карточка AMDgroup; цена, остаток и compliance требуют подтверждения поставщиком."
"amdgroup-public","AMDgroup","https://amdgroup.kz/catalog/obratnokonusnye/bory_almaznye_805_014m_fgm/","bory_almaznye_805_014m_fgm","bory almaznye 805 014m fgm","","Стоматологические товары","piece","KZT","","","false","Публичная карточка AMDgroup; цена, остаток и compliance требуют подтверждения поставщиком."
"amdgroup-public","AMDgroup","https://amdgroup.kz/catalog/obratnokonusnye/bory_almaznye_805_016c_fg/","bory_almaznye_805_016c_fg","bory almaznye 805 016c fg","","Стоматологические товары","piece","KZT","","","false","Публичная карточка AMDgroup; цена, остаток и compliance требуют подтверждения поставщиком."
"amdgroup-public","AMDgroup","https://amdgroup.kz/catalog/obratnokonusnye/bory_almaznye_805_016f_fg/","bory_almaznye_805_016f_fg","bory almaznye 805 016f fg","","Стоматологические товары","piece","KZT","","","false","Публичная карточка AMDgroup; цена, остаток и compliance требуют подтверждения поставщиком."
"amdgroup-public","AMDgroup","https://amdgroup.kz/catalog/obratnokonusnye/bory_almaznye_805_018c_fg/","bory_almaznye_805_018c_fg","bory almaznye 805 018c fg","","Стоматологические товары","piece","KZT","","","false","Публичная карточка AMDgroup; цена, остаток и compliance требуют подтверждения поставщиком."
"amdgroup-public","AMDgroup","https://amdgroup.kz/catalog/obratnokonusnye/bory_almaznye_805_023c_fg/","bory_almaznye_805_023c_fg","bory almaznye 805 023c fg","","Стоматологические товары","piece","KZT","","","false","Публичная карточка AMDgroup; цена, остаток и compliance требуют подтверждения поставщиком."
"amdgroup-public","AMDgroup","https://amdgroup.kz/catalog/obratnokonusnye/bory_almaznye_806_023c_fg/","bory_almaznye_806_023c_fg","bory almaznye 806 023c fg","","Стоматологические товары","piece","KZT","","","false","Публичная карточка AMDgroup; цена, остаток и compliance требуют подтверждения поставщиком."
"amdgroup-public","AMDgroup","https://amdgroup.kz/catalog/obratnokonusnye/bory_almaznye_806_104_354_524_220/","bory_almaznye_806_104_354_524_220","bory almaznye 806 104 354 524 220","","Стоматологические товары","piece","KZT","","","false","Публичная карточка AMDgroup; цена, остаток и compliance требуют подтверждения поставщиком."
"amdgroup-public","AMDgroup","https://amdgroup.kz/catalog/obratnokonusnye/bory_almaznye_806_104_356_514_220/","bory_almaznye_806_104_356_514_220","bory almaznye 806 104 356 514 220","","Стоматологические товары","piece","KZT","","","false","Публичная карточка AMDgroup; цена, остаток и compliance требуют подтверждения поставщиком."
"amdgroup-public","AMDgroup","https://amdgroup.kz/catalog/obratnokonusnye/bory_almaznye_806_104_365_524_450/","bory_almaznye_806_104_365_524_450","bory almaznye 806 104 365 524 450","","Стоматологические товары","piece","KZT","","","false","Публичная карточка AMDgroup; цена, остаток и compliance требуют подтверждения поставщиком."
"amdgroup-public","AMDgroup","https://amdgroup.kz/catalog/obratnokonusnye/bory_almaznye_806_104_405_524_220/","bory_almaznye_806_104_405_524_220","bory almaznye 806 104 405 524 220","","Стоматологические товары","piece","KZT","","","false","Публичная карточка AMDgroup; цена, остаток и compliance требуют подтверждения поставщиком."
"amdgroup-public","AMDgroup","https://amdgroup.kz/catalog/obratnokonusnye/bory_almaznye_806_104_705_514_220/","bory_almaznye_806_104_705_514_220","bory almaznye 806 104 705 514 220","","Стоматологические товары","piece","KZT","","","false","Публичная карточка AMDgroup; цена, остаток и compliance требуют подтверждения поставщиком."
"amdgroup-public","AMDgroup","https://amdgroup.kz/catalog/obratnokonusnye/bory_almaznye_807_018m_fg/","bory_almaznye_807_018m_fg","bory almaznye 807 018m fg","","Стоматологические товары","piece","KZT","","","false","Публичная карточка AMDgroup; цена, остаток и compliance требуют подтверждения поставщиком."
"amdgroup-public","AMDgroup","https://amdgroup.kz/catalog/obratnokonusnye/bory_almaznye_808_018c_fg/","bory_almaznye_808_018c_fg","bory almaznye 808 018c fg","","Стоматологические товары","piece","KZT","","","false","Публичная карточка AMDgroup; цена, остаток и compliance требуют подтверждения поставщиком."
"amdgroup-public","AMDgroup","https://amdgroup.kz/catalog/obratnokonusnye/bory_almaznye_808_018f_fg/","bory_almaznye_808_018f_fg","bory almaznye 808 018f fg","","Стоматологические товары","piece","KZT","","","false","Публичная карточка AMDgroup; цена, остаток и compliance требуют подтверждения поставщиком."
"amdgroup-public","AMDgroup","https://amdgroup.kz/catalog/obratnokonusnye/bory_almaznye_808_018m_fg/","bory_almaznye_808_018m_fg","bory almaznye 808 018m fg","","Стоматологические товары","piece","KZT","","","false","Публичная карточка AMDgroup; цена, остаток и compliance требуют подтверждения поставщиком."
"amdgroup-public","AMDgroup","https://amdgroup.kz/catalog/obratnokonusnye/bory_almaznye_808_023c_fg/","bory_almaznye_808_023c_fg","bory almaznye 808 023c fg","","Стоматологические товары","piece","KZT","","","false","Публичная карточка AMDgroup; цена, остаток и compliance требуют подтверждения поставщиком."
"amdgroup-public","AMDgroup","https://amdgroup.kz/catalog/obratnokonusnye/bory_almaznye_808_023m_fg/","bory_almaznye_808_023m_fg","bory almaznye 808 023m fg","","Стоматологические товары","piece","KZT","","","false","Публичная карточка AMDgroup; цена, остаток и compliance требуют подтверждения поставщиком."
"amdgroup-public","AMDgroup","https://amdgroup.kz/catalog/obratnokonusnye/diski/","diski","diski","","Стоматологические товары","piece","KZT","","","false","Публичная карточка AMDgroup; цена, остаток и compliance требуют подтверждения поставщиком."
"amdgroup-public","AMDgroup","https://amdgroup.kz/catalog/obratnokonusnye/diski_806_104_327_514_080/","diski_806_104_327_514_080","diski 806 104 327 514 080","","Стоматологические товары","piece","KZT","","","false","Публичная карточка AMDgroup; цена, остаток и compliance требуют подтверждения поставщиком."
"amdgroup-public","AMDgroup","https://amdgroup.kz/catalog/obratnokonusnye/diski_806_104_345_514_220/","diski_806_104_345_514_220","diski 806 104 345 514 220","","Стоматологические товары","piece","KZT","","","false","Публичная карточка AMDgroup; цена, остаток и compliance требуют подтверждения поставщиком."
"amdgroup-public","AMDgroup","https://amdgroup.kz/catalog/obratnokonusnye/diski_806_104_345_524_220/","diski_806_104_345_524_220","diski 806 104 345 524 220","","Стоматологические товары","piece","KZT","","","false","Публичная карточка AMDgroup; цена, остаток и compliance требуют подтверждения поставщиком."
"amdgroup-public","AMDgroup","https://amdgroup.kz/catalog/obratnokonusnye/diski_almaznye_806_104_335_524_220/","diski_almaznye_806_104_335_524_220","diski almaznye 806 104 335 524 220","","Стоматологические товары","piece","KZT","","","false","Публичная карточка AMDgroup; цена, остаток и compliance требуют подтверждения поставщиком."
"amdgroup-public","AMDgroup","https://amdgroup.kz/catalog/obratnokonusnye/diski_almaznye_806_104_350_514_220/","diski_almaznye_806_104_350_514_220","diski almaznye 806 104 350 514 220","","Стоматологические товары","piece","KZT","","","false","Публичная карточка AMDgroup; цена, остаток и compliance требуют подтверждения поставщиком."
"amdgroup-public","AMDgroup","https://amdgroup.kz/catalog/obratnokonusnye/diski_almaznye_806_104_350_524_190/","diski_almaznye_806_104_350_524_190","diski almaznye 806 104 350 524 190","","Стоматологические товары","piece","KZT","","","false","Публичная карточка AMDgroup; цена, остаток и compliance требуют подтверждения поставщиком."
"amdgroup-public","AMDgroup","https://amdgroup.kz/catalog/obratnokonusnye/diski_almaznye_806_104_350_524_220/","diski_almaznye_806_104_350_524_220","diski almaznye 806 104 350 524 220","","Стоматологические товары","piece","KZT","","","false","Публичная карточка AMDgroup; цена, остаток и compliance требуют подтверждения поставщиком."
"amdgroup-public","AMDgroup","https://amdgroup.kz/catalog/obratnokonusnye/diski_almaznye_806_104_351_524_220/","diski_almaznye_806_104_351_524_220","diski almaznye 806 104 351 524 220","","Стоматологические товары","piece","KZT","","","false","Публичная карточка AMDgroup; цена, остаток и compliance требуют подтверждения поставщиком."
"amdgroup-public","AMDgroup","https://amdgroup.kz/catalog/obratnokonusnye/diski_almaznye_806_104_393_514_220/","diski_almaznye_806_104_393_514_220","diski almaznye 806 104 393 514 220","","Стоматологические товары","piece","KZT","","","false","Публичная карточка AMDgroup; цена, остаток и compliance требуют подтверждения поставщиком."
"amdgroup-public","AMDgroup","https://amdgroup.kz/catalog/obratnokonusnye/diski_almaznye_806_104_505_504_190/","diski_almaznye_806_104_505_504_190","diski almaznye 806 104 505 504 190","","Стоматологические товары","piece","KZT","","","false","Публичная карточка AMDgroup; цена, остаток и compliance требуют подтверждения поставщиком."
"amdgroup-public","AMDgroup","https://amdgroup.kz/catalog/obratnokonusnye/diski_almaznye_806_104_605_514_220/","diski_almaznye_806_104_605_514_220","diski almaznye 806 104 605 514 220","","Стоматологические товары","piece","KZT","","","false","Публичная карточка AMDgroup; цена, остаток и compliance требуют подтверждения поставщиком."
"amdgroup-public","AMDgroup","https://amdgroup.kz/catalog/obratnokonusnye/diski_almaznye_806_104_705_514_190/","diski_almaznye_806_104_705_514_190","diski almaznye 806 104 705 514 190","","Стоматологические товары","piece","KZT","","","false","Публичная карточка AMDgroup; цена, остаток и compliance требуют подтверждения поставщиком."
"amdgroup-public","AMDgroup","https://amdgroup.kz/catalog/oklyuzionnye/833_018sf_fg_borye_almaznye/","833_018sf_fg_borye_almaznye","833 018sf fg borye almaznye","","Стоматологические товары","piece","KZT","","","false","Публичная карточка AMDgroup; цена, остаток и compliance требуют подтверждения поставщиком."
"amdgroup-public","AMDgroup","https://amdgroup.kz/catalog/oklyuzionnye/bory_almaznye_833_018f_fg/","bory_almaznye_833_018f_fg","bory almaznye 833 018f fg","","Стоматологические товары","piece","KZT","","","false","Публичная карточка AMDgroup; цена, остаток и compliance требуют подтверждения поставщиком."
"amdgroup-public","AMDgroup","https://amdgroup.kz/catalog/oklyuzionnye/bory_almaznye_833_018m_3_/","bory_almaznye_833_018m_3_","bory almaznye 833 018m 3","","Стоматологические товары","piece","KZT","","","false","Публичная карточка AMDgroup; цена, остаток и compliance требуют подтверждения поставщиком."
"amdgroup-public","AMDgroup","https://amdgroup.kz/catalog/oklyuzionnye/bory_almaznye_833_021_sf_okklyuzionnyy_sverkhmelkaya/","bory_almaznye_833_021_sf_okklyuzionnyy_sverkhmelkaya","bory almaznye 833 021 sf okklyuzionnyy sverkhmelkaya","","Стоматологические товары","piece","KZT","","","false","Публичная карточка AMDgroup; цена, остаток и compliance требуют подтверждения поставщиком."
"amdgroup-public","AMDgroup","https://amdgroup.kz/catalog/oklyuzionnye/bory_almaznye_833_031f_fg/","bory_almaznye_833_031f_fg","bory almaznye 833 031f fg","","Стоматологические товары","piece","KZT","","","false","Публичная карточка AMDgroup; цена, остаток и compliance требуют подтверждения поставщиком."
"amdgroup-public","AMDgroup","https://amdgroup.kz/catalog/oklyuzionnye/bory_almaznye_833_031sf_fg_occlusial/","bory_almaznye_833_031sf_fg_occlusial","bory almaznye 833 031sf fg occlusial","","Стоматологические товары","piece","KZT","","","false","Публичная карточка AMDgroup; цена, остаток и compliance требуют подтверждения поставщиком."
"amdgroup-public","AMDgroup","https://amdgroup.kz/catalog/oklyuzionnye/bory_almaznye_970_023f_fgm/","bory_almaznye_970_023f_fgm","bory almaznye 970 023f fgm","","Стоматологические товары","piece","KZT","","","false","Публичная карточка AMDgroup; цена, остаток и compliance требуют подтверждения поставщиком."
"amdgroup-public","AMDgroup","https://amdgroup.kz/catalog/oklyuzionnye/bory_almaznye_970_023m_fgm/","bory_almaznye_970_023m_fgm","bory almaznye 970 023m fgm","","Стоматологические товары","piece","KZT","","","false","Публичная карточка AMDgroup; цена, остаток и compliance требуют подтверждения поставщиком."
"amdgroup-public","AMDgroup","https://amdgroup.kz/catalog/oklyuzionnye/bory_almaznye_980_027f_fgm/","bory_almaznye_980_027f_fgm","bory almaznye 980 027f fgm","","Стоматологические товары","piece","KZT","","","false","Публичная карточка AMDgroup; цена, остаток и compliance требуют подтверждения поставщиком."
"amdgroup-public","AMDgroup","https://amdgroup.kz/catalog/oklyuzionnye/bory_almaznye_980_027m_fgm/","bory_almaznye_980_027m_fgm","bory almaznye 980 027m fgm","","Стоматологические товары","piece","KZT","","","false","Публичная карточка AMDgroup; цена, остаток и compliance требуют подтверждения поставщиком."
"amdgroup-public","AMDgroup","https://amdgroup.kz/catalog/olivovidnye/379_012f_fg_bory_almaznye/","379_012f_fg_bory_almaznye","379 012f fg bory almaznye","","Стоматологические товары","piece","KZT","","","false","Публичная карточка AMDgroup; цена, остаток и compliance требуют подтверждения поставщиком."
"amdgroup-public","AMDgroup","https://amdgroup.kz/catalog/olivovidnye/bory_almaznye_379_012c_fg/","bory_almaznye_379_012c_fg","bory almaznye 379 012c fg","","Стоматологические товары","piece","KZT","","","false","Публичная карточка AMDgroup; цена, остаток и compliance требуют подтверждения поставщиком."
"amdgroup-public","AMDgroup","https://amdgroup.kz/catalog/olivovidnye/bory_almaznye_379_012m_fg/","bory_almaznye_379_012m_fg","bory almaznye 379 012m fg","","Стоматологические товары","piece","KZT","","","false","Публичная карточка AMDgroup; цена, остаток и compliance требуют подтверждения поставщиком."
"amdgroup-public","AMDgroup","https://amdgroup.kz/catalog/olivovidnye/bory_almaznye_379_014_m_/","bory_almaznye_379_014_m_","bory almaznye 379 014 m","","Стоматологические товары","piece","KZT","","","false","Публичная карточка AMDgroup; цена, остаток и compliance требуют подтверждения поставщиком."
"amdgroup-public","AMDgroup","https://amdgroup.kz/catalog/olivovidnye/bory_almaznye_379_014c_fg/","bory_almaznye_379_014c_fg","bory almaznye 379 014c fg","","Стоматологические товары","piece","KZT","","","false","Публичная карточка AMDgroup; цена, остаток и compliance требуют подтверждения поставщиком."
"amdgroup-public","AMDgroup","https://amdgroup.kz/catalog/olivovidnye/bory_almaznye_379_014f_fg/","bory_almaznye_379_014f_fg","bory almaznye 379 014f fg","","Стоматологические товары","piece","KZT","","","false","Публичная карточка AMDgroup; цена, остаток и compliance требуют подтверждения поставщиком."
"amdgroup-public","AMDgroup","https://amdgroup.kz/catalog/olivovidnye/bory_almaznye_379_014sc_fg/","bory_almaznye_379_014sc_fg","bory almaznye 379 014sc fg","","Стоматологические товары","piece","KZT","","","false","Публичная карточка AMDgroup; цена, остаток и compliance требуют подтверждения поставщиком."
"amdgroup-public","AMDgroup","https://amdgroup.kz/catalog/olivovidnye/bory_almaznye_379_014sf_fg/","bory_almaznye_379_014sf_fg","bory almaznye 379 014sf fg","","Стоматологические товары","piece","KZT","","","false","Публичная карточка AMDgroup; цена, остаток и compliance требуют подтверждения поставщиком."
"amdgroup-public","AMDgroup","https://amdgroup.kz/catalog/olivovidnye/bory_almaznye_379_016c_fg/","bory_almaznye_379_016c_fg","bory almaznye 379 016c fg","","Стоматологические товары","piece","KZT","","","false","Публичная карточка AMDgroup; цена, остаток и compliance требуют подтверждения поставщиком."
"amdgroup-public","AMDgroup","https://amdgroup.kz/catalog/olivovidnye/bory_almaznye_379_016f_fg/","bory_almaznye_379_016f_fg","bory almaznye 379 016f fg","","Стоматологические товары","piece","KZT","","","false","Публичная карточка AMDgroup; цена, остаток и compliance требуют подтверждения поставщиком."
"amdgroup-public","AMDgroup","https://amdgroup.kz/catalog/olivovidnye/bory_almaznye_379_016m_2/","bory_almaznye_379_016m_2","bory almaznye 379 016m 2","","Стоматологические товары","piece","KZT","","","false","Публичная карточка AMDgroup; цена, остаток и compliance требуют подтверждения поставщиком."
"amdgroup-public","AMDgroup","https://amdgroup.kz/catalog/olivovidnye/bory_almaznye_379_016sc_fg/","bory_almaznye_379_016sc_fg","bory almaznye 379 016sc fg","","Стоматологические товары","piece","KZT","","","false","Публичная карточка AMDgroup; цена, остаток и compliance требуют подтверждения поставщиком."
"amdgroup-public","AMDgroup","https://amdgroup.kz/catalog/olivovidnye/bory_almaznye_379_016sf_fg/","bory_almaznye_379_016sf_fg","bory almaznye 379 016sf fg","","Стоматологические товары","piece","KZT","","","false","Публичная карточка AMDgroup; цена, остаток и compliance требуют подтверждения поставщиком."
"amdgroup-public","AMDgroup","https://amdgroup.kz/catalog/olivovidnye/bory_almaznye_379_018_m_/","bory_almaznye_379_018_m_","bory almaznye 379 018 m","","Стоматологические товары","piece","KZT","","","false","Публичная карточка AMDgroup; цена, остаток и compliance требуют подтверждения поставщиком."
"amdgroup-public","AMDgroup","https://amdgroup.kz/catalog/olivovidnye/bory_almaznye_379_018c_fg/","bory_almaznye_379_018c_fg","bory almaznye 379 018c fg","","Стоматологические товары","piece","KZT","","","false","Публичная карточка AMDgroup; цена, остаток и compliance требуют подтверждения поставщиком."
"amdgroup-public","AMDgroup","https://amdgroup.kz/catalog/olivovidnye/bory_almaznye_379_018f_fg/","bory_almaznye_379_018f_fg","bory almaznye 379 018f fg","","Стоматологические товары","piece","KZT","","","false","Публичная карточка AMDgroup; цена, остаток и compliance требуют подтверждения поставщиком."
"amdgroup-public","AMDgroup","https://amdgroup.kz/catalog/olivovidnye/bory_almaznye_379_018sc_fg/","bory_almaznye_379_018sc_fg","bory almaznye 379 018sc fg","","Стоматологические товары","piece","KZT","","","false","Публичная карточка AMDgroup; цена, остаток и compliance требуют подтверждения поставщиком."
"amdgroup-public","AMDgroup","https://amdgroup.kz/catalog/olivovidnye/bory_almaznye_379_018sf_fg/","bory_almaznye_379_018sf_fg","bory almaznye 379 018sf fg","","Стоматологические товары","piece","KZT","","","false","Публичная карточка AMDgroup; цена, остаток и compliance требуют подтверждения поставщиком."
"amdgroup-public","AMDgroup","https://amdgroup.kz/catalog/olivovidnye/bory_almaznye_379_023c_fg/","bory_almaznye_379_023c_fg","bory almaznye 379 023c fg","","Стоматологические товары","piece","KZT","","","false","Публичная карточка AMDgroup; цена, остаток и compliance требуют подтверждения поставщиком."
"amdgroup-public","AMDgroup","https://amdgroup.kz/catalog/olivovidnye/bory_almaznye_379_023f_fg/","bory_almaznye_379_023f_fg","bory almaznye 379 023f fg","","Стоматологические товары","piece","KZT","","","false","Публичная карточка AMDgroup; цена, остаток и compliance требуют подтверждения поставщиком."
"amdgroup-public","AMDgroup","https://amdgroup.kz/catalog/olivovidnye/bory_almaznye_379_023f_fgl/","bory_almaznye_379_023f_fgl","bory almaznye 379 023f fgl","","Стоматологические товары","piece","KZT","","","false","Публичная карточка AMDgroup; цена, остаток и compliance требуют подтверждения поставщиком."
"amdgroup-public","AMDgroup","https://amdgroup.kz/catalog/olivovidnye/bory_almaznye_379_023m_fg/","bory_almaznye_379_023m_fg","bory almaznye 379 023m fg","","Стоматологические товары","piece","KZT","","","false","Публичная карточка AMDgroup; цена, остаток и compliance требуют подтверждения поставщиком."
"amdgroup-public","AMDgroup","https://amdgroup.kz/catalog/olivovidnye/bory_almaznye_379_023m_fgl/","bory_almaznye_379_023m_fgl","bory almaznye 379 023m fgl","","Стоматологические товары","piece","KZT","","","false","Публичная карточка AMDgroup; цена, остаток и compliance требуют подтверждения поставщиком."
"amdgroup-public","AMDgroup","https://amdgroup.kz/catalog/olivovidnye/bory_almaznye_379_023sc_fg/","bory_almaznye_379_023sc_fg","bory almaznye 379 023sc fg","","Стоматологические товары","piece","KZT","","","false","Публичная карточка AMDgroup; цена, остаток и compliance требуют подтверждения поставщиком."
"amdgroup-public","AMDgroup","https://amdgroup.kz/catalog/olivovidnye/bory_almaznye_379_023sf_fg/","bory_almaznye_379_023sf_fg","bory almaznye 379 023sf fg","","Стоматологические товары","piece","KZT","","","false","Публичная карточка AMDgroup; цена, остаток и compliance требуют подтверждения поставщиком."
"amdgroup-public","AMDgroup","https://amdgroup.kz/catalog/olivovidnye/bory_almaznye_379_023sf_fgl/","bory_almaznye_379_023sf_fgl","bory almaznye 379 023sf fgl","","Стоматологические товары","piece","KZT","","","false","Публичная карточка AMDgroup; цена, остаток и compliance требуют подтверждения поставщиком."
"amdgroup-public","AMDgroup","https://amdgroup.kz/catalog/olivovidnye/bory_almaznye_379_029_s/","bory_almaznye_379_029_s","bory almaznye 379 029 s","","Стоматологические товары","piece","KZT","","","false","Публичная карточка AMDgroup; цена, остаток и compliance требуют подтверждения поставщиком."
"amdgroup-public","AMDgroup","https://amdgroup.kz/catalog/olivovidnye/bory_almaznye_379_029f_fg/","bory_almaznye_379_029f_fg","bory almaznye 379 029f fg","","Стоматологические товары","piece","KZT","","","false","Публичная карточка AMDgroup; цена, остаток и compliance требуют подтверждения поставщиком."
"amdgroup-public","AMDgroup","https://amdgroup.kz/catalog/olivovidnye/bory_almaznye_detskie_379_009m_kid/","bory_almaznye_detskie_379_009m_kid","bory almaznye detskie 379 009m kid","","Стоматологические товары","piece","KZT","","","false","Публичная карточка AMDgroup; цена, остаток и compliance требуют подтверждения поставщиком."
"amdgroup-public","AMDgroup","https://amdgroup.kz/catalog/olivovidnye/bory_almaznye_detskie_379_009m_kidl/","bory_almaznye_detskie_379_009m_kidl","bory almaznye detskie 379 009m kidl","","Стоматологические товары","piece","KZT","","","false","Публичная карточка AMDgroup; цена, остаток и compliance требуют подтверждения поставщиком."
"amdgroup-public","AMDgroup","https://amdgroup.kz/catalog/olivovidnye/bory_almaznye_ovalnye_sverkhmelkaya_379_012_sf_2_/","bory_almaznye_ovalnye_sverkhmelkaya_379_012_sf_2_","bory almaznye ovalnye sverkhmelkaya 379 012 sf 2","","Стоматологические товары","piece","KZT","","","false","Публичная карточка AMDgroup; цена, остаток и compliance требуют подтверждения поставщиком."
"amdgroup-public","AMDgroup","https://amdgroup.kz/catalog/ortodontiya2/applikator_dlya_plasticheskikh_ligatur/","applikator_dlya_plasticheskikh_ligatur","applikator dlya plasticheskikh ligatur","","Стоматологические товары","piece","KZT","","","false","Публичная карточка AMDgroup; цена, остаток и compliance требуют подтверждения поставщиком."
"amdgroup-public","AMDgroup","https://amdgroup.kz/catalog/ortodontiya2/instrument_stom_dlya_podgibaniya_ortodonticheskoy_dugi/","instrument_stom_dlya_podgibaniya_ortodonticheskoy_dugi","instrument stom dlya podgibaniya ortodonticheskoy dugi","","Стоматологические товары","piece","KZT","","","false","Публичная карточка AMDgroup; цена, остаток и compliance требуют подтверждения поставщиком."
"amdgroup-public","AMDgroup","https://amdgroup.kz/catalog/ortodontiya2/koronkosnimateli_767_768xsi/","koronkosnimateli_767_768xsi","koronkosnimateli 767 768xsi","","Стоматологические товары","piece","KZT","","","false","Публичная карточка AMDgroup; цена, остаток и compliance требуют подтверждения поставщиком."
"amdgroup-public","AMDgroup","https://amdgroup.kz/catalog/ortodontiya2/lineyka_ortodonticheskaya_2_ortosize/","lineyka_ortodonticheskaya_2_ortosize","lineyka ortodonticheskaya 2 ortosize","","Стоматологические товары","piece","KZT","","","false","Публичная карточка AMDgroup; цена, остаток и compliance требуют подтверждения поставщиком."
"amdgroup-public","AMDgroup","https://amdgroup.kz/catalog/ortodontiya2/lineyka_ortodonticheskaya_ortosizer_9400/","lineyka_ortodonticheskaya_ortosizer_9400","lineyka ortodonticheskaya ortosizer 9400","","Стоматологические товары","piece","KZT","","","false","Публичная карточка AMDgroup; цена, остаток и compliance требуют подтверждения поставщиком."
"amdgroup-public","AMDgroup","https://amdgroup.kz/catalog/ortodontiya2/pintset_dlya_breketov/","pintset_dlya_breketov","pintset dlya breketov","","Стоматологические товары","piece","KZT","","","false","Публичная карточка AMDgroup; цена, остаток и compliance требуют подтверждения поставщиком."
"amdgroup-public","AMDgroup","https://amdgroup.kz/catalog/ortodontiya2/zagibator_dlya_ligatur/","zagibator_dlya_ligatur","zagibator dlya ligatur","","Стоматологические товары","piece","KZT","","","false","Публичная карточка AMDgroup; цена, остаток и compliance требуют подтверждения поставщиком."
"amdgroup-public","AMDgroup","https://amdgroup.kz/catalog/parodontologicheskiy_tsentr_/apparat_ultrazvukovoy_vector_paro_2031_50/","apparat_ultrazvukovoy_vector_paro_2031_50","apparat ultrazvukovoy vector paro 2031 50","","Стоматологические товары","piece","KZT","","","false","Публичная карточка AMDgroup; цена, остаток и compliance требуют подтверждения поставщиком."
"amdgroup-public","AMDgroup","https://amdgroup.kz/catalog/parodontologicheskiy_tsentr_/apparat_ultrazvukovoy_vector_paro_pro_2031_51/","apparat_ultrazvukovoy_vector_paro_pro_2031_51","apparat ultrazvukovoy vector paro pro 2031 51","","Стоматологические товары","piece","KZT","","","false","Публичная карточка AMDgroup; цена, остаток и compliance требуют подтверждения поставщиком."
"amdgroup-public","AMDgroup","https://amdgroup.kz/catalog/parodontologicheskiy_tsentr_/apparat_ultrazvukovoy_vector_paro_pro_2031_51_1/","apparat_ultrazvukovoy_vector_paro_pro_2031_51_1","apparat ultrazvukovoy vector paro pro 2031 51 1","","Стоматологические товары","piece","KZT","","","false","Публичная карточка AMDgroup; цена, остаток и compliance требуют подтверждения поставщиком."
"amdgroup-public","AMDgroup","https://amdgroup.kz/catalog/plamevidnye/863_016f_fg_bory_almaznye/","863_016f_fg_bory_almaznye","863 016f fg bory almaznye","","Стоматологические товары","piece","KZT","","","false","Публичная карточка AMDgroup; цена, остаток и compliance требуют подтверждения поставщиком."
"amdgroup-public","AMDgroup","https://amdgroup.kz/catalog/plamevidnye/863_021m_fg_bory_almaznye/","863_021m_fg_bory_almaznye","863 021m fg bory almaznye","","Стоматологические товары","piece","KZT","","","false","Публичная карточка AMDgroup; цена, остаток и compliance требуют подтверждения поставщиком."
"amdgroup-public","AMDgroup","https://amdgroup.kz/catalog/plamevidnye/863l_016_m_3_/","863l_016_m_3_","863l 016 m 3","","Стоматологические товары","piece","KZT","","","false","Публичная карточка AMDgroup; цена, остаток и compliance требуют подтверждения поставщиком."
"amdgroup-public","AMDgroup","https://amdgroup.kz/catalog/plamevidnye/883_010m_fg_bory_almaznye/","883_010m_fg_bory_almaznye","883 010m fg bory almaznye","","Стоматологические товары","piece","KZT","","","false","Публичная карточка AMDgroup; цена, остаток и compliance требуют подтверждения поставщиком."
"amdgroup-public","AMDgroup","https://amdgroup.kz/catalog/plamevidnye/886_014m_fg_bory_almaznye/","886_014m_fg_bory_almaznye","886 014m fg bory almaznye","","Стоматологические товары","piece","KZT","","","false","Публичная карточка AMDgroup; цена, остаток и compliance требуют подтверждения поставщиком."
"amdgroup-public","AMDgroup","https://amdgroup.kz/catalog/plamevidnye/886_014sc_fg_bory_almaznye/","886_014sc_fg_bory_almaznye","886 014sc fg bory almaznye","","Стоматологические товары","piece","KZT","","","false","Публичная карточка AMDgroup; цена, остаток и compliance требуют подтверждения поставщиком."
"amdgroup-public","AMDgroup","https://amdgroup.kz/catalog/plamevidnye/886_016sc_fg_bory_almaznye/","886_016sc_fg_bory_almaznye","886 016sc fg bory almaznye","","Стоматологические товары","piece","KZT","","","false","Публичная карточка AMDgroup; цена, остаток и compliance требуют подтверждения поставщиком."
"amdgroup-public","AMDgroup","https://amdgroup.kz/catalog/plamevidnye/888_012m_fg_bory_almaznye/","888_012m_fg_bory_almaznye","888 012m fg bory almaznye","","Стоматологические товары","piece","KZT","","","false","Публичная карточка AMDgroup; цена, остаток и compliance требуют подтверждения поставщиком."
"amdgroup-public","AMDgroup","https://amdgroup.kz/catalog/plamevidnye/898_016m_fg_bory_almaznye/","898_016m_fg_bory_almaznye","898 016m fg bory almaznye","","Стоматологические товары","piece","KZT","","","false","Публичная карточка AMDgroup; цена, остаток и compliance требуют подтверждения поставщиком."
"amdgroup-public","AMDgroup","https://amdgroup.kz/catalog/plamevidnye/bory_almaznye_883_010c_fg/","bory_almaznye_883_010c_fg","bory almaznye 883 010c fg","","Стоматологические товары","piece","KZT","","","false","Публичная карточка AMDgroup; цена, остаток и compliance требуют подтверждения поставщиком."
"amdgroup-public","AMDgroup","https://amdgroup.kz/catalog/plamevidnye/bory_almaznye_883_010f_fg/","bory_almaznye_883_010f_fg","bory almaznye 883 010f fg","","Стоматологические товары","piece","KZT","","","false","Публичная карточка AMDgroup; цена, остаток и compliance требуют подтверждения поставщиком."
"amdgroup-public","AMDgroup","https://amdgroup.kz/catalog/plamevidnye/bory_almaznye_886_010f_fg/","bory_almaznye_886_010f_fg","bory almaznye 886 010f fg","","Стоматологические товары","piece","KZT","","","false","Публичная карточка AMDgroup; цена, остаток и compliance требуют подтверждения поставщиком."
"amdgroup-public","AMDgroup","https://amdgroup.kz/catalog/plamevidnye/bory_almaznye_886_010m_fg/","bory_almaznye_886_010m_fg","bory almaznye 886 010m fg","","Стоматологические товары","piece","KZT","","","false","Публичная карточка AMDgroup; цена, остаток и compliance требуют подтверждения поставщиком."
"amdgroup-public","AMDgroup","https://amdgroup.kz/catalog/plamevidnye/bory_almaznye_886_012c_fg/","bory_almaznye_886_012c_fg","bory almaznye 886 012c fg","","Стоматологические товары","piece","KZT","","","false","Публичная карточка AMDgroup; цена, остаток и compliance требуют подтверждения поставщиком."
"amdgroup-public","AMDgroup","https://amdgroup.kz/catalog/plamevidnye/bory_almaznye_886_012m_fg/","bory_almaznye_886_012m_fg","bory almaznye 886 012m fg","","Стоматологические товары","piece","KZT","","","false","Публичная карточка AMDgroup; цена, остаток и compliance требуют подтверждения поставщиком."
"amdgroup-public","AMDgroup","https://amdgroup.kz/catalog/plamevidnye/bory_almaznye_886_012sc_fg/","bory_almaznye_886_012sc_fg","bory almaznye 886 012sc fg","","Стоматологические товары","piece","KZT","","","false","Публичная карточка AMDgroup; цена, остаток и compliance требуют подтверждения поставщиком."
"amdgroup-public","AMDgroup","https://amdgroup.kz/catalog/plamevidnye/bory_almaznye_886_014c_fg/","bory_almaznye_886_014c_fg","bory almaznye 886 014c fg","","Стоматологические товары","piece","KZT","","","false","Публичная карточка AMDgroup; цена, остаток и compliance требуют подтверждения поставщиком."
"amdgroup-public","AMDgroup","https://amdgroup.kz/catalog/plamevidnye/bory_almaznye_886_014f_fg/","bory_almaznye_886_014f_fg","bory almaznye 886 014f fg","","Стоматологические товары","piece","KZT","","","false","Публичная карточка AMDgroup; цена, остаток и compliance требуют подтверждения поставщиком."
"amdgroup-public","AMDgroup","https://amdgroup.kz/catalog/plamevidnye/bory_almaznye_886_016f_fg/","bory_almaznye_886_016f_fg","bory almaznye 886 016f fg","","Стоматологические товары","piece","KZT","","","false","Публичная карточка AMDgroup; цена, остаток и compliance требуют подтверждения поставщиком."
"amdgroup-public","AMDgroup","https://amdgroup.kz/catalog/plamevidnye/bory_almaznye_888_012c_fg/","bory_almaznye_888_012c_fg","bory almaznye 888 012c fg","","Стоматологические товары","piece","KZT","","","false","Публичная карточка AMDgroup; цена, остаток и compliance требуют подтверждения поставщиком."
"amdgroup-public","AMDgroup","https://amdgroup.kz/catalog/plamevidnye/bory_almaznye_889_009c_fg/","bory_almaznye_889_009c_fg","bory almaznye 889 009c fg","","Стоматологические товары","piece","KZT","","","false","Публичная карточка AMDgroup; цена, остаток и compliance требуют подтверждения поставщиком."
"amdgroup-public","AMDgroup","https://amdgroup.kz/catalog/plamevidnye/bory_almaznye_889_009f_fg/","bory_almaznye_889_009f_fg","bory almaznye 889 009f fg","","Стоматологические товары","piece","KZT","","","false","Публичная карточка AMDgroup; цена, остаток и compliance требуют подтверждения поставщиком."
"amdgroup-public","AMDgroup","https://amdgroup.kz/catalog/plamevidnye/bory_almaznye_889_010c_fg/","bory_almaznye_889_010c_fg","bory almaznye 889 010c fg","","Стоматологические товары","piece","KZT","","","false","Публичная карточка AMDgroup; цена, остаток и compliance требуют подтверждения поставщиком."
"amdgroup-public","AMDgroup","https://amdgroup.kz/catalog/plamevidnye/bory_almaznye_889_010f_fg/","bory_almaznye_889_010f_fg","bory almaznye 889 010f fg","","Стоматологические товары","piece","KZT","","","false","Публичная карточка AMDgroup; цена, остаток и compliance требуют подтверждения поставщиком."
"amdgroup-public","AMDgroup","https://amdgroup.kz/catalog/plamevidnye/bory_almaznye_889_010sf_fg/","bory_almaznye_889_010sf_fg","bory almaznye 889 010sf fg","","Стоматологические товары","piece","KZT","","","false","Публичная карточка AMDgroup; цена, остаток и compliance требуют подтверждения поставщиком."
"amdgroup-public","AMDgroup","https://amdgroup.kz/catalog/plamevidnye/bory_stomatologicheskie_volframovye_karbidnye_diametr_010_v_upakovke_6sht_/","bory_stomatologicheskie_volframovye_karbidnye_diametr_010_v_upakovke_6sht_","bory stomatologicheskie volframovye karbidnye diametr 010 v upakovke 6sht","","Стоматологические товары","piece","KZT","","","false","Публичная карточка AMDgroup; цена, остаток и compliance требуют подтверждения поставщиком."
"amdgroup-public","AMDgroup","https://amdgroup.kz/catalog/plamevidnye/bory_stomatologicheskie_volframovye_karbidnye_diametr_010_v_upakovke_6sht__1/","bory_stomatologicheskie_volframovye_karbidnye_diametr_010_v_upakovke_6sht__1","bory stomatologicheskie volframovye karbidnye diametr 010 v upakovke 6sht 1","","Стоматологические товары","piece","KZT","","","false","Публичная карточка AMDgroup; цена, остаток и compliance требуют подтверждения поставщиком."
"amdgroup-public","AMDgroup","https://amdgroup.kz/catalog/plamevidnyebory/bory_almaznye_h246_009_fg/","bory_almaznye_h246_009_fg","bory almaznye h246 009 fg","","Стоматологические товары","piece","KZT","","","false","Публичная карточка AMDgroup; цена, остаток и compliance требуют подтверждения поставщиком."
"amdgroup-public","AMDgroup","https://amdgroup.kz/catalog/plamevidnyebory/bory_almaznye_h246_010_fg/","bory_almaznye_h246_010_fg","bory almaznye h246 010 fg","","Стоматологические товары","piece","KZT","","","false","Публичная карточка AMDgroup; цена, остаток и compliance требуют подтверждения поставщиком."
"amdgroup-public","AMDgroup","https://amdgroup.kz/catalog/plamevidnyebory/bory_almaznye_h246_012_fg/","bory_almaznye_h246_012_fg","bory almaznye h246 012 fg","","Стоматологические товары","piece","KZT","","","false","Публичная карточка AMDgroup; цена, остаток и compliance требуют подтверждения поставщиком."
"amdgroup-public","AMDgroup","https://amdgroup.kz/catalog/plombirovochnye_materialy/admira_4_0_g_a1/","admira_4_0_g_a1","admira 4 0 g a1","","Стоматологические товары","piece","KZT","","","false","Публичная карточка AMDgroup; цена, остаток и compliance требуют подтверждения поставщиком."
"amdgroup-public","AMDgroup","https://amdgroup.kz/catalog/plombirovochnye_materialy/admira_4_0_g_a2/","admira_4_0_g_a2","admira 4 0 g a2","","Стоматологические товары","piece","KZT","","","false","Публичная карточка AMDgroup; цена, остаток и compliance требуют подтверждения поставщиком."
"amdgroup-public","AMDgroup","https://amdgroup.kz/catalog/plombirovochnye_materialy/admira_4_0_g_a3/","admira_4_0_g_a3","admira 4 0 g a3","","Стоматологические товары","piece","KZT","","","false","Публичная карточка AMDgroup; цена, остаток и compliance требуют подтверждения поставщиком."
"amdgroup-public","AMDgroup","https://amdgroup.kz/catalog/plombirovochnye_materialy/admira_4_0_g_b2/","admira_4_0_g_b2","admira 4 0 g b2","","Стоматологические товары","piece","KZT","","","false","Публичная карточка AMDgroup; цена, остаток и compliance требуют подтверждения поставщиком."
"amdgroup-public","AMDgroup","https://amdgroup.kz/catalog/plombirovochnye_materialy/admira_4_0_g_oa2/","admira_4_0_g_oa2","admira 4 0 g oa2","","Стоматологические товары","piece","KZT","","","false","Публичная карточка AMDgroup; цена, остаток и compliance требуют подтверждения поставщиком."
"amdgroup-public","AMDgroup","https://amdgroup.kz/catalog/plombirovochnye_materialy/admira_7kh4g_shpritsy__1/","admira_7kh4g_shpritsy__1","admira 7kh4g shpritsy 1","","Стоматологические товары","piece","KZT","","","false","Публичная карточка AMDgroup; цена, остаток и compliance требуют подтверждения поставщиком."
"amdgroup-public","AMDgroup","https://amdgroup.kz/catalog/plombirovochnye_materialy/amaris_4_0g_o2/","amaris_4_0g_o2","amaris 4 0g o2","","Стоматологические товары","piece","KZT","","","false","Публичная карточка AMDgroup; цена, остаток и compliance требуют подтверждения поставщиком."
"amdgroup-public","AMDgroup","https://amdgroup.kz/catalog/plombirovochnye_materialy/amaris_4_0g_tl/","amaris_4_0g_tl","amaris 4 0g tl","","Стоматологические товары","piece","KZT","","","false","Публичная карточка AMDgroup; цена, остаток и compliance требуют подтверждения поставщиком."
"amdgroup-public","AMDgroup","https://amdgroup.kz/catalog/plombirovochnye_materialy/amaris_4_0g_tn/","amaris_4_0g_tn","amaris 4 0g tn","","Стоматологические товары","piece","KZT","","","false","Публичная карточка AMDgroup; цена, остаток и compliance требуют подтверждения поставщиком."
"amdgroup-public","AMDgroup","https://amdgroup.kz/catalog/plombirovochnye_materialy/amaris_4g_o1/","amaris_4g_o1","amaris 4g o1","","Стоматологические товары","piece","KZT","","","false","Публичная карточка AMDgroup; цена, остаток и compliance требуют подтверждения поставщиком."
"amdgroup-public","AMDgroup","https://amdgroup.kz/catalog/plombirovochnye_materialy/amaris_8kh4g_nabor_shpritsov/","amaris_8kh4g_nabor_shpritsov","amaris 8kh4g nabor shpritsov","","Стоматологические товары","piece","KZT","","","false","Публичная карточка AMDgroup; цена, остаток и compliance требуют подтверждения поставщиком."
"amdgroup-public","AMDgroup","https://amdgroup.kz/catalog/plombirovochnye_materialy/amaris_flou_1kh1_8g_no_shprits/","amaris_flou_1kh1_8g_no_shprits","amaris flou 1kh1 8g no shprits","","Стоматологические товары","piece","KZT","","","false","Публичная карточка AMDgroup; цена, остаток и compliance требуют подтверждения поставщиком."
"amdgroup-public","AMDgroup","https://amdgroup.kz/catalog/plombirovochnye_materialy/karizma_bulk_syr_1_x_2g_one/","karizma_bulk_syr_1_x_2g_one","karizma bulk syr 1 x 2g one","","Стоматологические товары","piece","KZT","","","false","Публичная карточка AMDgroup; цена, остаток и compliance требуют подтверждения поставщиком."
"amdgroup-public","AMDgroup","https://amdgroup.kz/catalog/plombirovochnye_materialy/karizma_klassik_4g_a1/","karizma_klassik_4g_a1","karizma klassik 4g a1","","Стоматологические товары","piece","KZT","","","false","Публичная карточка AMDgroup; цена, остаток и compliance требуют подтверждения поставщиком."
"amdgroup-public","AMDgroup","https://amdgroup.kz/catalog/plombirovochnye_materialy/karizma_klassik_4g_a2/","karizma_klassik_4g_a2","karizma klassik 4g a2","","Стоматологические товары","piece","KZT","","","false","Публичная карточка AMDgroup; цена, остаток и compliance требуют подтверждения поставщиком."
"amdgroup-public","AMDgroup","https://amdgroup.kz/catalog/plombirovochnye_materialy/karizma_klassik_4g_a3/","karizma_klassik_4g_a3","karizma klassik 4g a3","","Стоматологические товары","piece","KZT","","","false","Публичная карточка AMDgroup; цена, остаток и compliance требуют подтверждения поставщиком."
"amdgroup-public","AMDgroup","https://amdgroup.kz/catalog/plombirovochnye_materialy/karizma_klassik_4g_a3_5/","karizma_klassik_4g_a3_5","karizma klassik 4g a3 5","","Стоматологические товары","piece","KZT","","","false","Публичная карточка AMDgroup; цена, остаток и compliance требуют подтверждения поставщиком."
"amdgroup-public","AMDgroup","https://amdgroup.kz/catalog/plombirovochnye_materialy/karizma_klassik_4g_a4/","karizma_klassik_4g_a4","karizma klassik 4g a4","","Стоматологические товары","piece","KZT","","","false","Публичная карточка AMDgroup; цена, остаток и compliance требуют подтверждения поставщиком."
"amdgroup-public","AMDgroup","https://amdgroup.kz/catalog/plombirovochnye_materialy/karizma_klassik_4g_b1/","karizma_klassik_4g_b1","karizma klassik 4g b1","","Стоматологические товары","piece","KZT","","","false","Публичная карточка AMDgroup; цена, остаток и compliance требуют подтверждения поставщиком."
"amdgroup-public","AMDgroup","https://amdgroup.kz/catalog/plombirovochnye_materialy/karizma_klassik_4g_oa2/","karizma_klassik_4g_oa2","karizma klassik 4g oa2","","Стоматологические товары","piece","KZT","","","false","Публичная карточка AMDgroup; цена, остаток и compliance требуют подтверждения поставщиком."
"amdgroup-public","AMDgroup","https://amdgroup.kz/catalog/plombirovochnye_materialy/karizma_klassik_4g_oa3/","karizma_klassik_4g_oa3","karizma klassik 4g oa3","","Стоматологические товары","piece","KZT","","","false","Публичная карточка AMDgroup; цена, остаток и compliance требуют подтверждения поставщиком."
"amdgroup-public","AMDgroup","https://amdgroup.kz/catalog/plombirovochnye_materialy/karizma_klassik_4g_oa3_5/","karizma_klassik_4g_oa3_5","karizma klassik 4g oa3 5","","Стоматологические товары","piece","KZT","","","false","Публичная карточка AMDgroup; цена, остаток и compliance требуют подтверждения поставщиком."
"amdgroup-public","AMDgroup","https://amdgroup.kz/catalog/plombirovochnye_materialy/karizma_klassik_4g_s2/","karizma_klassik_4g_s2","karizma klassik 4g s2","","Стоматологические товары","piece","KZT","","","false","Публичная карточка AMDgroup; цена, остаток и compliance требуют подтверждения поставщиком."
"amdgroup-public","AMDgroup","https://amdgroup.kz/catalog/plombirovochnye_materialy/karizma_klassik_4g_v2/","karizma_klassik_4g_v2","karizma klassik 4g v2","","Стоматологические товары","piece","KZT","","","false","Публичная карточка AMDgroup; цена, остаток и compliance требуют подтверждения поставщиком."
"amdgroup-public","AMDgroup","https://amdgroup.kz/catalog/plombirovochnye_materialy/karizma_klassik_4g_v3/","karizma_klassik_4g_v3","karizma klassik 4g v3","","Стоматологические товары","piece","KZT","","","false","Публичная карточка AMDgroup; цена, остаток и compliance требуют подтверждения поставщиком."
"amdgroup-public","AMDgroup","https://amdgroup.kz/catalog/plombirovochnye_materialy/karizma_klassik_combi_kit_6_4g_g2b/","karizma_klassik_combi_kit_6_4g_g2b","karizma klassik combi kit 6 4g g2b","","Стоматологические товары","piece","KZT","","","false","Публичная карточка AMDgroup; цена, остаток и compliance требуют подтверждения поставщиком."
"amdgroup-public","AMDgroup","https://amdgroup.kz/catalog/plombirovochnye_materialy/karizma_klassik_combi_kit_8_4g_g2b/","karizma_klassik_combi_kit_8_4g_g2b","karizma klassik combi kit 8 4g g2b","","Стоматологические товары","piece","KZT","","","false","Публичная карточка AMDgroup; цена, остаток и compliance требуют подтверждения поставщиком."
"amdgroup-public","AMDgroup","https://amdgroup.kz/catalog/plombirovochnye_materialy/karizma_klassik_v_assortimente_8_4g/","karizma_klassik_v_assortimente_8_4g","karizma klassik v assortimente 8 4g","","Стоматологические товары","piece","KZT","","","false","Публичная карточка AMDgroup; цена, остаток и compliance требуют подтверждения поставщиком."
"amdgroup-public","AMDgroup","https://amdgroup.kz/catalog/plombirovochnye_materialy/karizma_smart_4g_a1_/","karizma_smart_4g_a1_","karizma smart 4g a1","","Стоматологические товары","piece","KZT","","","false","Публичная карточка AMDgroup; цена, остаток и compliance требуют подтверждения поставщиком."
"amdgroup-public","AMDgroup","https://amdgroup.kz/catalog/plombirovochnye_materialy/karizma_smart_4g_a2/","karizma_smart_4g_a2","karizma smart 4g a2","","Стоматологические товары","piece","KZT","","","false","Публичная карточка AMDgroup; цена, остаток и compliance требуют подтверждения поставщиком."
"amdgroup-public","AMDgroup","https://amdgroup.kz/catalog/plombirovochnye_materialy/karizma_smart_4g_a3_/","karizma_smart_4g_a3_","karizma smart 4g a3","","Стоматологические товары","piece","KZT","","","false","Публичная карточка AMDgroup; цена, остаток и compliance требуют подтверждения поставщиком."
"amdgroup-public","AMDgroup","https://amdgroup.kz/catalog/plombirovochnye_materialy/karizma_smart_4g_a3_5_/","karizma_smart_4g_a3_5_","karizma smart 4g a3 5","","Стоматологические товары","piece","KZT","","","false","Публичная карточка AMDgroup; цена, остаток и compliance требуют подтверждения поставщиком."
"amdgroup-public","AMDgroup","https://amdgroup.kz/catalog/plombirovochnye_materialy/karizma_smart_4g_dentine/","karizma_smart_4g_dentine","karizma smart 4g dentine","","Стоматологические товары","piece","KZT","","","false","Публичная карточка AMDgroup; цена, остаток и compliance требуют подтверждения поставщиком."
"amdgroup-public","AMDgroup","https://amdgroup.kz/catalog/plombirovochnye_materialy/karizma_smart_4g_v1/","karizma_smart_4g_v1","karizma smart 4g v1","","Стоматологические товары","piece","KZT","","","false","Публичная карточка AMDgroup; цена, остаток и compliance требуют подтверждения поставщиком."
"amdgroup-public","AMDgroup","https://amdgroup.kz/catalog/plombirovochnye_materialy/karizma_smart_4g_v2/","karizma_smart_4g_v2","karizma smart 4g v2","","Стоматологические товары","piece","KZT","","","false","Публичная карточка AMDgroup; цена, остаток и compliance требуют подтверждения поставщиком."
"amdgroup-public","AMDgroup","https://amdgroup.kz/catalog/plombirovochnye_materialy/karizma_smart_combi_4_4g_gb5/","karizma_smart_combi_4_4g_gb5","karizma smart combi 4 4g gb5","","Стоматологические товары","piece","KZT","","","false","Публичная карточка AMDgroup; цена, остаток и compliance требуют подтверждения поставщиком."
"amdgroup-public","AMDgroup","https://amdgroup.kz/catalog/plombirovochnye_materialy/karizma_smart_combi_8_4g_g2b/","karizma_smart_combi_8_4g_g2b","karizma smart combi 8 4g g2b","","Стоматологические товары","piece","KZT","","","false","Публичная карточка AMDgroup; цена, остаток и compliance требуют подтверждения поставщиком."
"amdgroup-public","AMDgroup","https://amdgroup.kz/catalog/plombirovochnye_materialy/karizma_topaz_4g_a1/","karizma_topaz_4g_a1","karizma topaz 4g a1","","Стоматологические товары","piece","KZT","","","false","Публичная карточка AMDgroup; цена, остаток и compliance требуют подтверждения поставщиком."
"amdgroup-public","AMDgroup","https://amdgroup.kz/catalog/plombirovochnye_materialy/karizma_topaz_4g_a2/","karizma_topaz_4g_a2","karizma topaz 4g a2","","Стоматологические товары","piece","KZT","","","false","Публичная карточка AMDgroup; цена, остаток и compliance требуют подтверждения поставщиком."
"amdgroup-public","AMDgroup","https://amdgroup.kz/catalog/plombirovochnye_materialy/karizma_topaz_4g_a3/","karizma_topaz_4g_a3","karizma topaz 4g a3","","Стоматологические товары","piece","KZT","","","false","Публичная карточка AMDgroup; цена, остаток и compliance требуют подтверждения поставщиком."
"amdgroup-public","AMDgroup","https://amdgroup.kz/catalog/plombirovochnye_materialy/karizma_topaz_4g_a3_5/","karizma_topaz_4g_a3_5","karizma topaz 4g a3 5","","Стоматологические товары","piece","KZT","","","false","Публичная карточка AMDgroup; цена, остаток и compliance требуют подтверждения поставщиком."
"amdgroup-public","AMDgroup","https://amdgroup.kz/catalog/plombirovochnye_materialy/karizma_topaz_4g_b1_/","karizma_topaz_4g_b1_","karizma topaz 4g b1","","Стоматологические товары","piece","KZT","","","false","Публичная карточка AMDgroup; цена, остаток и compliance требуют подтверждения поставщиком."
"amdgroup-public","AMDgroup","https://amdgroup.kz/catalog/plombirovochnye_materialy/karizma_topaz_4g_b2/","karizma_topaz_4g_b2","karizma topaz 4g b2","","Стоматологические товары","piece","KZT","","","false","Публичная карточка AMDgroup; цена, остаток и compliance требуют подтверждения поставщиком."
"amdgroup-public","AMDgroup","https://amdgroup.kz/catalog/plombirovochnye_materialy/karizma_topaz_4g_bl/","karizma_topaz_4g_bl","karizma topaz 4g bl","","Стоматологические товары","piece","KZT","","","false","Публичная карточка AMDgroup; цена, остаток и compliance требуют подтверждения поставщиком."
"amdgroup-public","AMDgroup","https://amdgroup.kz/catalog/plombirovochnye_materialy/karizma_topaz_4g_cl/","karizma_topaz_4g_cl","karizma topaz 4g cl","","Стоматологические товары","piece","KZT","","","false","Публичная карточка AMDgroup; цена, остаток и compliance требуют подтверждения поставщиком."
"amdgroup-public","AMDgroup","https://amdgroup.kz/catalog/plombirovochnye_materialy/karizma_topaz_4g_co/","karizma_topaz_4g_co","karizma topaz 4g co","","Стоматологические товары","piece","KZT","","","false","Публичная карточка AMDgroup; цена, остаток и compliance требуют подтверждения поставщиком."
"amdgroup-public","AMDgroup","https://amdgroup.kz/catalog/plombirovochnye_materialy/karizma_topaz_4g_ob/","karizma_topaz_4g_ob","karizma topaz 4g ob","","Стоматологические товары","piece","KZT","","","false","Публичная карточка AMDgroup; цена, остаток и compliance требуют подтверждения поставщиком."
"amdgroup-public","AMDgroup","https://amdgroup.kz/catalog/plombirovochnye_materialy/karizma_topaz_4g_od/","karizma_topaz_4g_od","karizma topaz 4g od","","Стоматологические товары","piece","KZT","","","false","Публичная карточка AMDgroup; цена, остаток и compliance требуют подтверждения поставщиком."
"amdgroup-public","AMDgroup","https://amdgroup.kz/catalog/plombirovochnye_materialy/karizma_topaz_4g_ol/","karizma_topaz_4g_ol","karizma topaz 4g ol","","Стоматологические товары","piece","KZT","","","false","Публичная карточка AMDgroup; цена, остаток и compliance требуют подтверждения поставщиком."
"amdgroup-public","AMDgroup","https://amdgroup.kz/catalog/plombirovochnye_materialy/karizma_topaz_4g_om/","karizma_topaz_4g_om","karizma topaz 4g om","","Стоматологические товары","piece","KZT","","","false","Публичная карточка AMDgroup; цена, остаток и compliance требуют подтверждения поставщиком."
"amdgroup-public","AMDgroup","https://amdgroup.kz/catalog/plombirovochnye_materialy/karizma_topaz_syringe_master_kit_gbu_10_4/","karizma_topaz_syringe_master_kit_gbu_10_4","karizma topaz syringe master kit gbu 10 4","","Стоматологические товары","piece","KZT","","","false","Публичная карточка AMDgroup; цена, остаток и compliance требуют подтверждения поставщиком."
"amdgroup-public","AMDgroup","https://amdgroup.kz/catalog/plombirovochnye_materialy/klip_f_tripack_3_4g_/","klip_f_tripack_3_4g_","klip f tripack 3 4g","","Стоматологические товары","piece","KZT","","","false","Публичная карточка AMDgroup; цена, остаток и compliance требуют подтверждения поставщиком."
"amdgroup-public","AMDgroup","https://amdgroup.kz/catalog/plombirovochnye_materialy/tvinki_ctar_40kh0_25_kaps_1680/","tvinki_ctar_40kh0_25_kaps_1680","tvinki ctar 40kh0 25 kaps 1680","","Стоматологические товары","piece","KZT","","","false","Публичная карточка AMDgroup; цена, остаток и compliance требуют подтверждения поставщиком."
"amdgroup-public","AMDgroup","https://amdgroup.kz/catalog/plombirovochnye_materialy/ventura_flow_a1_3_4_gr_12_tips_1594/","ventura_flow_a1_3_4_gr_12_tips_1594","ventura flow a1 3 4 gr 12 tips 1594","","Стоматологические товары","piece","KZT","","","false","Публичная карточка AMDgroup; цена, остаток и compliance требуют подтверждения поставщиком."
"amdgroup-public","AMDgroup","https://amdgroup.kz/catalog/plombirovochnye_materialy/ventura_nanolux_a1_4g_1160/","ventura_nanolux_a1_4g_1160","ventura nanolux a1 4g 1160","","Стоматологические товары","piece","KZT","","","false","Публичная карточка AMDgroup; цена, остаток и compliance требуют подтверждения поставщиком."
"amdgroup-public","AMDgroup","https://amdgroup.kz/catalog/plombirovochnye_materialy/ventura_nanolux_a2_4_g_1161/","ventura_nanolux_a2_4_g_1161","ventura nanolux a2 4 g 1161","","Стоматологические товары","piece","KZT","","","false","Публичная карточка AMDgroup; цена, остаток и compliance требуют подтверждения поставщиком."
"amdgroup-public","AMDgroup","https://amdgroup.kz/catalog/plombirovochnye_materialy/ventura_nanolux_a3_4_g_1162/","ventura_nanolux_a3_4_g_1162","ventura nanolux a3 4 g 1162","","Стоматологические товары","piece","KZT","","","false","Публичная карточка AMDgroup; цена, остаток и compliance требуют подтверждения поставщиком."
"amdgroup-public","AMDgroup","https://amdgroup.kz/catalog/plombirovochnye_materialy/ventura_nanolux_a_3_5_4g_/","ventura_nanolux_a_3_5_4g_","ventura nanolux a 3 5 4g","","Стоматологические товары","piece","KZT","","","false","Публичная карточка AMDgroup; цена, остаток и compliance требуют подтверждения поставщиком."
"amdgroup-public","AMDgroup","https://amdgroup.kz/catalog/plombirovochnye_materialy/ventura_nanolux_v_komplekte_s_prinadlezhnostyami_1167/","ventura_nanolux_v_komplekte_s_prinadlezhnostyami_1167","ventura nanolux v komplekte s prinadlezhnostyami 1167","","Стоматологические товары","piece","KZT","","","false","Публичная карточка AMDgroup; цена, остаток и compliance требуют подтверждения поставщиком."
"amdgroup-public","AMDgroup","https://amdgroup.kz/catalog/plombirovochnye_materialy/ventura_similux_a1_4g_1630/","ventura_similux_a1_4g_1630","ventura similux a1 4g 1630","","Стоматологические товары","piece","KZT","","","false","Публичная карточка AMDgroup; цена, остаток и compliance требуют подтверждения поставщиком."
"amdgroup-public","AMDgroup","https://amdgroup.kz/catalog/plombirovochnye_materialy/ventura_similux_a2_4g_1631/","ventura_similux_a2_4g_1631","ventura similux a2 4g 1631","","Стоматологические товары","piece","KZT","","","false","Публичная карточка AMDgroup; цена, остаток и compliance требуют подтверждения поставщиком."
"amdgroup-public","AMDgroup","https://amdgroup.kz/catalog/plombirovochnye_materialy/ventura_similux_a3_4g_1632/","ventura_similux_a3_4g_1632","ventura similux a3 4g 1632","","Стоматологические товары","piece","KZT","","","false","Публичная карточка AMDgroup; цена, остаток и compliance требуют подтверждения поставщиком."
"amdgroup-public","AMDgroup","https://amdgroup.kz/catalog/plombirovochnye_materialy/ventura_similux_a3_5_4g_1633/","ventura_similux_a3_5_4g_1633","ventura similux a3 5 4g 1633","","Стоматологические товары","piece","KZT","","","false","Публичная карточка AMDgroup; цена, остаток и compliance требуют подтверждения поставщиком."
"amdgroup-public","AMDgroup","https://amdgroup.kz/catalog/plombirovochnye_materialy/ventura_similux_v_komlekte_s_prinadlezhnostyami_1643/","ventura_similux_v_komlekte_s_prinadlezhnostyami_1643","ventura similux v komlekte s prinadlezhnostyami 1643","","Стоматологические товары","piece","KZT","","","false","Публичная карточка AMDgroup; цена, остаток и compliance требуют подтверждения поставщиком."
"amdgroup-public","AMDgroup","https://amdgroup.kz/catalog/poliry/bory_almaznye_g8003/","bory_almaznye_g8003","bory almaznye g8003","","Стоматологические товары","piece","KZT","","","false","Публичная карточка AMDgroup; цена, остаток и compliance требуют подтверждения поставщиком."
"amdgroup-public","AMDgroup","https://amdgroup.kz/catalog/poliry/polir_p1139b/","1139","polir p1139b","","Стоматологические товары","piece","KZT","","","false","Публичная карточка AMDgroup; цена, остаток и compliance требуют подтверждения поставщиком."
"amdgroup-public","AMDgroup","https://amdgroup.kz/catalog/poliry/bory_almaznye_p1257g/","1257","bory almaznye p1257g","","Стоматологические товары","piece","KZT","","","false","Публичная карточка AMDgroup; цена, остаток и compliance требуют подтверждения поставщиком."
"amdgroup-public","AMDgroup","https://amdgroup.kz/catalog/poliry/polir_p2830b/","2830","polir p2830b","","Стоматологические товары","piece","KZT","","","false","Публичная карточка AMDgroup; цена, остаток и compliance требуют подтверждения поставщиком."
"amdgroup-public","AMDgroup","https://amdgroup.kz/catalog/poliry/bory_almaznye_up12sht_p1269d/","12","bory almaznye up12sht p1269d","","Стоматологические товары","piece","KZT","","","false","Публичная карточка AMDgroup; цена, остаток и compliance требуют подтверждения поставщиком."
"amdgroup-public","AMDgroup","https://amdgroup.kz/catalog/poliry/bory_almaznye_up_100_sht_p0301g/","0301","bory almaznye up 100 sht p0301g","","Стоматологические товары","piece","KZT","","","false","Публичная карточка AMDgroup; цена, остаток и compliance требуют подтверждения поставщиком."
"amdgroup-public","AMDgroup","https://amdgroup.kz/catalog/poliry/bory_almaznye_up_12_sht_p1823d/","1823","bory almaznye up 12 sht p1823d","","Стоматологические товары","piece","KZT","","","false","Публичная карточка AMDgroup; цена, остаток и compliance требуют подтверждения поставщиком."
"amdgroup-public","AMDgroup","https://amdgroup.kz/catalog/poliry/bory_stomatologicheskie_volframovye_karbidnye_diametr_008_v_upakovke_6sht_/","bory_stomatologicheskie_volframovye_karbidnye_diametr_008_v_upakovke_6sht_","bory stomatologicheskie volframovye karbidnye diametr 008 v upakovke 6sht","","Стоматологические товары","piece","KZT","","","false","Публичная карточка AMDgroup; цена, остаток и compliance требуют подтверждения поставщиком."
"amdgroup-public","AMDgroup","https://amdgroup.kz/catalog/poliry/bory_stomatologicheskie_volframovye_karbidnye_diametr_008_v_upakovke_6sht__1/","bory_stomatologicheskie_volframovye_karbidnye_diametr_008_v_upakovke_6sht__1","bory stomatologicheskie volframovye karbidnye diametr 008 v upakovke 6sht 1","","Стоматологические товары","piece","KZT","","","false","Публичная карточка AMDgroup; цена, остаток и compliance требуют подтверждения поставщиком."
"amdgroup-public","AMDgroup","https://amdgroup.kz/catalog/poliry/bory_stomatologicheskie_volframovye_karbidnye_diametr_014_v_upakovke_6sht_/","bory_stomatologicheskie_volframovye_karbidnye_diametr_014_v_upakovke_6sht_","bory stomatologicheskie volframovye karbidnye diametr 014 v upakovke 6sht","","Стоматологические товары","piece","KZT","","","false","Публичная карточка AMDgroup; цена, остаток и compliance требуют подтверждения поставщиком."
"amdgroup-public","AMDgroup","https://amdgroup.kz/catalog/poliry/bory_stomatologicheskie_volframovye_karbidnye_diametr_014_v_upakovke_6sht__1/","bory_stomatologicheskie_volframovye_karbidnye_diametr_014_v_upakovke_6sht__1","bory stomatologicheskie volframovye karbidnye diametr 014 v upakovke 6sht 1","","Стоматологические товары","piece","KZT","","","false","Публичная карточка AMDgroup; цена, остаток и compliance требуют подтверждения поставщиком."
"amdgroup-public","AMDgroup","https://amdgroup.kz/catalog/poliry/bory_stomatologicheskie_volframovye_karbidnye_diametr_014_v_upakovke_6sht__2/","bory_stomatologicheskie_volframovye_karbidnye_diametr_014_v_upakovke_6sht__2","bory stomatologicheskie volframovye karbidnye diametr 014 v upakovke 6sht 2","","Стоматологические товары","piece","KZT","","","false","Публичная карточка AMDgroup; цена, остаток и compliance требуют подтверждения поставщиком."
"amdgroup-public","AMDgroup","https://amdgroup.kz/catalog/poliry/met_komp_chasha_okonch_zelen_p_0134_g/","met_komp_chasha_okonch_zelen_p_0134_g","met komp chasha okonch zelen p 0134 g","","Стоматологические товары","piece","KZT","","","false","Публичная карточка AMDgroup; цена, остаток и compliance требуют подтверждения поставщиком."
"amdgroup-public","AMDgroup","https://amdgroup.kz/catalog/poliry/met_komp_disk_predvar_korichn_p_0038_g/","met_komp_disk_predvar_korichn_p_0038_g","met komp disk predvar korichn p 0038 g","","Стоматологические товары","piece","KZT","","","false","Публичная карточка AMDgroup; цена, остаток и compliance требуют подтверждения поставщиком."
"amdgroup-public","AMDgroup","https://amdgroup.kz/catalog/poliry/met_komp_mal_ostr_okonch_zelen_p_0132_g/","met_komp_mal_ostr_okonch_zelen_p_0132_g","met komp mal ostr okonch zelen p 0132 g","","Стоматологические товары","piece","KZT","","","false","Публичная карточка AMDgroup; цена, остаток и compliance требуют подтверждения поставщиком."
"amdgroup-public","AMDgroup","https://amdgroup.kz/catalog/poliry/met_komp_ostr_predvar_korichn_p_0032_g_/","met_komp_ostr_predvar_korichn_p_0032_g_","met komp ostr predvar korichn p 0032 g","","Стоматологические товары","piece","KZT","","","false","Публичная карточка AMDgroup; цена, остаток и compliance требуют подтверждения поставщиком."
"amdgroup-public","AMDgroup","https://amdgroup.kz/catalog/poliry/met_komp_uzk_chasha_okonch_zelen_p_0135_g_/","met_komp_uzk_chasha_okonch_zelen_p_0135_g_","met komp uzk chasha okonch zelen p 0135 g","","Стоматологические товары","piece","KZT","","","false","Публичная карточка AMDgroup; цена, остаток и compliance требуют подтверждения поставщиком."
"amdgroup-public","AMDgroup","https://amdgroup.kz/catalog/poliry/met_komp_vys_ostr_okonch_zelen_p_0131_g/","met_komp_vys_ostr_okonch_zelen_p_0131_g","met komp vys ostr okonch zelen p 0131 g","","Стоматологические товары","piece","KZT","","","false","Публичная карточка AMDgroup; цена, остаток и compliance требуют подтверждения поставщиком."
"amdgroup-public","AMDgroup","https://amdgroup.kz/catalog/poliry/p0138g_poliry/","0138","p0138g poliry","","Стоматологические товары","piece","KZT","","","false","Публичная карточка AMDgroup; цена, остаток и compliance требуют подтверждения поставщиком."
"amdgroup-public","AMDgroup","https://amdgroup.kz/catalog/poliry/p0306g_poliry/","0306","p0306g poliry","","Стоматологические товары","piece","KZT","","","false","Публичная карточка AMDgroup; цена, остаток и compliance требуют подтверждения поставщиком."
"amdgroup-public","AMDgroup","https://amdgroup.kz/catalog/poliry/p0310g_poliry/","0310","p0310g poliry","","Стоматологические товары","piece","KZT","","","false","Публичная карточка AMDgroup; цена, остаток и compliance требуют подтверждения поставщиком."
"amdgroup-public","AMDgroup","https://amdgroup.kz/catalog/poliry/p0316g_poliry/","0316","p0316g poliry","","Стоматологические товары","piece","KZT","","","false","Публичная карточка AMDgroup; цена, остаток и compliance требуют подтверждения поставщиком."
"amdgroup-public","AMDgroup","https://amdgroup.kz/catalog/poliry/p0321g_poliry/","0321","p0321g poliry","","Стоматологические товары","piece","KZT","","","false","Публичная карточка AMDgroup; цена, остаток и compliance требуют подтверждения поставщиком."
"amdgroup-public","AMDgroup","https://amdgroup.kz/catalog/poliry/p0532g_poliry/","0532","p0532g poliry","","Стоматологические товары","piece","KZT","","","false","Публичная карточка AMDgroup; цена, остаток и compliance требуют подтверждения поставщиком."
"amdgroup-public","AMDgroup","https://amdgroup.kz/catalog/poliry/p11001g_poliry/","11001","p11001g poliry","","Стоматологические товары","piece","KZT","","","false","Публичная карточка AMDgroup; цена, остаток и compliance требуют подтверждения поставщиком."
"amdgroup-public","AMDgroup","https://amdgroup.kz/catalog/poliry/p11006g_poliry/","11006","p11006g poliry","","Стоматологические товары","piece","KZT","","","false","Публичная карточка AMDgroup; цена, остаток и compliance требуют подтверждения поставщиком."
"amdgroup-public","AMDgroup","https://amdgroup.kz/catalog/poliry/p1255g_poliry/","1255","p1255g poliry","","Стоматологические товары","piece","KZT","","","false","Публичная карточка AMDgroup; цена, остаток и compliance требуют подтверждения поставщиком."
"amdgroup-public","AMDgroup","https://amdgroup.kz/catalog/poliry/p1256g_poliry/","1256","p1256g poliry","","Стоматологические товары","piece","KZT","","","false","Публичная карточка AMDgroup; цена, остаток и compliance требуют подтверждения поставщиком."
"amdgroup-public","AMDgroup","https://amdgroup.kz/catalog/poliry/p1258_poliry/","1258","p1258 poliry","","Стоматологические товары","piece","KZT","","","false","Публичная карточка AMDgroup; цена, остаток и compliance требуют подтверждения поставщиком."
"amdgroup-public","AMDgroup","https://amdgroup.kz/catalog/poliry/p1301g_poliry/","1301","p1301g poliry","","Стоматологические товары","piece","KZT","","","false","Публичная карточка AMDgroup; цена, остаток и compliance требуют подтверждения поставщиком."
"amdgroup-public","AMDgroup","https://amdgroup.kz/catalog/poliry/p1423g_poliry/","1423","p1423g poliry","","Стоматологические товары","piece","KZT","","","false","Публичная карточка AMDgroup; цена, остаток и compliance требуют подтверждения поставщиком."
"amdgroup-public","AMDgroup","https://amdgroup.kz/catalog/poliry/p20033g_poliry/","20033","p20033g poliry","","Стоматологические товары","piece","KZT","","","false","Публичная карточка AMDgroup; цена, остаток и compliance требуют подтверждения поставщиком."
"amdgroup-public","AMDgroup","https://amdgroup.kz/catalog/poliry/polir_p30001/","30001","polir p30001","","Стоматологические товары","piece","KZT","","","false","Публичная карточка AMDgroup; цена, остаток и compliance требуют подтверждения поставщиком."
"amdgroup-public","AMDgroup","https://amdgroup.kz/catalog/poliry/p_1250_g_/","p_1250_g_","p 1250 g","","Стоматологические товары","piece","KZT","","","false","Публичная карточка AMDgroup; цена, остаток и compliance требуют подтверждения поставщиком."
"amdgroup-public","AMDgroup","https://amdgroup.kz/catalog/poliry/polir_disk_komp_zhelt_p_0738_g_/","polir_disk_komp_zhelt_p_0738_g_","polir disk komp zhelt p 0738 g","","Стоматологические товары","piece","KZT","","","false","Публичная карточка AMDgroup; цена, остаток и compliance требуют подтверждения поставщиком."
"amdgroup-public","AMDgroup","https://amdgroup.kz/catalog/poliry/polir_diski_met_zel_p_0138g_/","polir_diski_met_zel_p_0138g_","polir diski met zel p 0138g","","Стоматологические товары","piece","KZT","","","false","Публичная карточка AMDgroup; цена, остаток и compliance требуют подтверждения поставщиком."
"amdgroup-public","AMDgroup","https://amdgroup.kz/catalog/poliry/polir_komp_chasha_zhelt_p_0734_g/","polir_komp_chasha_zhelt_p_0734_g","polir komp chasha zhelt p 0734 g","","Стоматологические товары","piece","KZT","","","false","Публичная карточка AMDgroup; цена, остаток и compliance требуют подтверждения поставщиком."
"amdgroup-public","AMDgroup","https://amdgroup.kz/catalog/poliry/polir_p0332b/","0332","polir p0332b","","Стоматологические товары","piece","KZT","","","false","Публичная карточка AMDgroup; цена, остаток и compliance требуют подтверждения поставщиком."
"amdgroup-public","AMDgroup","https://amdgroup.kz/catalog/poliry/polir_p0333b/","0333","polir p0333b","","Стоматологические товары","piece","KZT","","","false","Публичная карточка AMDgroup; цена, остаток и compliance требуют подтверждения поставщиком."
"amdgroup-public","AMDgroup","https://amdgroup.kz/catalog/poliry/polir_p0334b/","0334","polir p0334b","","Стоматологические товары","piece","KZT","","","false","Публичная карточка AMDgroup; цена, остаток и compliance требуют подтверждения поставщиком."
"amdgroup-public","AMDgroup","https://amdgroup.kz/catalog/poliry/polir_p0335b/","0335","polir p0335b","","Стоматологические товары","piece","KZT","","","false","Публичная карточка AMDgroup; цена, остаток и compliance требуют подтверждения поставщиком."
"amdgroup-public","AMDgroup","https://amdgroup.kz/catalog/poliry/polir_p1039b/","1039","polir p1039b","","Стоматологические товары","piece","KZT","","","false","Публичная карточка AMDgroup; цена, остаток и compliance требуют подтверждения поставщиком."
"amdgroup-public","AMDgroup","https://amdgroup.kz/catalog/poliry/polir_p1244g/","1244","polir p1244g","","Стоматологические товары","piece","KZT","","","false","Публичная карточка AMDgroup; цена, остаток и compliance требуют подтверждения поставщиком."
"amdgroup-public","AMDgroup","https://amdgroup.kz/catalog/poliry/poliry_p20039g/","20039","poliry p20039g","","Стоматологические товары","piece","KZT","","","false","Публичная карточка AMDgroup; цена, остаток и compliance требуют подтверждения поставщиком."
"amdgroup-public","AMDgroup","https://amdgroup.kz/catalog/poliry/poliry_p2840g/","2840","poliry p2840g","","Стоматологические товары","piece","KZT","","","false","Публичная карточка AMDgroup; цена, остаток и compliance требуют подтверждения поставщиком."
"amdgroup-public","AMDgroup","https://amdgroup.kz/catalog/poliry/polir_p30032b/","30032","polir p30032b","","Стоматологические товары","piece","KZT","","","false","Публичная карточка AMDgroup; цена, остаток и compliance требуют подтверждения поставщиком."
"amdgroup-public","AMDgroup","https://amdgroup.kz/catalog/poliry/polir_p30035b/","30035","polir p30035b","","Стоматологические товары","piece","KZT","","","false","Публичная карточка AMDgroup; цена, остаток и compliance требуют подтверждения поставщиком."
"amdgroup-public","AMDgroup","https://amdgroup.kz/catalog/poliry/polir_p30039b/","30039","polir p30039b","","Стоматологические товары","piece","KZT","","","false","Публичная карточка AMDgroup; цена, остаток и compliance требуют подтверждения поставщиком."
"amdgroup-public","AMDgroup","https://amdgroup.kz/catalog/poliry/polir_p301/","301","polir p301","","Стоматологические товары","piece","KZT","","","false","Публичная карточка AMDgroup; цена, остаток и compliance требуют подтверждения поставщиком."
"amdgroup-public","AMDgroup","https://amdgroup.kz/catalog/poliry/polir_p3032b/","3032","polir p3032b","","Стоматологические товары","piece","KZT","","","false","Публичная карточка AMDgroup; цена, остаток и compliance требуют подтверждения поставщиком."
"amdgroup-public","AMDgroup","https://amdgroup.kz/catalog/poliry/polir_p3039b/","3039","polir p3039b","","Стоматологические товары","piece","KZT","","","false","Публичная карточка AMDgroup; цена, остаток и compliance требуют подтверждения поставщиком."
"amdgroup-public","AMDgroup","https://amdgroup.kz/catalog/poliry/polir_p332b/","332","polir p332b","","Стоматологические товары","piece","KZT","","","false","Публичная карточка AMDgroup; цена, остаток и compliance требуют подтверждения поставщиком."
"amdgroup-public","AMDgroup","https://amdgroup.kz/catalog/poliry/polir_p335b/","335","polir p335b","","Стоматологические товары","piece","KZT","","","false","Публичная карточка AMDgroup; цена, остаток и compliance требуют подтверждения поставщиком."
"amdgroup-public","AMDgroup","https://amdgroup.kz/catalog/poliry/polir_set_1588/","polir_set_1588","polir set 1588","","Стоматологические товары","piece","KZT","","","false","Публичная карточка AMDgroup; цена, остаток и compliance требуют подтверждения поставщиком."
"amdgroup-public","AMDgroup","https://amdgroup.kz/catalog/poliry/poliry_dlya_kompozitov_zhelt_p_0730_g_/","poliry_dlya_kompozitov_zhelt_p_0730_g_","poliry dlya kompozitov zhelt p 0730 g","","Стоматологические товары","piece","KZT","","","false","Публичная карточка AMDgroup; цена, остаток и compliance требуют подтверждения поставщиком."
"amdgroup-public","AMDgroup","https://amdgroup.kz/catalog/poliry/poliry_dlya_kompozitov_zhelt_p_0732_g_/","poliry_dlya_kompozitov_zhelt_p_0732_g_","poliry dlya kompozitov zhelt p 0732 g","","Стоматологические товары","piece","KZT","","","false","Публичная карточка AMDgroup; цена, остаток и compliance требуют подтверждения поставщиком."
"amdgroup-public","AMDgroup","https://amdgroup.kz/catalog/poliry/poliry_dlya_kompozitov_zhelt_p_0733_g/","poliry_dlya_kompozitov_zhelt_p_0733_g","poliry dlya kompozitov zhelt p 0733 g","","Стоматологические товары","piece","KZT","","","false","Публичная карточка AMDgroup; цена, остаток и compliance требуют подтверждения поставщиком."
"amdgroup-public","AMDgroup","https://amdgroup.kz/catalog/poliry/poliry_dlya_kompozitov_zhelt_p_0735_g_/","poliry_dlya_kompozitov_zhelt_p_0735_g_","poliry dlya kompozitov zhelt p 0735 g","","Стоматологические товары","piece","KZT","","","false","Публичная карточка AMDgroup; цена, остаток и compliance требуют подтверждения поставщиком."
"amdgroup-public","AMDgroup","https://amdgroup.kz/catalog/poliry/poliry_p1500/","1500","poliry p1500","","Стоматологические товары","piece","KZT","","","false","Публичная карточка AMDgroup; цена, остаток и compliance требуют подтверждения поставщиком."
"amdgroup-public","AMDgroup","https://amdgroup.kz/catalog/poliry/poliry_p1501/","1501","poliry p1501","","Стоматологические товары","piece","KZT","","","false","Публичная карточка AMDgroup; цена, остаток и compliance требуют подтверждения поставщиком."
"amdgroup-public","AMDgroup","https://amdgroup.kz/catalog/poliry/shchetki_montirovannye_p1470g/","1470","shchetki montirovannye p1470g","","Стоматологические товары","piece","KZT","","","false","Публичная карточка AMDgroup; цена, остаток и compliance требуют подтверждения поставщиком."
"amdgroup-public","AMDgroup","https://amdgroup.kz/catalog/poliry/shchetki_montirovannye_p1477g/","1477","shchetki montirovannye p1477g","","Стоматологические товары","piece","KZT","","","false","Публичная карточка AMDgroup; цена, остаток и compliance требуют подтверждения поставщиком."
"amdgroup-public","AMDgroup","https://amdgroup.kz/catalog/poliry/shlif_kamni_g8001c_/","shlif_kamni_g8001c_","shlif kamni g8001c","","Стоматологические товары","piece","KZT","","","false","Публичная карточка AMDgroup; цена, остаток и compliance требуют подтверждения поставщиком."
"amdgroup-public","AMDgroup","https://amdgroup.kz/catalog/poliry/shlif_kamni_g9001/","shlif_kamni_g9001","shlif kamni g9001","","Стоматологические товары","piece","KZT","","","false","Публичная карточка AMDgroup; цена, остаток и compliance требуют подтверждения поставщиком."
"amdgroup-public","AMDgroup","https://amdgroup.kz/catalog/poliry/shlif_kamni_g9007/","shlif_kamni_g9007","shlif kamni g9007","","Стоматологические товары","piece","KZT","","","false","Публичная карточка AMDgroup; цена, остаток и compliance требуют подтверждения поставщиком."
"amdgroup-public","AMDgroup","https://amdgroup.kz/catalog/poliry/univers_bel_silikon_uzk_chasha_p_0535_g/","univers_bel_silikon_uzk_chasha_p_0535_g","univers bel silikon uzk chasha p 0535 g","","Стоматологические товары","piece","KZT","","","false","Публичная карточка AMDgroup; цена, остаток и compliance требуют подтверждения поставщиком."
"amdgroup-public","AMDgroup","https://amdgroup.kz/catalog/poroshki_air_flow/poroshok_af_plus_120g/","poroshok_af_plus_120g","poroshok af plus 120g","","Стоматологические товары","piece","KZT","","","false","Публичная карточка AMDgroup; цена, остаток и compliance требуют подтверждения поставщиком."
"amdgroup-public","AMDgroup","https://amdgroup.kz/catalog/poroshki_air_flow/poroshok_air_flow_300g_so_vkusom_cherry_/","poroshok_air_flow_300g_so_vkusom_cherry_","poroshok air flow 300g so vkusom cherry","","Стоматологические товары","piece","KZT","","","false","Публичная карточка AMDgroup; цена, остаток и compliance требуют подтверждения поставщиком."
"amdgroup-public","AMDgroup","https://amdgroup.kz/catalog/poroshki_air_flow/poroshok_air_flow_300g_so_vkusom_lemon_/","poroshok_air_flow_300g_so_vkusom_lemon_","poroshok air flow 300g so vkusom lemon","","Стоматологические товары","piece","KZT","","","false","Публичная карточка AMDgroup; цена, остаток и compliance требуют подтверждения поставщиком."
"amdgroup-public","AMDgroup","https://amdgroup.kz/catalog/poroshki_air_flow/poroshok_air_flow_300g_so_vkusom_mint_/","poroshok_air_flow_300g_so_vkusom_mint_","poroshok air flow 300g so vkusom mint","","Стоматологические товары","piece","KZT","","","false","Публичная карточка AMDgroup; цена, остаток и compliance требуют подтверждения поставщиком."
"amdgroup-public","AMDgroup","https://amdgroup.kz/catalog/poroshki_air_flow/poroshok_air_flow_300g_so_vkusom_neutral/","poroshok_air_flow_300g_so_vkusom_neutral","poroshok air flow 300g so vkusom neutral","","Стоматологические товары","piece","KZT","","","false","Публичная карточка AMDgroup; цена, остаток и compliance требуют подтверждения поставщиком."
"amdgroup-public","AMDgroup","https://amdgroup.kz/catalog/prokladochnye_lechebnye_i_izoliruyushchie_materialy/bifluorid_12_4g_/","bifluorid_12_4g_","bifluorid 12 4g","","Стоматологические товары","piece","KZT","","","false","Публичная карточка AMDgroup; цена, остаток и compliance требуют подтверждения поставщиком."
"amdgroup-public","AMDgroup","https://amdgroup.kz/catalog/prokladochnye_lechebnye_i_izoliruyushchie_materialy/ionosil_3kh2_5g_/","ionosil_3kh2_5g_","ionosil 3kh2 5g","","Стоматологические товары","piece","KZT","","","false","Публичная карточка AMDgroup; цена, остаток и compliance требуют подтверждения поставщиком."
"amdgroup-public","AMDgroup","https://amdgroup.kz/catalog/prokladochnye_lechebnye_i_izoliruyushchie_materialy/kaltsimol_lts_2kh2_5g_/","kaltsimol_lts_2kh2_5g_","kaltsimol lts 2kh2 5g","","Стоматологические товары","piece","KZT","","","false","Публичная карточка AMDgroup; цена, остаток и compliance требуют подтверждения поставщиком."
"amdgroup-public","AMDgroup","https://amdgroup.kz/catalog/pryamoy_tip/abatment_s_tsementnoy_fiksatsiey_3_5_cf_gh_1_0_np/","abatment_s_tsementnoy_fiksatsiey_3_5_cf_gh_1_0_np","abatment s tsementnoy fiksatsiey 3 5 cf gh 1 0 np","","Стоматологические товары","piece","KZT","","","false","Публичная карточка AMDgroup; цена, остаток и compliance требуют подтверждения поставщиком."
"amdgroup-public","AMDgroup","https://amdgroup.kz/catalog/pryamoy_tip/abatment_s_tsementnoy_fiksatsiey_3_5_cf_gh_2_0_np/","abatment_s_tsementnoy_fiksatsiey_3_5_cf_gh_2_0_np","abatment s tsementnoy fiksatsiey 3 5 cf gh 2 0 np","","Стоматологические товары","piece","KZT","","","false","Публичная карточка AMDgroup; цена, остаток и compliance требуют подтверждения поставщиком."
"amdgroup-public","AMDgroup","https://amdgroup.kz/catalog/pryamoy_tip/abatment_s_tsementnoy_fiksatsiey_3_5_cf_gh_3_0_np/","abatment_s_tsementnoy_fiksatsiey_3_5_cf_gh_3_0_np","abatment s tsementnoy fiksatsiey 3 5 cf gh 3 0 np","","Стоматологические товары","piece","KZT","","","false","Публичная карточка AMDgroup; цена, остаток и compliance требуют подтверждения поставщиком."
"amdgroup-public","AMDgroup","https://amdgroup.kz/catalog/pryamoy_tip/abatment_s_tsementnoy_fiksatsiey_3_5_cf_gh_4_0_np/","abatment_s_tsementnoy_fiksatsiey_3_5_cf_gh_4_0_np","abatment s tsementnoy fiksatsiey 3 5 cf gh 4 0 np","","Стоматологические товары","piece","KZT","","","false","Публичная карточка AMDgroup; цена, остаток и compliance требуют подтверждения поставщиком."
"amdgroup-public","AMDgroup","https://amdgroup.kz/catalog/pryamoy_tip/abatment_s_tsementnoy_fiksatsiey_3_5_cf_gh_5_0_np/","abatment_s_tsementnoy_fiksatsiey_3_5_cf_gh_5_0_np","abatment s tsementnoy fiksatsiey 3 5 cf gh 5 0 np","","Стоматологические товары","piece","KZT","","","false","Публичная карточка AMDgroup; цена, остаток и compliance требуют подтверждения поставщиком."
"amdgroup-public","AMDgroup","https://amdgroup.kz/catalog/pryamoy_tip/abatment_s_tsementnoy_fiksatsiey_4_5_cf_gh_1_0_np/","abatment_s_tsementnoy_fiksatsiey_4_5_cf_gh_1_0_np","abatment s tsementnoy fiksatsiey 4 5 cf gh 1 0 np","","Стоматологические товары","piece","KZT","","","false","Публичная карточка AMDgroup; цена, остаток и compliance требуют подтверждения поставщиком."
"amdgroup-public","AMDgroup","https://amdgroup.kz/catalog/pryamoy_tip/abatment_s_tsementnoy_fiksatsiey_4_5_cf_gh_1_0_sp_/","abatment_s_tsementnoy_fiksatsiey_4_5_cf_gh_1_0_sp_","abatment s tsementnoy fiksatsiey 4 5 cf gh 1 0 sp","","Стоматологические товары","piece","KZT","","","false","Публичная карточка AMDgroup; цена, остаток и compliance требуют подтверждения поставщиком."
"amdgroup-public","AMDgroup","https://amdgroup.kz/catalog/pryamoy_tip/abatment_s_tsementnoy_fiksatsiey_4_5_cf_gh_2_0_np/","abatment_s_tsementnoy_fiksatsiey_4_5_cf_gh_2_0_np","abatment s tsementnoy fiksatsiey 4 5 cf gh 2 0 np","","Стоматологические товары","piece","KZT","","","false","Публичная карточка AMDgroup; цена, остаток и compliance требуют подтверждения поставщиком."
"amdgroup-public","AMDgroup","https://amdgroup.kz/catalog/pryamoy_tip/abatment_s_tsementnoy_fiksatsiey_4_5_cf_gh_2_0_sp/","abatment_s_tsementnoy_fiksatsiey_4_5_cf_gh_2_0_sp","abatment s tsementnoy fiksatsiey 4 5 cf gh 2 0 sp","","Стоматологические товары","piece","KZT","","","false","Публичная карточка AMDgroup; цена, остаток и compliance требуют подтверждения поставщиком."
"amdgroup-public","AMDgroup","https://amdgroup.kz/catalog/pryamoy_tip/abatment_s_tsementnoy_fiksatsiey_4_5_cf_gh_3_0_np/","abatment_s_tsementnoy_fiksatsiey_4_5_cf_gh_3_0_np","abatment s tsementnoy fiksatsiey 4 5 cf gh 3 0 np","","Стоматологические товары","piece","KZT","","","false","Публичная карточка AMDgroup; цена, остаток и compliance требуют подтверждения поставщиком."
"amdgroup-public","AMDgroup","https://amdgroup.kz/catalog/pryamoy_tip/abatment_s_tsementnoy_fiksatsiey_4_5_cf_gh_3_0_sp/","abatment_s_tsementnoy_fiksatsiey_4_5_cf_gh_3_0_sp","abatment s tsementnoy fiksatsiey 4 5 cf gh 3 0 sp","","Стоматологические товары","piece","KZT","","","false","Публичная карточка AMDgroup; цена, остаток и compliance требуют подтверждения поставщиком."
"amdgroup-public","AMDgroup","https://amdgroup.kz/catalog/pryamoy_tip/abatment_s_tsementnoy_fiksatsiey_4_5_cf_gh_4_0_np/","abatment_s_tsementnoy_fiksatsiey_4_5_cf_gh_4_0_np","abatment s tsementnoy fiksatsiey 4 5 cf gh 4 0 np","","Стоматологические товары","piece","KZT","","","false","Публичная карточка AMDgroup; цена, остаток и compliance требуют подтверждения поставщиком."
"amdgroup-public","AMDgroup","https://amdgroup.kz/catalog/pryamoy_tip/abatment_s_tsementnoy_fiksatsiey_4_5_cf_gh_4_0_sp/","abatment_s_tsementnoy_fiksatsiey_4_5_cf_gh_4_0_sp","abatment s tsementnoy fiksatsiey 4 5 cf gh 4 0 sp","","Стоматологические товары","piece","KZT","","","false","Публичная карточка AMDgroup; цена, остаток и compliance требуют подтверждения поставщиком."
"amdgroup-public","AMDgroup","https://amdgroup.kz/catalog/pryamoy_tip/abatment_s_tsementnoy_fiksatsiey_4_5_cf_gh_5_0_np/","abatment_s_tsementnoy_fiksatsiey_4_5_cf_gh_5_0_np","abatment s tsementnoy fiksatsiey 4 5 cf gh 5 0 np","","Стоматологические товары","piece","KZT","","","false","Публичная карточка AMDgroup; цена, остаток и compliance требуют подтверждения поставщиком."
"amdgroup-public","AMDgroup","https://amdgroup.kz/catalog/pryamoy_tip/abatment_s_tsementnoy_fiksatsiey_4_5_cf_gh_5_0_sp/","abatment_s_tsementnoy_fiksatsiey_4_5_cf_gh_5_0_sp","abatment s tsementnoy fiksatsiey 4 5 cf gh 5 0 sp","","Стоматологические товары","piece","KZT","","","false","Публичная карточка AMDgroup; цена, остаток и compliance требуют подтверждения поставщиком."
"amdgroup-public","AMDgroup","https://amdgroup.kz/catalog/pryamye_/nakonechnik_pryamoy_s_11_1_1_30056000/","nakonechnik_pryamoy_s_11_1_1_30056000","nakonechnik pryamoy s 11 1 1 30056000","","Стоматологические товары","piece","KZT","","","false","Публичная карточка AMDgroup; цена, остаток и compliance требуют подтверждения поставщиком."
"amdgroup-public","AMDgroup","https://amdgroup.kz/catalog/redyusser/bory_6053_018c_fg/","bory_6053_018c_fg","bory 6053 018c fg","","Стоматологические товары","piece","KZT","","","false","Публичная карточка AMDgroup; цена, остаток и compliance требуют подтверждения поставщиком."
"amdgroup-public","AMDgroup","https://amdgroup.kz/catalog/redyusser/bory_6053_018sc_fg/","bory_6053_018sc_fg","bory 6053 018sc fg","","Стоматологические товары","piece","KZT","","","false","Публичная карточка AMDgroup; цена, остаток и compliance требуют подтверждения поставщиком."
"amdgroup-public","AMDgroup","https://amdgroup.kz/catalog/rentgen_apparaty_/intraoralnaya_rentgenovskaya_sistema_veraview_ix_type_r/","intraoralnaya_rentgenovskaya_sistema_veraview_ix_type_r","intraoralnaya rentgenovskaya sistema veraview ix type r","","Стоматологические товары","piece","KZT","","","false","Публичная карточка AMDgroup; цена, остаток и compliance требуют подтверждения поставщиком."
"amdgroup-public","AMDgroup","https://amdgroup.kz/catalog/rentgen_apparaty_/stomatologicheskaya_tsifrovaya_rentgen_sistema_vistavox_s_ceph_system/","stomatologicheskaya_tsifrovaya_rentgen_sistema_vistavox_s_ceph_system","stomatologicheskaya tsifrovaya rentgen sistema vistavox s ceph system","","Стоматологические товары","piece","KZT","","","false","Публичная карточка AMDgroup; цена, остаток и compliance требуют подтверждения поставщиком."
"amdgroup-public","AMDgroup","https://amdgroup.kz/catalog/rentgen_apparaty_/stomatologicheskiy_rentgen_apparat_veraview_x800l_f150_cp/","stomatologicheskiy_rentgen_apparat_veraview_x800l_f150_cp","stomatologicheskiy rentgen apparat veraview x800l f150 cp","","Стоматологические товары","piece","KZT","","","false","Публичная карточка AMDgroup; цена, остаток и compliance требуют подтверждения поставщиком."
"amdgroup-public","AMDgroup","https://amdgroup.kz/catalog/rentgen_apparaty_/stomatologicheskiy_rentgen_apparat_veraview_x800l_f150_p/","stomatologicheskiy_rentgen_apparat_veraview_x800l_f150_p","stomatologicheskiy rentgen apparat veraview x800l f150 p","","Стоматологические товары","piece","KZT","","","false","Публичная карточка AMDgroup; цена, остаток и compliance требуют подтверждения поставщиком."
"amdgroup-public","AMDgroup","https://amdgroup.kz/catalog/rentgen_apparaty_/stomatologicheskiy_rentgen_apparat_veraviewepocs_3d_r100/","stomatologicheskiy_rentgen_apparat_veraviewepocs_3d_r100","stomatologicheskiy rentgen apparat veraviewepocs 3d r100","","Стоматологические товары","piece","KZT","","","false","Публичная карточка AMDgroup; цена, остаток и compliance требуют подтверждения поставщиком."
"amdgroup-public","AMDgroup","https://amdgroup.kz/catalog/rentgen_apparaty_/tsifrovaya_rentgenograficheskaya_ustanovka_new_tom_giano_hr/","tsifrovaya_rentgenograficheskaya_ustanovka_new_tom_giano_hr","tsifrovaya rentgenograficheskaya ustanovka new tom giano hr","","Стоматологические товары","piece","KZT","","","false","Публичная карточка AMDgroup; цена, остаток и compliance требуют подтверждения поставщиком."
"amdgroup-public","AMDgroup","https://amdgroup.kz/catalog/restavratsiya/gladilka_restavratsion_obratnaya_464_494xsi/","gladilka_restavratsion_obratnaya_464_494xsi","gladilka restavratsion obratnaya 464 494xsi","","Стоматологические товары","piece","KZT","","","false","Публичная карточка AMDgroup; цена, остаток и compliance требуют подтверждения поставщиком."
"amdgroup-public","AMDgroup","https://amdgroup.kz/catalog/restavratsiya/gladilka_s_rezhushchey_granyu_444_445xsi/","gladilka_s_rezhushchey_granyu_444_445xsi","gladilka s rezhushchey granyu 444 445xsi","","Стоматологические товары","piece","KZT","","","false","Публичная карточка AMDgroup; цена, остаток и compliance требуют подтверждения поставщиком."
"amdgroup-public","AMDgroup","https://amdgroup.kz/catalog/restavratsiya/gladilka_serpovidnaya_43_47ddes/","gladilka_serpovidnaya_43_47ddes","gladilka serpovidnaya 43 47ddes","","Стоматологические товары","piece","KZT","","","false","Публичная карточка AMDgroup; цена, остаток и compliance требуют подтверждения поставщиком."
"amdgroup-public","AMDgroup","https://amdgroup.kz/catalog/restavratsiya/gladilka_serpovidnaya_442_443xsi/","gladilka_serpovidnaya_442_443xsi","gladilka serpovidnaya 442 443xsi","","Стоматологические товары","piece","KZT","","","false","Публичная карточка AMDgroup; цена, остаток и compliance требуют подтверждения поставщиком."
"amdgroup-public","AMDgroup","https://amdgroup.kz/catalog/restavratsiya/gladilka_serpovidnaya_46_49xsi_/","gladilka_serpovidnaya_46_49xsi_","gladilka serpovidnaya 46 49xsi","","Стоматологические товары","piece","KZT","","","false","Публичная карточка AMDgroup; цена, остаток и compliance требуют подтверждения поставщиком."
"amdgroup-public","AMDgroup","https://amdgroup.kz/catalog/restavratsiya/gladilka_serpovidnaya_482_483xsi/","gladilka_serpovidnaya_482_483xsi","gladilka serpovidnaya 482 483xsi","","Стоматологические товары","piece","KZT","","","false","Публичная карточка AMDgroup; цена, остаток и compliance требуют подтверждения поставщиком."
"amdgroup-public","AMDgroup","https://amdgroup.kz/catalog/restavratsiya/gladilka_serpovidnaya_482_702xsi/","gladilka_serpovidnaya_482_702xsi","gladilka serpovidnaya 482 702xsi","","Стоматологические товары","piece","KZT","","","false","Публичная карточка AMDgroup; цена, остаток и compliance требуют подтверждения поставщиком."
"amdgroup-public","AMDgroup","https://amdgroup.kz/catalog/restavratsiya/gladilka_serpovidnaya_483_703xsi/","gladilka_serpovidnaya_483_703xsi","gladilka serpovidnaya 483 703xsi","","Стоматологические товары","piece","KZT","","","false","Публичная карточка AMDgroup; цена, остаток и compliance требуют подтверждения поставщиком."
"amdgroup-public","AMDgroup","https://amdgroup.kz/catalog/restavratsiya/gladilka_serpovidnaya_48_702ddes/","gladilka_serpovidnaya_48_702ddes","gladilka serpovidnaya 48 702ddes","","Стоматологические товары","piece","KZT","","","false","Публичная карточка AMDgroup; цена, остаток и compliance требуют подтверждения поставщиком."
"amdgroup-public","AMDgroup","https://amdgroup.kz/catalog/restavratsiya/gladilka_serpovidnaya_48_702xsi/","gladilka_serpovidnaya_48_702xsi","gladilka serpovidnaya 48 702xsi","","Стоматологические товары","piece","KZT","","","false","Публичная карточка AMDgroup; цена, остаток и compliance требуют подтверждения поставщиком."
"amdgroup-public","AMDgroup","https://amdgroup.kz/catalog/restavratsiya/gladilka_serpovidnaya_490_491xsi/","gladilka_serpovidnaya_490_491xsi","gladilka serpovidnaya 490 491xsi","","Стоматологические товары","piece","KZT","","","false","Публичная карточка AMDgroup; цена, остаток и compliance требуют подтверждения поставщиком."
"amdgroup-public","AMDgroup","https://amdgroup.kz/catalog/restavratsiya/gladilka_serpovidnaya_71_72xsi/","gladilka_serpovidnaya_71_72xsi","gladilka serpovidnaya 71 72xsi","","Стоматологические товары","piece","KZT","","","false","Публичная карточка AMDgroup; цена, остаток и compliance требуют подтверждения поставщиком."
"amdgroup-public","AMDgroup","https://amdgroup.kz/catalog/restavratsiya/gladilka_serpovidnaya_71_73xsi/","gladilka_serpovidnaya_71_73xsi","gladilka serpovidnaya 71 73xsi","","Стоматологические товары","piece","KZT","","","false","Публичная карточка AMDgroup; цена, остаток и compliance требуют подтверждения поставщиком."
"amdgroup-public","AMDgroup","https://amdgroup.kz/catalog/restavratsiya/gladilka_serpovidnaya_741_751xsi/","gladilka_serpovidnaya_741_751xsi","gladilka serpovidnaya 741 751xsi","","Стоматологические товары","piece","KZT","","","false","Публичная карточка AMDgroup; цена, остаток и compliance требуют подтверждения поставщиком."
"amdgroup-public","AMDgroup","https://amdgroup.kz/catalog/restavratsiya/gladilka_serpovidnaya_74_75xsi/","gladilka_serpovidnaya_74_75xsi","gladilka serpovidnaya 74 75xsi","","Стоматологические товары","piece","KZT","","","false","Публичная карточка AMDgroup; цена, остаток и compliance требуют подтверждения поставщиком."
"amdgroup-public","AMDgroup","https://amdgroup.kz/catalog/restavratsiya/gladilka_serpovidnaya_76_77xsi/","gladilka_serpovidnaya_76_77xsi","gladilka serpovidnaya 76 77xsi","","Стоматологические товары","piece","KZT","","","false","Публичная карточка AMDgroup; цена, остаток и compliance требуют подтверждения поставщиком."
"amdgroup-public","AMDgroup","https://amdgroup.kz/catalog/restavratsiya/gladilka_shtopfer_41_42xsi/","gladilka_shtopfer_41_42xsi","gladilka shtopfer 41 42xsi","","Стоматологические товары","piece","KZT","","","false","Публичная карточка AMDgroup; цена, остаток и compliance требуют подтверждения поставщиком."
"amdgroup-public","AMDgroup","https://amdgroup.kz/catalog/restavratsiya/gladilka_shtopfer_482_483ddes/","gladilka_shtopfer_482_483ddes","gladilka shtopfer 482 483ddes","","Стоматологические товары","piece","KZT","","","false","Публичная карточка AMDgroup; цена, остаток и compliance требуют подтверждения поставщиком."
"amdgroup-public","AMDgroup","https://amdgroup.kz/catalog/restavratsiya/gladilka_shtopfer_spatula_450_460xsi/","gladilka_shtopfer_spatula_450_460xsi","gladilka shtopfer spatula 450 460xsi","","Стоматологические товары","piece","KZT","","","false","Публичная карточка AMDgroup; цена, остаток и compliance требуют подтверждения поставщиком."
"amdgroup-public","AMDgroup","https://amdgroup.kz/catalog/restavratsiya/napraviteli_481_487xsi/","napraviteli_481_487xsi","napraviteli 481 487xsi","","Стоматологические товары","piece","KZT","","","false","Публичная карточка AMDgroup; цена, остаток и compliance требуют подтверждения поставщиком."
"amdgroup-public","AMDgroup","https://amdgroup.kz/catalog/restavratsiya/napraviteli_488_489xsi/","napraviteli_488_489xsi","napraviteli 488 489xsi","","Стоматологические товары","piece","KZT","","","false","Публичная карточка AMDgroup; цена, остаток и compliance требуют подтверждения поставщиком."
"amdgroup-public","AMDgroup","https://amdgroup.kz/catalog/restavratsiya/napraviteli_498_499xsi/","napraviteli_498_499xsi","napraviteli 498 499xsi","","Стоматологические товары","piece","KZT","","","false","Публичная карточка AMDgroup; цена, остаток и compliance требуют подтверждения поставщиком."
"amdgroup-public","AMDgroup","https://amdgroup.kz/catalog/restavratsiya/shpatel_43_47xsi/","shpatel_43_47xsi","shpatel 43 47xsi","","Стоматологические товары","piece","KZT","","","false","Публичная карточка AMDgroup; цена, остаток и compliance требуют подтверждения поставщиком."
"amdgroup-public","AMDgroup","https://amdgroup.kz/catalog/restavratsiya/shpatel_446_447xsi/","shpatel_446_447xsi","shpatel 446 447xsi","","Стоматологические товары","piece","KZT","","","false","Публичная карточка AMDgroup; цена, остаток и compliance требуют подтверждения поставщиком."
"amdgroup-public","AMDgroup","https://amdgroup.kz/catalog/restavratsiya/shtopfer_gladilka_29h_30hxsi/","shtopfer_gladilka_29h_30hxsi","shtopfer gladilka 29h 30hxsi","","Стоматологические товары","piece","KZT","","","false","Публичная карточка AMDgroup; цена, остаток и compliance требуют подтверждения поставщиком."
"amdgroup-public","AMDgroup","https://amdgroup.kz/catalog/restavratsiya/shtopfer_gladilka_30h_34xsi/","shtopfer_gladilka_30h_34xsi","shtopfer gladilka 30h 34xsi","","Стоматологические товары","piece","KZT","","","false","Публичная карточка AMDgroup; цена, остаток и compliance требуют подтверждения поставщиком."
"amdgroup-public","AMDgroup","https://amdgroup.kz/catalog/restavratsiya/shtopfer_gladilka_31_32ddes/","shtopfer_gladilka_31_32ddes","shtopfer gladilka 31 32ddes","","Стоматологические товары","piece","KZT","","","false","Публичная карточка AMDgroup; цена, остаток и compliance требуют подтверждения поставщиком."
"amdgroup-public","AMDgroup","https://amdgroup.kz/catalog/restavratsiya/shtopfer_gladilka_31_32xsi/","shtopfer_gladilka_31_32xsi","shtopfer gladilka 31 32xsi","","Стоматологические товары","piece","KZT","","","false","Публичная карточка AMDgroup; цена, остаток и compliance требуют подтверждения поставщиком."
"amdgroup-public","AMDgroup","https://amdgroup.kz/catalog/restavratsiya/shtopfer_gladilka_330_331xsi/","shtopfer_gladilka_330_331xsi","shtopfer gladilka 330 331xsi","","Стоматологические товары","piece","KZT","","","false","Публичная карточка AMDgroup; цена, остаток и compliance требуют подтверждения поставщиком."
"amdgroup-public","AMDgroup","https://amdgroup.kz/catalog/restavratsiya/shtopfer_gladilka_330_350xsi/","shtopfer_gladilka_330_350xsi","shtopfer gladilka 330 350xsi","","Стоматологические товары","piece","KZT","","","false","Публичная карточка AMDgroup; цена, остаток и compliance требуют подтверждения поставщиком."
"amdgroup-public","AMDgroup","https://amdgroup.kz/catalog/restavratsiya/shtopfer_gladilka_340_360xsi/","shtopfer_gladilka_340_360xsi","shtopfer gladilka 340 360xsi","","Стоматологические товары","piece","KZT","","","false","Публичная карточка AMDgroup; цена, остаток и compliance требуют подтверждения поставщиком."
"amdgroup-public","AMDgroup","https://amdgroup.kz/catalog/restavratsiya/shtopfer_gladilka_354_355xsi/","shtopfer_gladilka_354_355xsi","shtopfer gladilka 354 355xsi","","Стоматологические товары","piece","KZT","","","false","Публичная карточка AMDgroup; цена, остаток и compliance требуют подтверждения поставщиком."
